page	level	heading
1	2	ARCON
2	2	Disclaimer
2	2	Copyright Notice
2	2	Trademarks
3	2	CONFIDENTIAL
43	2	Disclaimer
43	2	Copyright Notice
43	2	Trademarks
43	2	Sales Contact
43	2	Conventions
45	1	1 ActivityLogs
45	2	1.1 GetAccessControlLogs
45	2	Type of Request POST
45	2	Endpoint /api/ActivityLogs/GetAccessControlLogs
45	2	Version
45	2	Release Version U4
45	2	Pre Endpoint Call /arconToken
45	2	Request Params - - - -
45	2	Headers Content-Type application/json Mandatory -
45	2	Body
45	1	1. For C# using Rest-Sharp, https://www.nuget.org/packages/RestSharp/105.2.3
45	1	2. For Java using OK HTTP: https://square.github.io/okhttp/
45	1	3. For Python
46	2	Response
46	2	Post Endpoint Call None
46	2	Supported Features NA
46	3	1.1.1 Data Types of Request and Response
46	2	Type Parameters Data Type Description
46	2	ARCON PAM
47	2	Type Parameters Data Type Description
47	2	PsrActivity_Timest
47	3	1.1.2 Code Blocks for ‘/GetAccessControlLogs’
47	2	Code For Javascript - Jquery Using AJAX
47	2	Code For C# Using RestSharp
48	2	Code For Java Using OkHttp
48	2	Code For Python Using Requests
48	2	1.2 InsertActivityLogs
48	2	Type of Request POST
48	2	Endpoint /api/ActivityLogs/InsertActivityLogs
48	2	Version
48	2	Release Version U4
48	2	Pre Endpoint Call /arconToken
49	2	Request Params - - - -
49	2	Headers Content-Type application/json Mandatory -
50	2	Body
51	2	Response
51	2	Post Endpoint Call None
51	2	Supported Features NA
51	3	1.2.1 Data Types of Request and Response
51	2	Type Parameters Data Type Description
51	2	ARCON PAM
51	2	PsrActivity_Timest
52	3	1.2.2 Code Blocks for ‘/InsertActivityLogs’
52	2	Code For Javascript - Jquery Using AJAX
52	2	JSON.stringify({"SessionId":"2004","LogType":"SSM","ActionPerformed":"","PsrMouseKey
52	2	Explorer)","PsrActivity_Details":"Left","PsrActivity_Timestamp":"01/01/2059
52	2	Name":"","IsEmailSent":"","FreeField1":"","FreeField2":"","FreeField3":"","FreeField
53	2	Code For C# Using RestSharp
53	2	\"Left\",\r\n    \"PsrKeyboardKeys\":\"\",\r\n    \"PsrApplication\":\"This PC
53	2	(Windows Explorer)\",\r\n    \"PsrActivity_Details\":\"Left\",\r\n
54	2	Code For Java Using OkHttp
55	2	Code For Python Using Requests
55	2	1.3 InsertFileWatcherLogs
55	2	Type of Request POST
55	2	Endpoint /api/ActivityLogs/InsertFileWatcherLogs
55	2	Version
55	2	Release Version U4
55	2	Pre Endpoint Call /arconToken
55	2	Request Params - - - -
55	2	Headers Content-Type application/json Mandatory -
56	2	Body
56	2	Response
56	2	"ResultMessage": "Inserted Successfully"
56	2	Post Endpoint Call None
56	2	Supported Features NA
56	3	1.3.1 Data Types of Request and Response
56	2	Type Parameters Data Type Description
56	2	ARCON PAM
57	2	Type Parameters Data Type Description
57	2	ServerAccessDateT
57	3	1.3.2 Code Blocks for ‘/InsertFileWatcherLogs’
57	2	Code For Javascript - Jquery Using AJAX
57	2	JSON.stringify({"SessionId":"2004","LogType":"FWATCH","ActionPerformed":"Renamed","F
58	2	Code For C# Using RestSharp
58	2	Code For Java Using OkHttp
59	2	Code For Python Using Requests
59	2	1.4 InsertOutOfArcosLogs
59	2	Type of Request POST
59	2	Endpoint /api/ActivityLogs/InsertOutOfArcosLogs
59	2	Version
59	2	Release Version U4
59	2	Pre Endpoint Call /arconToken
59	2	Request Params - - - -
59	2	Headers Content-Type application/json Mandatory -
60	2	Body
60	2	Response
60	2	"ResultMessage": "Inserted Successfully"
60	2	Post Endpoint Call None
60	2	Supported Features NA
60	3	1.4.1 Data Types of Request and Response
60	2	Type Parameters Data Type Description
60	2	ARCON PAM
60	2	ServerAccessDateT
61	2	Type Parameters Data Type Description
61	3	1.4.2 Code Blocks for ‘/InsertOutOfArcosLogs’
61	2	Code For Javascript - Jquery Using AJAX
61	2	JSON.stringify({"SessionId":"3","LogType":"OOA","ActionPerformed":"1","ServerIPAddre
62	2	Code For C# Using RestSharp
62	2	Code For Java Using OkHttp
63	2	Code For Python Using Requests
63	2	1.5 InsertPsrLogs
63	2	Type of Request POST
63	2	Endpoint /api/ActivityLogs/InsertPsrLogs
63	2	Version
63	2	Release Version U4
63	2	Pre Endpoint Call /arconToken
63	2	Request Params - - - -
63	2	Headers Content-Type application/json Mandatory -
64	2	Body
64	2	Response
64	2	"ResultMessage": "Inserted Successfully"
64	2	Post Endpoint Call None
64	2	Supported Features NA
64	3	1.5.1 Data Types of Request and Response
64	2	Type Parameters Data Type Description
64	2	ARCON PAM
65	2	Type Parameters Data Type Description
65	2	PsrActivity_Timest
65	3	1.5.2 Code Blocks for ‘/InsertPsrLogs’
65	2	Code For Javascript - Jquery Using AJAX
65	2	JSON.stringify({"SessionId":"2023","LogType":"PSR","ActionPerformed":"","PsrMouseKey
65	2	(Google Chrome)","PsrActivity_Details":"Key Backspace
66	2	Code For C# Using RestSharp
66	2	\r\n    \"PsrKeyboardKeys\":\"Backspace\",\r\n    \"PsrApplication\":\"New Tab -
66	2	Google Chrome (Google Chrome)\",\r\n    \"PsrActivity_Details\":\"Key Backspace
66	2	Pressed.\",\r\n    \"PsrActivity_Timestamp\":\"01/01/2059 11:59:00\",\r\n
66	2	Code For Java Using OkHttp
66	2	\"PsrApplication\":\"New Tab - Google Chrome (Google Chrome)\",\r\n
66	2	\"PsrActivity_Details\":\"Key Backspace Pressed.\",\r\n
67	2	Code For Python Using Requests
67	2	\"Backspace\",\r\n    \"PsrApplication\":\"New Tab - Google Chrome (Google Chrome)
67	2	\",\r\n    \"PsrActivity_Details\":\"Key Backspace Pressed.\",\r\n
67	2	1.6 InsertPsrBulkLogs
67	2	Type of Request POST
67	2	Endpoint /api/ActivityLogs/InsertPsrBulkLogs
67	2	Version
67	2	Release Version U4
67	2	Pre Endpoint Call /arconToken
67	2	Request Params - - - -
67	2	Headers Content-Type application/json Mandatory -
68	2	Body
68	2	"PsrApplication_name":"New Tab - Google Chrome (Google
68	2	Response
68	2	Post Endpoint Call None
68	2	Supported Features NA
68	3	1.6.1 Data Types of Request and Response
68	2	Type Parameters Data Type Description
68	2	ARCON PAM
69	2	Type Parameters Data Type Description
69	2	PsrApplication_na
69	2	PsrActivity_Timest
69	3	1.6.2 Code Blocks for ‘/InsertPsrBulkLogs’
69	2	Code For Javascript - Jquery Using AJAX
69	2	JSON.stringify([{"SessionId":"2023","al_typr":"PSR","PsrMouseKeys":"Left","PsrKeyboa
69	2	Explorer)","PsrActivity_Details":"Left","PsrActivity_Timestamp":"01/01/2059
69	2	"PsrApplication_name":"New Tab - Google Chrome (Google
69	2	Chrome)","PsrActivity_Details":"Key Backspace
69	2	Pressed.","PsrActivity_Timestamp":"01/01/2059
70	2	Code For C# Using RestSharp
70	2	\"PsrKeyboardKeys\":\"\",\r\n    \"PsrApplication_name\":\"This PC (Windows
70	2	Explorer)\",\r\n    \"PsrActivity_Details\":\"Left\",\r\n
70	2	\r\n    \"PsrKeyboardKeys\":\"Backspace\",\r\n    \"PsrApplication_name\":\"New Tab
70	2	- Google Chrome (Google Chrome)\",\r\n    \"PsrActivity_Details\":\"Key Backspace
70	2	Pressed.\",\r\n    \"PsrActivity_Timestamp\":\"01/01/2059 11:59:00\",\r\n
71	2	Code For Java Using OkHttp
71	2	\"PsrKeyboardKeys\":\"\",\r\n    \"PsrApplication_name\":\"This PC (Windows
71	2	Explorer)\",\r\n    \"PsrActivity_Details\":\"Left\",\r\n
71	2	\r\n    \"PsrKeyboardKeys\":\"Backspace\",\r\n    \"PsrApplication_name\":\"New Tab
71	2	- Google Chrome (Google Chrome)\",\r\n    \"PsrActivity_Details\":\"Key Backspace
71	2	Pressed.\",\r\n    \"PsrActivity_Timestamp\":\"01/01/2059 11:59:00\",\r\n
72	2	Code For Python Using Requests
72	2	\"PsrApplication_name\":\"This PC (Windows Explorer)\",\r\n
72	2	\"PsrApplication_name\":\"New Tab - Google Chrome (Google Chrome)\",\r\n
72	2	\"PsrActivity_Details\":\"Key Backspace Pressed.\",\r\n
72	2	1.7 InsertSSMLogs
72	2	Type of Request POST
72	2	Endpoint /api/ActivityLogs/InsertSSMLogs
72	2	Version
72	2	Release Version U4
72	2	Pre Endpoint Call /arconToken
72	2	Request Params - - - -
72	2	Headers Content-Type application/json Mandatory -
73	2	Body
73	2	Response
73	2	Post Endpoint Call None
73	2	Supported Features NA
73	3	1.7.1 Data Types of Request and Response
73	2	Type Parameters Data Type Description
73	2	ARCON PAM
73	2	PsrApplication_na
73	2	PsrActivity_Timest
74	2	Type Parameters Data Type Description
74	3	1.7.2 Code Blocks for ‘/InsertSSMLogs’
74	2	Code For Javascript - Jquery Using AJAX
74	2	Code For C# Using RestSharp
75	2	Code For Java Using OkHttp
75	2	Code For Python Using Requests
75	2	1.8 GetSsmVideoPath
75	2	Type of Request POST
75	2	Endpoint /api/ActivityLogs/GetSsmVideoPath
75	2	Version
76	2	Release Version U9
76	2	Pre Endpoint Call /arconToken
76	2	Request Params - - - -
76	2	Headers Content-Type application/json Mandatory -
76	2	Query
76	2	String
76	2	Paramete
76	2	Response
76	2	Post Endpoint Call All API's
76	2	Supported Features ARCOS Log Archiver Service
76	3	1.8.1 Data Types of Request and Response
76	2	Type Parameters Data Type Description
76	2	ARCON PAM
76	2	PAM
77	3	1.8.2 Code Blocks for '/GetSsmVideoPath'
77	2	Code For Javascript - Jquery Using AJAX
77	2	Code For C# Using RestSharp
77	2	Code For Java Using OkHttp
78	2	Code For Python Using Requests
78	2	1.9 GetVideoForTextLogs
78	2	Request POST
78	2	Endpoint /api/ActivityLogs/GetVideoForTextLogs
78	2	Version
78	2	Release Version U16
78	2	Pre Endpoint Call /arconToken
78	2	Request Params - - - -
78	2	Headers Content-Type application/json Mandatory -
78	2	Body
78	2	N/A
78	2	Response
78	2	Response Time
79	2	Post Endpoint Call None
79	2	Supported Features NA
79	3	1.9.1 Data Types of Request and Response
79	2	Type Parameters Data Type Description
79	2	Request
79	2	Response
79	3	1.9.2 Code Blocks for '/GetVideoForTextLogs'
79	2	Code For Javascript - Jquery Using AJAX
79	2	Code For C# Using RestSharp
79	2	Code For Java Using OkHttp
79	2	Code For Python Using Requests
79	2	1.10 InsertTextLogsNew
79	2	Request POST
79	2	Endpoint /api/ActivityLogs/InsertTextLogsNew
79	2	Version
79	2	Release Version U16
80	2	Pre Endpoint Call /arconToken
80	2	Request Params - - - -
80	2	Headers Content-Type application/json Mandatory -
80	2	Body
80	2	Response
80	2	Response Time
80	2	Post Endpoint Call None
80	2	Supported Features NA
80	3	1.10.1 Data Types of Request and Response
80	2	Type Parameters Data Type Description
80	2	Request
80	2	Response
80	3	1.10.2 Code Blocks for '/InsertTextLogsNew'
80	2	Code For Javascript - Jquery Using AJAX
80	2	Code For C# Using RestSharp
81	2	Code For Java Using OkHttp
81	2	Code For Python Using Requests
81	2	1.11 InsertSSMLogsNew
81	2	Request POST
81	2	Endpoint /api/ActivityLogs/InsertSSMLogsNew
81	2	Version
81	2	Release Version U16
81	2	Pre Endpoint Call /arconToken
81	2	Request Params - - - -
81	2	Headers Content-Type application/json Mandatory -
81	2	Body
81	2	Response
81	2	Response Time
81	2	Post Endpoint Call None
81	2	Supported Features NA
82	3	1.11.1 Data Types of Request and Response
82	2	Type Parameters Data Type Description
82	2	Request
82	2	Response
82	3	1.11.2 Code Blocks for '/InsertSSMLogsNew'
82	2	Code For Javascript - Jquery Using AJAX
82	2	Code For C# Using RestSharp
82	2	Code For Java Using OkHttp
82	2	Code For Python Using Requests
83	1	2 AGWConfiguration
83	2	2.1 GetAGWConfiguration
83	2	Type of Request POST
83	2	Endpoint /api/AGWConfiguration/GetAGWConfiguration
83	2	Version
83	2	Release Version U3
83	2	Pre Endpoint Call /arconToken
83	2	Request Params - - - -
83	2	Headers Content-Type application/json Mandatory -
83	2	Body
83	1	1. For C# using Rest-Sharp, https://www.nuget.org/packages/RestSharp/105.2.3
83	1	2. For Java using OK HTTP: https://square.github.io/okhttp/
83	1	3. For Python
84	2	Response
84	2	Post Endpoint Call All API's
84	2	Supported Features NA
84	3	2.1.1 Data Types of Request and Response
84	2	Type Parameters Data Type Description
85	2	Type Parameters Data Type Description
85	2	AtsUserAssignedSe
86	2	Type Parameters Data Type Description
86	3	2.1.2 Code Blocks for '/GetAtsConfiguration'
86	2	Code For Javascript - Jquery Using AJAX
86	2	Code For C# Using RestSharp
87	2	Code For Java Using OkHttp
87	2	Code For Python Using Requests
87	2	2.2 InsertAGWConfiguration
87	2	Type of Request POST
87	2	Endpoint /api/AGWConfiguration/InsertAGWConfiguration
87	2	Version
87	2	Release Version U3
87	2	Pre Endpoint Call /arconToken
87	2	Request Params - - - -
88	2	Headers Content-Type application/json Mandatory -
88	2	Body
88	2	Response
88	2	Post Endpoint Call All API's
88	2	Supported Features NA
88	3	2.2.1 Data Types of Request and Response
88	2	Type Parameters Data Type Description
89	2	Type Parameters Data Type Description
90	3	2.2.2 Code Blocks for '/InsertAGWConfiguration'
90	2	Code For Javascript - Jquery Using AJAX
90	2	"data": JSON.stringify({"AtsConfigName":"ATS Test2","AtsDescription":"testing ATS
90	2	SM","AtsUrl":"https://10.11.1.11/Software/
90	2	HTML5.html","AtsUserName":"User1","AtsPassword":"User@12","AtsIsActive":1,"AtsCreate
90	2	Code For C# Using RestSharp
91	2	Code For Java Using OkHttp
91	2	Code For Python Using Requests
91	2	\"AtsDescription\":\"testing ATS SM\",\r\n        \"AtsUrl\":\"https://10.11.1.11/
91	2	Software/HTML5.html\",\r\n        \"AtsUserName\":\"User1\",\r\n
91	2	2.3 UpdateAGWConfiguration
92	2	Type of Request POST
92	2	Endpoint /api/AGWConfiguration/UpdateAGWConfiguration
92	2	Version
92	2	Release Version U3
92	2	Pre Endpoint Call /arconToken
92	2	Request Params - - - -
92	2	Headers Content-Type application/json Mandatory -
92	2	Body
93	2	Response
93	2	Post Endpoint Call All API's
93	2	Supported Features NA
93	3	2.3.1 Data Types of Request and Response
93	2	Type Parameters Data Type Description
94	2	Type Parameters Data Type Description
95	3	2.3.2 Code Blocks for '/UpdateAGWConfiguration'
95	2	Code For Javascript - Jquery Using AJAX
95	2	"data": JSON.stringify({"AtsId":"26","AtsConfigName":"ATS
95	2	Test2","AtsDescription":"testing ATS SM","AtsUrl":"https://10.11.1.11/Software/
95	2	HTML5.html","AtsUserName":"User1","AtsPassword":"User@12","AtsIsActive":1,"AtsModifi
95	2	Code For C# Using RestSharp
96	2	Code For Java Using OkHttp
96	2	\r\n        \"AtsConfigName\":\"ATS Test2\",\r\n        \"AtsDescription\":\"testing
96	2	ATS SM\",\r\n        \"AtsUrl\":\"https://10.11.1.11/Software/HTML5.html\",\r\n
96	2	Code For Python Using Requests
96	2	2.4 DeleteAGWConfiguration
97	2	Type of Request POST
97	2	Endpoint /api/AGWConfiguration/DeleteAGWConfiguration
97	2	Version
97	2	Release Version U3
97	2	Pre Endpoint Call /arconToken
97	2	Request Params - - - -
97	2	Headers Content-Type application/json Mandatory -
97	2	Body
97	2	Response
97	2	Post Endpoint Call All API's
97	2	Supported Features NA
97	3	2.4.1 Data Types of Request and Response
97	2	Type Parameters Data Type Description
98	3	2.4.2 Code Blocks for '/DeleteAGWConfiguration'
98	2	Code For Javascript - Jquery Using AJAX
98	2	Code For C# Using RestSharp
99	2	Code For Java Using OkHttp
99	2	Code For Python Using Requests
100	1	3 AGWMapping
100	2	3.1 GetAllActiveAGWServers
100	2	Type of Request POST
100	2	Endpoint /api/ATSMapping/GetAllActiveAGWServers
100	2	Version
100	2	Release Version U3
100	2	Pre Endpoint Call /arconToken
100	2	Request Params - - - -
100	2	Headers Content-Type application/json Mandatory -
100	1	1. For C# using Rest-Sharp, https://www.nuget.org/packages/RestSharp/105.2.3
100	1	2. For Java using OK HTTP: https://square.github.io/okhttp/
100	1	3. For Python
101	2	Response
101	2	Post Endpoint Call All API's
101	2	Supported Features NA
101	3	3.1.1 Data Types of Request and Response
101	2	Type Parameters Data Type Description
101	2	Request No Parameters
102	2	Type Parameters Data Type Description
102	2	UpdateOnlyPrefPa
102	3	3.1.2 Code Blocks for '/GetAllActiveAGWServers'
102	2	Code For Javascript - Jquery Using AJAX
102	2	Code For C# Using RestSharp
103	2	Code For Java Using OkHttp
103	2	Code For Python Using Requests
103	2	3.2 GetAllActiveAGWServersforSM
103	2	Type of Request POST
103	2	Endpoint /api/AGWMapping/GetAllActiveAGWServersforSM
103	2	Version
103	2	Release Version U3
103	2	Pre Endpoint Call /arconToken
103	2	Request Params - - - -
104	2	Headers Content-Type application/json Mandatory -
104	2	Response
104	2	Post Endpoint Call All API's
104	2	Supported Features NA
104	3	3.2.1 Data Types of Request and Response
104	2	Type Parameters Data Type Description
104	2	Request No Parameters
105	2	Type Parameters Data Type Description
105	2	UpdateOnlyPrefPa
105	3	3.2.2 Code Blocks for '/GetAllActiveAGWServersforSM'
105	2	Code For Javascript - Jquery Using AJAX
106	2	Code For C# Using RestSharp
106	2	Code For Java Using OkHttp
106	2	Code For Python Using Requests
107	2	3.3 AGWGetMappedServices
107	2	Type of Request POST
107	2	Endpoint /api/AGWMapping/AGWGetMappedServices
107	2	Version
107	2	Release Version U3
107	2	Pre Endpoint Call /arconToken
107	2	Request Params - - - -
107	2	Headers Content-Type application/json Mandatory -
107	2	Body
108	2	Response
109	2	Post Endpoint Call All API's
109	2	Supported Features NA
109	3	3.3.1 Data Types of Request and Response
109	2	Type Parameters Data Type Description
109	2	UpdateOnlyPrefPa
110	3	3.3.2 Code Blocks for '/AGWGetMappedServices'
110	2	Code For Javascript - Jquery Using AJAX
110	2	Code For C# Using RestSharp
111	2	Code For Java Using OkHttp
111	2	Code For Python Using Requests
111	2	3.4 AGWGetUnMappedServices
111	2	Type of Request POST
111	2	Endpoint /api/AGWMapping/AGWGetUnMappedServices
111	2	Version
111	2	Release Version U3
111	2	Pre Endpoint Call /arconToken
112	2	Request Params - - - -
112	2	Headers Content-Type application/json Mandatory -
112	2	Body
113	2	Response
114	2	Post Endpoint Call All API's
114	2	Supported Features NA
114	3	3.4.1 Data Types of Request and Response
114	2	Type Parameters Data Type Description
114	2	UpdateOnlyPrefPa
115	3	3.4.2 Code Blocks for '/AGWGetUnMappedServices'
115	2	Code For Javascript - Jquery Using AJAX
115	2	Code For C# Using RestSharp
116	2	Code For Java Using OkHttp
116	2	Code For Python Using Requests
116	2	3.5 AGWReviewServices
116	2	Type of Request POST
116	2	Endpoint /api/AGWMapping/AGWReviewServices
116	2	Version
116	2	Release Version U3
116	2	Pre Endpoint Call /arconToken
117	2	Request Params - - - -
117	2	Headers Content-Type application/json Mandatory -
117	2	Body
118	2	Response
119	2	Post Endpoint Call All API's
119	2	Supported Features NA
119	3	3.5.1 Data Types of Request and Response
119	2	Type Parameters Data Type Description
119	2	UpdateOnlyPrefPa
120	3	3.5.2 Code Blocks for '/AGWReviewServices'
120	2	Code For Javascript - Jquery Using AJAX
120	2	Code For C# Using RestSharp
121	2	Code For Java Using OkHttp
121	2	Code For Python Using Requests
121	2	3.6 GetPreferencePath
121	2	Type of Request POST
121	2	Endpoint /api/AGWMapping/GetPreferencePath
121	2	Version
121	2	Release Version U3
121	2	Pre Endpoint Call /arconToken
122	2	Request Params - - - -
122	2	Headers Content-Type application/json Mandatory -
122	2	Body
122	2	Response
122	2	Post Endpoint Call All API's
122	2	Supported Features NA
122	3	3.6.1 Data Types of Request and Response
122	2	Type Parameters Data Type Description
123	2	Type Parameters Data Type Description
123	2	ARCON PAM
123	2	ARCON PAM
123	2	ARCON PAM
123	2	ARCON PAM
123	3	3.6.2 Code Blocks for '/GetPreferencePath'
123	2	Code For Javascript - Jquery Using AJAX
124	2	Code For C# Using RestSharp
124	2	Code For Java Using OkHttp
125	2	Code For Python Using Requests
125	2	3.7 InsertPreferencePath
125	2	Type of Request POST
125	2	Endpoint /api/AGWMapping/InsertPreferencePath
125	2	Version
125	2	Release Version U3
125	2	Pre Endpoint Call /arconToken
125	2	Request Params - - - -
125	2	Headers Content-Type application/json Mandatory -
126	2	Body
126	2	Response
126	2	Post Endpoint Call All API's
126	2	Supported Features NA
126	3	3.7.1 Data Types of Request and Response
126	2	Type Parameters Data Type Description
126	2	ARCON PAM
126	2	ARCON PAM
127	3	3.7.2 Code Blocks for '/InsertPreferencePath'
127	2	Code For Javascript - Jquery Using AJAX
127	2	Code For C# Using RestSharp
128	2	Code For Java Using OkHttp
128	2	Code For Python Using Requests
128	2	3.8 UpdateAGWIdInServices
128	2	Type of Request POST
128	2	Endpoint /api/AGWMapping/UpdateAGWIdInServices
128	2	Version
128	2	Release Version U3
129	2	Pre Endpoint Call /arconToken
129	2	Request Params - - - -
129	2	Headers Content-Type application/json Mandatory -
129	2	Body
129	2	Response
129	2	Post Endpoint Call All API's
129	2	Supported Features NA
130	3	3.8.1 Data Types of Request and Response
130	2	Type Parameters Data Type Description
130	2	ARCON PAM
130	2	ARCON PAM
130	3	3.8.2 Code Blocks for '/UpdateAGWIdInServices'
130	2	Code For Javascript - Jquery Using AJAX
130	2	JSON.stringify([{"ServiceId":2,"UpdateOnlyPrefPath":1,"AtsId":1,"SsPreferencePath":"
131	2	Code For C# Using RestSharp
131	2	Code For Java Using OkHttp
132	2	Code For Python Using Requests
133	1	4 APEMTool
133	2	4.1 SubmitLogData
133	2	Type of Request POST
133	2	Endpoint /api/APEMTool/SubmitLogData
133	2	Version
133	2	Release Version U4
133	2	Pre Endpoint Call /arconToken
133	2	Request Params - - - -
133	2	Headers Content-Type application/json Mandatory -
133	2	Body
134	2	Response
134	2	Post Endpoint Call NA
134	2	Supported Features NA
134	3	4.1.1 Data Types of Request and Response
134	2	Type Parameters Data Type Description
134	2	Request
134	2	EnvelopeGenrated
134	2	Genrated
134	2	EnvelopeGenrated
135	2	Type Parameters Data Type Description
135	3	4.1.2 Code Blocks for ‘/SubmitLogData’
135	2	Code For Javascript - Jquery Using AJAX
136	2	Code For C# Using RestSharp
136	2	Code For Java Using OkHttp
137	2	Code For Python Using Requests
138	1	5 ARCONLAMMiddleware
138	2	5.1 SetPAMUserDetails
138	2	Request POST
138	2	Endpoint /api/ARCONLAMMiddleware/SetPAMUserDetails
138	2	Version
138	2	Release Version U16
138	2	Pre Endpoint Call /arconToken
138	2	Request Params - - - -
138	2	Headers Content-Type application/json Mandatory -
138	2	Body
138	2	Response
138	2	Response Time
138	2	Post Endpoint Call None
138	2	Supported Features NA
138	3	5.1.1 Data Types of Request and Response
138	2	Type Parameters Data Type Description
138	2	Request
138	2	Response
139	3	5.1.2 Code Blocks for '/SetPAMUserDetails'
139	2	Code For Javascript - Jquery Using AJAX
139	2	Code For C# Using RestSharp
139	2	Code For Java Using OkHttp
139	2	Code For Python Using Requests
140	1	6 ARSIMServer
140	2	6.1 GetOSVersion
140	2	Type of Request POST
140	2	Endpoint /api/ARSIMServer/GetOSVersion
140	2	Version
140	2	Release Version U4
140	2	Pre Endpoint Call /arconToken
140	2	Request Params - - - -
140	2	Headers Content-Type application/json Mandatory -
140	1	1. For C# using Rest-Sharp, https://www.nuget.org/packages/RestSharp/105.2.3
140	1	2. For Java using OK HTTP: https://square.github.io/okhttp/
140	1	3. For Python
141	2	Response
141	2	"asm_version": "Windows Microsoft Windows Server
141	2	"asm_version": "Windows Microsoft Windows Server 2008
141	2	"asm_version": "Windows Microsoft Windows Server
141	2	"asm_version": "Windows Microsoft Windows Server 2012
141	2	"asm_version": "Windows Microsoft Windows Server
142	2	Post Endpoint Call None
142	2	Supported Features NA
142	3	6.1.1 Data Types of Request and Response
142	2	Type Parameters Data Type Description
142	2	Request No Parameters
142	3	6.1.2 Code Blocks for ‘/GetOSVersion’
142	2	Code For Javascript - Jquery Using AJAX
143	2	Code For C# Using RestSharp
143	2	Code For Java Using OkHttp
143	2	Code For Python Using Requests
144	2	6.2 GetScheduler
144	2	Type of Request POST
144	2	Endpoint /api/ARSIMServer/GetScheduler
144	2	Version
144	2	Release Version U4
144	2	Pre Endpoint Call /arconToken
144	2	Request Params - - - -
144	2	Headers Content-Type application/json Mandatory -
145	2	Response
146	2	Post Endpoint Call None
146	2	Supported Features NA
146	3	6.2.1 Data Types of Request and Response
146	2	Type Parameters Data Type Description
146	2	Request No Parameters
147	2	Type Parameters Data Type Description
148	3	6.2.2 Code Blocks for ‘/GetScheduler’
148	2	Code For Javascript - Jquery Using AJAX
148	2	Code For C# Using RestSharp
149	2	Code For Java Using OkHttp
149	2	Code For Python Using Requests
149	2	6.3 GetArsimServerDetails
149	2	Type of Request POST
149	2	Endpoint /api/ARSIMServer/GetArsimServerDetails
149	2	Version
149	2	Release Version U4
149	2	Pre Endpoint Call /arconToken
149	2	Request Params - - - -
150	2	Headers Content-Type application/json Mandatory -
150	2	Body
150	2	Response
150	2	"version_name": "Windows Microsoft Windows Server
150	2	Post Endpoint Call None
150	2	Supported Features NA
151	3	6.3.1 Data Types of Request and Response
151	2	Type Parameters Data Type Description
152	3	6.3.2 Code Blocks for ‘/GetArsimServerDetails’
152	2	Code For Javascript - Jquery Using AJAX
152	2	Code For C# Using RestSharp
153	2	Code For Java Using OkHttp
153	2	Code For Python Using Requests
153	2	6.4 InsertArsimServerDetails
153	2	Type of Request POST
153	2	Endpoint /api/ARSIMServer/InsertArsimServerDetails
153	2	Version
153	2	Release Version U4
153	2	Pre Endpoint Call /arconToken
153	2	Request Params - - - -
154	2	Headers Content-Type application/json Mandatory -
154	2	Body
154	2	Response
154	2	Post Endpoint Call None
154	2	Supported Features NA
154	3	6.4.1 Data Types of Request and Response
154	2	Type Parameters Data Type Description
155	2	Type Parameters Data Type Description
155	3	6.4.2 Code Blocks for ‘/InsertArsimServerDetails’
155	2	Code For Javascript - Jquery Using AJAX
155	2	JSON.stringify({"asm_id":"4","asm_ip":"10.11.1.11","asm_host":"10.11.1.11","asm_doma
156	2	Code For C# Using RestSharp
156	2	Code For Java Using OkHttp
157	2	Code For Python Using Requests
157	2	6.5 UpdateArsimServerDetails
157	2	Type of Request POST
157	2	Endpoint /api/ARSIMServer/UpdateArsimServerDetails
157	2	Version
157	2	Release Version U4
157	2	Pre Endpoint Call /arconToken
157	2	Request Params - - - -
157	2	Headers Content-Type application/json Mandatory -
158	2	Body
158	2	Response
158	2	Post Endpoint Call None
158	2	Supported Features NA
159	3	6.5.1 Data Types of Request and Response
159	2	Type Parameters Data Type Description
159	3	6.5.2 Code Blocks for ‘/UpdateArsimServerDetails’
159	2	Code For Javascript - Jquery Using AJAX
159	2	JSON.stringify({"asm_id":"12","asm_ip":"10.11.1.11","asm_host":"10.11.1.11","asm_dom
160	2	Code For C# Using RestSharp
160	2	Code For Java Using OkHttp
161	2	Code For Python Using Requests
161	2	6.6 DeleteArsimServerDetails
161	2	Type of Request POST
161	2	Endpoint /api/ARSIMServer/DeleteArsimServerDetails
161	2	Version
161	2	Release Version U4
161	2	Pre Endpoint Call /arconToken
161	2	Request Params - - - -
161	2	Headers Content-Type application/json Mandatory -
161	2	Body
162	2	Response
162	2	Post Endpoint Call None
162	2	Supported Features NA
162	3	6.6.1 Data Types of Request and Response
162	2	Type Parameters Data Type Description
162	3	6.6.2 Code Blocks for ‘/DeleteArsimServerDetails’
162	2	Code For Javascript - Jquery Using AJAX
163	2	Code For C# Using RestSharp
163	2	Code For Java Using OkHttp
164	2	Code For Python Using Requests
165	1	7 ATSConfiguration
165	2	7.1 GetAtsConfiguration
165	2	Request POST
165	2	Endpoint /api/ATSConfiguration/GetAtsConfiguration
165	2	Available
165	2	Version
165	2	Release
165	2	Version
165	2	U16
165	2	Pre
165	2	Endpoint
165	2	Call
165	2	Req
165	2	Para
165	2	Head
165	2	Content-
165	2	Type
165	2	Mandatory -
165	2	Authoriza
165	2	Version
165	2	- Not Applicable -
165	2	Body
166	2	Response
166	2	Response
166	2	Time
166	1	4790 milliseconds
167	2	Post
167	2	Endpoint
167	2	Call
167	2	None
167	2	Supported
167	2	Features
167	3	7.1.1 Data Types of Request and Response
167	2	Type Parameters Data Type Description
167	2	Request AtsId
167	2	AtsConfigName
167	2	AtsDescription
167	2	AtsUrl
167	2	AtsUserName
167	2	Response AtsId
167	2	AtsConfigName
167	2	AtsDescription
167	2	AtsUrl
167	2	AtsUserName
167	2	AtsPassword
167	2	AtsExePath
167	2	AtsDirectoryPath
167	2	AtsLobId
167	2	AtsServiceTypeId
167	2	AtsUserAssignedSe
167	2	AtsIsActive
167	2	AtsCreatedOn
167	2	AtsCreatedBy
167	2	AtsModifiedOn
167	2	AtsModifiedBy
167	2	AtsDmz
168	2	Type Parameters Data Type Description
168	2	ServiceIp
168	2	ServiceUser
168	2	ServiceDomain
168	2	AtsPin
168	2	AtsIsDelete
168	2	AtsUseForSM
168	3	7.1.2 Code Blocks for '/GetAtsConfiguration'
168	2	Code For Javascript - Jquery Using AJAX
168	2	"data": JSON.stringify({
169	2	Code For C# Using RestSharp
170	2	Code For Java Using OkHttp
170	2	Jzc5nXVHyFEghQPpwf0yl7Q")
171	2	Code For Python Using Requests
171	2	7.2 UpdateAtsConfiguration
171	2	Request POST
171	2	Endpoint /api/ATSConfiguration/UpdateAtsConfiguration
171	2	Version
171	2	Release Version U16
171	2	Pre Endpoint Call /arconToken
171	2	Request Params - - - -
171	2	Headers Content-Type application/json Mandatory -
172	2	Body
173	2	Response
173	2	Post Endpoint Call None
173	2	Supported Features NA
173	3	7.2.1 Data Types of Request and Response
173	2	Type Parameters Data Type Description
173	2	Request AtsId
173	2	AtsConfigName
174	2	Type Parameters Data Type Description
174	2	AtsUrl
174	2	AtsUserName
174	2	AtsPassword
174	2	AtsPin
174	2	Response AtsId
174	2	AtsConfigName
174	2	AtsDescription
174	2	AtsUrl
174	2	AtsUserName
174	2	AtsPassword
174	2	AtsExePath
174	2	AtsDirectoryPath
174	2	AtsLobId
174	2	AtsServiceTypeId
174	2	AtsUserAssignedSe
174	2	AtsIsActive
174	2	AtsCreatedOn
174	2	AtsCreatedBy
174	2	AtsModifiedOn
174	2	AtsModifiedBy
174	2	AtsDmz
174	2	ServiceIp
174	2	ServiceUser
174	2	ServiceDomain
174	2	AtsPin
174	2	AtsIsDelete
175	2	Type Parameters Data Type Description
175	2	AtsUseForSM
175	3	7.2.2 Code Blocks for '/UpdateAtsConfiguration'
175	2	Code For Javascript - Jquery Using AJAX
175	2	"data": JSON.stringify({
176	2	Code For C# Using RestSharp
177	2	Code For Java Using OkHttp
177	2	Jzc5nXVHyFEghQPpwf0yl7Q")
178	2	Code For Python Using Requests
178	2	7.3 InsertAtsConfiguration
178	2	Request POST
178	2	Endpoint /api/ATSConfiguration/InsertAtsConfiguration
178	2	Version
178	2	Release Version U16
178	2	Pre Endpoint Call /arconToken
178	2	Request Params - - - -
178	2	Headers Content-Type application/json Mandatory -
179	2	Body
179	2	Response
179	2	Post Endpoint Call None
179	2	Supported Features NA
179	3	7.3.1 Data Types of Request and Response
179	2	Type Parameters Data Type Description
179	2	Request AtsId
179	2	AtsConfigName
179	2	AtsDescription
179	2	AtsUrl
180	2	Type Parameters Data Type Description
180	2	AtsUserName
180	2	AtsPassword
180	2	AtsExePath
180	2	AtsDirectoryPath
180	2	AtsPin
180	2	AtsIsActive
180	2	AtsUseForSM
180	2	AtsDmz
180	2	Response Message
181	3	7.3.2 Code Blocks for '/InsertAtsConfiguration'
181	2	Code For Javascript - Jquery Using AJAX
181	2	"data": JSON.stringify({
182	2	Code For C# Using RestSharp
183	2	Code For Java Using OkHttp
183	2	Jzc5nXVHyFEghQPpwf0yl7Q")
184	2	Code For Python Using Requests
184	2	7.4 DeleteAtsConfiguration
184	2	Request POST
184	2	Endpoint /api/ATSConfiguration/DeleteAtsConfiguration
184	2	Version
184	2	Release Version U16
185	2	Pre Endpoint Call /arconToken
185	2	Request Params - - - -
185	2	Headers Content-Type application/json Mandatory -
185	2	Body
185	2	Response
185	2	Post Endpoint Call None
185	2	Supported Features NA
185	3	7.4.1 Data Types of Request and Response
185	2	Type Parameters Data Type Description
185	2	Request AtsId
185	2	Response Message
186	3	7.4.2 Code Blocks for '/DeleteAtsConfiguration'
186	2	Code For Javascript - Jquery Using AJAX
186	2	"data": JSON.stringify({
187	2	Code For C# Using RestSharp
187	2	Code For Java Using OkHttp
187	2	Jzc5nXVHyFEghQPpwf0yl7Q")
188	2	Code For Python Using Requests
189	1	8 ATSMapping
189	2	8.1 GetAllActiveATSServers
189	2	Request POST
189	2	Endpoint /api/ATSMapping/GetAllActiveATSServers
189	2	Version
189	2	Release Version U16
189	2	Pre Endpoint Call /arconToken
189	2	Request Params - - - -
189	2	Headers Content-Type application/json Mandatory -
189	2	Body
189	2	N/A
190	2	Response
190	2	Post Endpoint Call None
190	2	Supported Features NA
190	3	8.1.1 Data Types of Request and Response
190	2	Type Parameters Data Type Description
190	2	Request
190	2	Response ServiceId
190	2	ServerIp
190	2	UserName
190	2	DomainName
190	2	HostName
190	2	AtsId
190	2	AtsConfigName
190	2	UseOnlyATS
191	2	Type Parameters Data Type Description
191	2	SsPreferencePath
191	2	UpdateOnlyPrefPa
191	3	8.1.2 Code Blocks for '/GetAllActiveATSServers'
191	2	Code For Javascript - Jquery Using AJAX
192	2	Code For C# Using RestSharp
192	2	Code For Java Using OkHttp
192	2	Jzc5nXVHyFEghQPpwf0yl7Q")
193	2	Code For Python Using Requests
193	2	8.2 GetAllActiveATSServersforSM
193	2	Request POST
193	2	Endpoint /api/ATSMapping/GetAllActiveATSServersforSM
193	2	Version
193	2	Release Version U16
193	2	Pre Endpoint Call /arconToken
193	2	Request Params - - - -
193	2	Headers Content-Type application/json Mandatory -
193	2	Body
193	2	N/A
194	2	Response
194	2	Post Endpoint Call None
194	2	Supported Features NA
194	3	8.2.1 Data Types of Request and Response
194	2	Type Parameters Data Type Description
194	2	Request
194	2	Response Message
194	3	8.2.2 Code Blocks for '/GetAllActiveATSServersforSM'
194	2	Code For Javascript - Jquery Using AJAX
195	2	Code For C# Using RestSharp
195	2	Code For Java Using OkHttp
195	2	Jzc5nXVHyFEghQPpwf0yl7Q")
196	2	Code For Python Using Requests
196	2	8.3 AtsGetUnMappedServices
196	2	Request POST
196	2	Endpoint /api/ATSMapping/AtsGetUnMappedServices
196	2	Version
196	2	Release Version U16
196	2	Pre Endpoint Call /arconToken
196	2	Request Params - - - -
196	2	Headers Content-Type application/json Mandatory -
197	2	Body
197	2	Response
197	2	Response Time
197	2	Post Endpoint Call None
197	2	Supported Features NA
197	3	8.3.1 Data Types of Request and Response
197	2	Type Parameters Data Type Description
197	2	Request
197	2	Response
197	3	8.3.2 Code Blocks for '/AtsGetUnMappedServices'
197	2	Code For Javascript - Jquery Using AJAX
197	2	Code For C# Using RestSharp
197	2	Code For Java Using OkHttp
198	2	Code For Python Using Requests
198	2	8.4 UpdateAtsIdInServices
198	2	Request POST
198	2	Endpoint /api/ATSMapping/UpdateAtsIdInServices
198	2	Version
198	2	Release Version U16
198	2	Pre Endpoint Call /arconToken
198	2	Request Params - - - -
198	2	Headers Content-Type application/json Mandatory -
198	2	Body
198	2	Response
198	2	Response Time
198	2	Post Endpoint Call None
198	2	Supported Features NA
198	3	8.4.1 Data Types of Request and Response
198	2	Type Parameters Data Type Description
198	2	Request
198	2	Response
199	3	8.4.2 Code Blocks for '/UpdateAtsIdInServices'
199	2	Code For Javascript - Jquery Using AJAX
199	2	Code For C# Using RestSharp
199	2	Code For Java Using OkHttp
199	2	Code For Python Using Requests
199	2	8.5 AtsReviewServices
199	2	Request POST
199	2	Endpoint /api/ATSMapping/AtsReviewServices
199	2	Version
199	2	Release Version U16
199	2	Pre Endpoint Call /arconToken
199	2	Request Params - - - -
199	2	Headers Content-Type application/json Mandatory -
200	2	Body
200	2	Response
200	2	Response Time
200	2	Post Endpoint Call None
200	2	Supported Features NA
200	3	8.5.1 Data Types of Request and Response
200	2	Type Parameters Data Type Description
200	2	Request
200	2	Response
200	3	8.5.2 Code Blocks for '/AtsReviewServices'
200	2	Code For Javascript - Jquery Using AJAX
200	2	Code For C# Using RestSharp
200	2	Code For Java Using OkHttp
201	2	Code For Python Using Requests
201	2	8.6 AtsGetMappedServices
201	2	Request POST
201	2	Endpoint /api/ATSMapping/AtsGetMappedServices
201	2	Version
201	2	Release Version U16
201	2	Pre Endpoint Call /arconToken
201	2	Request Params - - - -
201	2	Headers Content-Type application/json Mandatory -
201	2	Body
201	2	Response
201	2	Response Time
201	2	Post Endpoint Call None
201	2	Supported Features NA
201	3	8.6.1 Data Types of Request and Response
201	2	Type Parameters Data Type Description
201	2	Request
202	2	Type Parameters Data Type Description
202	2	Response
202	3	8.6.2 Code Blocks for '/AtsGetMappedServices'
202	2	Code For Javascript - Jquery Using AJAX
202	2	Code For C# Using RestSharp
202	2	Code For Java Using OkHttp
202	2	Code For Python Using Requests
202	2	8.7 InsertPreferencePath (ATS Mapping)
202	2	Request POST
202	2	Endpoint /api/ATSMapping/InsertPreferencePath
202	2	Version
202	2	Release Version U16
202	2	Pre Endpoint Call /arconToken
202	2	Request Params - - - -
202	2	Headers Content-Type application/json Mandatory -
203	2	Body
203	2	Response
203	2	Response Time
203	2	Post Endpoint Call None
203	2	Supported Features NA
203	3	8.7.1 Data Types of Request and Response
203	2	Type Parameters Data Type Description
203	2	Request
203	2	Response
203	3	8.7.2 Code Blocks for '/InsertPreferencePath'
203	2	Code For Javascript - Jquery Using AJAX
203	2	Code For C# Using RestSharp
203	2	Code For Java Using OkHttp
204	2	Code For Python Using Requests
204	2	8.8 GetPreferencePath (ATS Mapping)
204	2	Request POST
204	2	Endpoint /api/ATSMapping/GetPreferencePath
204	2	Version
204	2	Release Version U16
204	2	Pre Endpoint Call /arconToken
204	2	Request Params - - - -
204	2	Headers Content-Type application/json Mandatory -
204	2	Body
204	2	Response
204	2	Response Time
204	2	Post Endpoint Call None
204	2	Supported Features NA
204	3	8.8.1 Data Types of Request and Response
204	2	Type Parameters Data Type Description
204	2	Request
204	2	Response
205	3	8.8.2 Code Blocks for '/GetPreferencePath'
205	2	Code For Javascript - Jquery Using AJAX
205	2	Code For C# Using RestSharp
205	2	Code For Java Using OkHttp
205	2	Code For Python Using Requests
206	1	9 CaptureLogImage
206	2	9.1 WriteLogImages
206	2	Type of Request POST
206	2	Endpoint /api/CaptureLogImage/WriteLogImages
206	2	Version
206	2	Release Version U3
206	2	Pre Endpoint Call /arconToken
206	2	Request Params - - - -
206	2	Headers Content-Type application/json Mandatory -
206	1	1. For C# using Rest-Sharp, https://www.nuget.org/packages/RestSharp/105.2.3
206	1	2. For Java using OK HTTP: https://square.github.io/okhttp/
206	1	3. For Python
207	2	Body
207	2	Response
207	2	Post Endpoint Call All API's
207	2	Supported Features NA
207	3	9.1.1 Data Types of Request and Response
207	2	Type Parameters Data Type Description
207	2	CommandRespons
207	2	IsCommandLogDat
208	2	Type Parameters Data Type Description
208	2	IsCustomLogDateT
208	2	ImageCompression
208	2	Enable
208	2	ParameterEncrypti
208	3	9.1.2 Code Blocks for '/WriteLogImages'
208	2	Code For Javascript - Jquery Using AJAX
208	2	JSON.stringify({"SessionID":"1000","CommandTyped":"","CommandResponse":"","IsCommand
208	2	LogData":false,"ImageLog":"eee..[Image Base64string]...igD//
208	2	Z","LogNo":"1","IsCustomLogDateTime":false,"LogDateTime":"2019-11-28T19:37:22.247333
209	2	Code For C# Using RestSharp
209	2	\r\n\"IsCommandLogData\":false,\r\n\"ImageLog\":\"eee..[Image Base64string]...igD//
209	2	Code For Java Using OkHttp
209	2	\r\n\"IsCommandLogData\":false,\r\n\"ImageLog\":\"eee..[Image Base64string]...igD//
209	2	ARCOSConMode=False")
210	2	Code For Python Using Requests
210	2	ARCOSConMode=False"
210	2	9.2 GetLogImagesDetails
210	2	Type of Request POST
210	2	Endpoint /api/CaptureLogImage/GetLogImagesDetails
210	2	Version
210	2	Release Version U3
210	2	Pre Endpoint Call /arconToken
210	2	Request Params - - - -
210	2	Headers Content-Type application/json Mandatory -
211	2	Body
211	2	Response
211	2	Post Endpoint Call All API's
211	2	Supported Features NA
211	3	9.2.1 Data Types of Request and Response
211	2	Type Parameters Data Type Description
211	2	ARCON PAM
212	3	9.2.2 Code Blocks for '/GetLogImagesDetails'
212	2	Code For Javascript - Jquery Using AJAX
212	2	Code For C# Using RestSharp
213	2	Code For Java Using OkHttp
213	2	Code For Python Using Requests
213	2	9.3 GetEncryptionType
213	2	Type of Request POST
213	2	Endpoint /api/CaptureLogImage/GetEncryptionType
213	2	Version
213	2	Release Version U3
213	2	Pre Endpoint Call /arconToken
213	2	Request Params - - - -
214	2	Headers Content-Type application/json Mandatory -
214	2	Response
214	2	Post Endpoint Call All API's
214	2	Supported Features NA
214	3	9.3.1 Data Types of Request and Response
214	2	Type Parameters Data Type Description
214	2	Request No Parameters
215	3	9.3.2 Code Blocks for '/GetEncryptionType'
215	2	Code For Javascript - Jquery Using AJAX
215	2	Code For C# Using RestSharp
215	2	Code For Java Using OkHttp
216	2	Code For Python Using Requests
216	2	9.4 GetArcosConfig
216	2	Type of Request POST
216	2	Endpoint /api/CaptureLogImage/GetArcosConfig
216	2	Version
216	2	Release Version U3
216	2	Pre Endpoint Call /arconToken
216	2	Request Params - - - -
216	2	Headers Content-Type application/json Mandatory -
216	2	Body
217	2	Response
217	2	Post Endpoint Call All API's
217	2	Supported Features NA
217	3	9.4.1 Data Types of Request and Response
217	2	Type Parameters Data Type Description
217	3	9.4.2 Code Blocks for '/GetArcosConfig'
217	2	Code For Javascript - Jquery Using AJAX
218	2	Code For C# Using RestSharp
218	2	Code For Java Using OkHttp
218	2	Code For Python Using Requests
219	1	10 Command
219	2	10.1 WriteCommandDataToFile
219	2	Type of Request POST
219	2	Endpoint /api/Command/WriteCommandDataToFile
219	2	Version
219	2	Release Version U3
219	2	Pre Endpoint Call /arconToken
219	2	Request Params - - - -
219	2	Mandatory -
219	2	Body
219	2	Response
219	2	Post Endpoint Call All API's
220	2	Supported Features ARCOS Log Archiver Service
220	3	10.1.1 Data Types of Request and Response
220	2	Type Parameters Data Type Description
220	2	CommandRespons
220	3	10.1.2 Code Blocks for '/WriteCommandDataToFile'
220	2	Code For Javascript - Jquery Using AJAX
220	2	JSON.stringify({"SessionId":5,"SequenceId":1,CommandType":"[sshlinux@lnxrh5_arconsrv
221	2	Code For C# Using RestSharp
221	2	\"CommandResponse\":\"Restricted Command\"\r\n,\r\n    \"TimeStamp\":\"11/09/2020
221	2	Code For Java Using OkHttp
221	2	\"CommandResponse\":\"Restricted Command\"\r\n,\r\n    \"TimeStamp\":\"11/09/2020
222	2	Code For Python Using Requests
222	2	\"Restricted Command\"\r\n,\r\n    \"TimeStamp\":\"11/09/2020 12:04:00\"\r\n}"
222	2	10.2 SessionDetails
222	2	Type of Request POST
222	2	Endpoint /api/Command/SessionDetails
222	2	Version
222	2	Release Version U3
222	2	Pre Endpoint Call /arconToken
222	2	Request Params - - - -
222	2	Headers Content-Type application/json Mandatory -
223	2	Body
223	2	Response
223	2	Post Endpoint Call All API's
223	2	Supported Features NA
223	3	10.2.1 Data Types of Request and Response
223	2	Type Parameters Data Type Description
224	2	Type Parameters Data Type Description
224	2	CommandRespons
224	2	CommandRespons
224	2	CommandRespons
224	2	CommandRespons
225	3	10.2.2 Code Blocks for ‘/SessionDetails’
225	2	Code For Javascript - Jquery Using AJAX
225	2	JSON.stringify({"SessionId":"5","SequenceId":1,"CommandTyped":"[sshlinux@lnxrh5_arco
225	2	Code For C# Using RestSharp
226	2	Code For Java Using OkHttp
226	2	Code For Python Using Requests
226	2	10.3 WriteCommandDataToDatabase
226	2	Type of Request POST
226	2	Endpoint /api/Command/WriteCommandDataToDatabase
227	2	Version
227	2	Release Version U3
227	2	Pre Endpoint Call /arconToken
227	2	Request Params - - - -
227	2	Headers Content-Type application/json Mandatory -
227	2	Body
227	2	Response
227	2	Post Endpoint Call All API's
227	2	Supported Features NA
228	3	10.3.1 Data Types of Request and Response
228	2	Type Parameters Data Type Description
228	2	CommandRespons
228	2	CommandRespons
229	3	10.3.2 Code Blocks for ‘/WriteCommandDataToDatabase’
229	2	Code For Javascript - Jquery Using AJAX
229	2	JSON.stringify({"SessionId":"5","SequenceId":1,"CommandTyped":"[sshlinux@lnxrh5_arco
229	2	Code For C# Using RestSharp
230	2	Code For Java Using OkHttp
230	2	Code For Python Using Requests
230	2	10.4 WriteCommandDataToDatabaseNew
230	2	Type of Request POST
230	2	Endpoint /api/Command/WriteCommandDataToDatabaseNew
231	2	Version
231	2	Release Version U16_SP2
231	2	Pre Endpoint Call /arconToken
231	2	Request Params - - - -
231	2	Headers Content-Type application/json Mandatory -
231	2	Body
231	2	Response
232	2	Post Endpoint Call All API's
232	2	Supported Features NA
232	3	10.4.1 Data Types of Request and Response
232	2	Type Parameters Data Type Description
232	3	10.4.2 Code Blocks for ‘/WriteCommandDataToDatabaseNew’
232	2	Code For Javascript - Jquery Using AJAX
232	2	"data": JSON.stringify({"SessionId":"5","CommandTyped":"[sshlinux@lnxrh5_arconsrv]
233	2	Code For C# Using RestSharp
233	2	Code For Java Using OkHttp
234	2	Code For Python Using Requests
235	1	11 CustomErrorHandler
235	2	11.1 WriteErrorLog
235	2	Type of Request POST
235	2	Endpoint /api/CustomErrorHandler/WriteErrorLog
235	2	Version
235	2	Release Version U3
235	2	Pre Endpoint Call /arconToken
235	2	Request Params - - - -
235	2	Headers Content-Type application/json Mandatory -
235	1	1. For C# using Rest-Sharp, https://www.nuget.org/packages/RestSharp/105.2.3
235	1	2. For Java using OK HTTP: https://square.github.io/okhttp/
235	1	3. For Python
236	2	Body
236	2	Response
236	2	Post Endpoint Call All API's
236	2	Supported Features NA
236	3	11.1.1 Data Types of Request and Response
236	2	Type Parameters Data Type Description
237	2	Type Parameters Data Type Description
237	3	11.1.2 Code Blocks for '/WriteErrorLog'
237	2	Code For Javascript - Jquery Using AJAX
237	2	JSON.stringify({"ApplicationName":"ArconPAM","OSType":"Windows","Level":"Error","Err
238	2	Code For C# Using RestSharp
238	2	Code For Java Using OkHttp
239	2	Code For Python Using Requests
239	2	11.2 WriteErrorLogger
239	2	Type of Request POST
239	2	Endpoint /api/CustomErrorHandler/WriteErrorLogger
239	2	Version
239	2	Release Version U3
239	2	Pre Endpoint Call /arconToken
239	2	Request Params - - - -
239	2	Headers Content-Type application/json Mandatory -
240	2	Body
240	2	Response
240	2	Post Endpoint Call All API's
240	2	Supported Features NA
240	3	11.2.1 Data Types of Request and Response
240	2	Type Parameters Data Type Description
241	2	Type Parameters Data Type Description
241	3	11.2.2 Code Blocks for '/WriteErrorLogger'
241	2	Code For Javascript - Jquery Using AJAX
241	2	JSON.stringify({"ApplicationName":"ArconPAM","OSType":"Windows","Level":"Error","Err
242	2	Code For C# Using RestSharp
242	2	Code For Java Using OkHttp
243	2	Code For Python Using Requests
244	1	12 DeviceOnboarding
244	2	12.1 GetLOBList
244	2	Type of Request GET
244	2	Endpoint /api/DeviceOnboarding/GetLOBList
244	2	Version
244	2	Release Version U3
244	2	Pre Endpoint Call /arconToken
244	2	Request Params - - - -
244	2	Headers Content-Type application/json Mandatory -
244	2	Response
244	2	"LobName": "DEFAULT LOB 1"
244	2	"LobName": "DEFAULT LOB 2"
244	2	"LobName": "DEFAULT LOB 3"
244	2	Post Endpoint Call None
244	2	Supported Features NA
245	3	12.1.1 Data Types of Request and Response
245	2	Type Parameters Data Type Description
245	2	Request No Parameters
245	2	ARCON PAM
245	3	12.1.2 Code Blocks for ‘/GetLOBList’
245	2	Code For Javascript - Jquery Using AJAX
245	2	Code For C# Using RestSharp
246	2	Code For Java Using OkHttp
246	2	Code For Python Using Requests
246	2	12.2 GetServerGroupList
246	2	Type of Request GET
246	2	Endpoint /api/DeviceOnboarding/GetServerGroupList
246	2	Version
246	2	Release Version U3
246	2	Pre Endpoint Call /arconToken
246	2	Request Params - - - -
246	2	Headers Content-Type application/json Mandatory -
247	2	Query
247	2	String
247	2	Paramete
247	2	Response
247	2	Post Endpoint Call None
247	2	Supported Features NA
247	3	12.2.1 Data Types of Request and Response
247	2	Type Parameters Data Type Description
247	2	PAM
248	3	12.2.2 Code Blocks for ‘/GetServerGroupList’
248	2	Code For Javascript - Jquery Using AJAX
248	2	Code For C# Using RestSharp
249	2	Code For Java Using OkHttp
249	2	Code For Python Using Requests
249	2	12.3 CreateGenericIdsV2
249	2	Type of Request POST
249	2	Endpoint /api/DeviceOnboarding/CreateGenericIdsV2
249	2	Version
249	2	Release Version U3
249	2	Pre Endpoint Call /arconToken
250	2	Request Params - - - -
250	2	Headers Content-Type application/json Mandatory -
251	2	Body
252	2	Response
252	2	Post Endpoint Call None
252	2	Supported Features NA
252	3	12.3.1 Data Types of Request and Response
252	2	Type Parameters Data Type Description
252	2	ServerDomainnam
253	2	Type Parameters Data Type Description
253	2	Windows/Linux/Unix/Solaris/Oracle/
253	2	SQL/MYSQL/ActiveDirectory
253	2	Domain User (Available from ARCON
253	2	PAM Ver 4.8.5.0 U18)
253	2	ALL
254	2	Type Parameters Data Type Description
254	2	PAM and Pass LOB ID)
254	2	ARCOSServerGrou
254	2	Server Group Mapped to LOB ID in ARCON PAM
254	2	PrivilegedIDDomai
254	2	PAM
254	2	ARCON PAM
254	2	ARCON PAM Ver 4850-U12
255	2	Type Parameters Data Type Description
255	2	RequesterUsernam
255	2	In Case of Offline (false) - ARCON PAM Will not
255	2	MapAllAssignedSer
256	2	Type Parameters Data Type Description
256	2	IsCreateArcosServ
256	2	NewServerGroupN
256	2	CallingApplication
256	2	Name
256	2	ARCON PAM
256	2	Ver 4850-U12
257	2	Type Parameters Data Type Description
258	2	Type Parameters Data Type Description
258	2	UseRootServicePas
258	2	Minimumpassword
258	2	Maximumpassword
258	2	UserOrganizational
258	2	Unit
259	2	Type Parameters Data Type Description
259	3	12.3.2 Code Blocks for ‘/CreateGenericIdsV2’
259	2	Code For Javascript - Jquery Using AJAX
259	2	JSON.stringify([{"ServerIP":"10.11.0.11","ServerHostname":"10.11.0.11","ServerDomain
259	2	Users","OSorDB":"OS","NameOfOSorDB":"Linux","InstanceName":"","DBName":"","UserToBeC
260	2	Code For C# Using RestSharp
261	2	Code For Java Using OkHttp
262	2	Code For Python Using Requests
262	2	\"HostUserGroup\": \"Performance Monitor Users\",\r\n        \"OSorDB\": \"OS\",\r\n
262	2	12.4 GetGenericIdCreationStatus
262	2	Type of Request GET
262	2	Endpoint /api/DeviceOnboarding/GetGenericIdCreationStatus
262	2	Version
262	2	Release Version U3
262	2	Pre Endpoint Call /arconToken
262	2	Request Params - - - -
263	2	Query
263	2	String
263	2	Paramete
263	2	RequestId=dbf2a264-1f01-4197-af37-46120e7b0fe6
263	2	Response
263	2	ServerIP><ServerHostname>10.X.X.X8</
263	2	ServerHostname><HostUserGroup /><OSorDB>OS</
263	2	OSorDB><NameOfOSorDB>Linux</NameOfOSorDB><InstanceName /><DBName /
263	2	ARCOSFlag><SourceDetails /><HomeDirectory /><Port /
263	2	ARCOSServerGroup><ProvisioningId /><ProvisioningResponse /
263	2	CreateUser><CreateUser><UniqueId /><ServerIP>10.X.0.X</
263	2	ServerIP><ServerHostname>10.X.0.X</ServerHostname><HostUserGroup /
263	2	NameOfOSorDB><InstanceName /><DBName /><UserToBeCreated>root2</
263	2	UserToBeCreated><DBRole /><ARCOSFlag>Y</ARCOSFlag><SourceDetails /
263	2	ARCOSLOB><ARCOSServerGroup>ADMIN</
263	2	ARCOSServerGroup><ProvisioningId /><ProvisioningResponse /
263	2	Response>"
263	2	Post Endpoint Call None
263	2	Supported Features NA
263	3	12.4.1 Data Types of Request and Response
263	2	Type Parameters Data Type Description
264	2	Type Parameters Data Type Description
264	2	Server
264	2	Windows/Linux/Unix/Solaris/Oracle/
264	2	SQL/MYSQL
264	2	PAM
264	2	ARCON PAM
265	2	Type Parameters Data Type Description
265	2	ARCOSServerGrou
265	2	ProvisioningRespo
265	2	IsUserCreatedInAR
265	2	COS
265	2	IsUserCreatedOnT
265	3	12.4.2 Code Blocks for ‘/GetGenericIdCreationStatus’
265	2	Code For Javascript - Jquery Using AJAX
266	2	Code For C# Using RestSharp
266	2	Code For Java Using OkHttp
266	2	RequestId=1a3ed940-006b-4d74-911c-49e891613637")
267	2	Code For Python Using Requests
267	2	RequestId=1a3ed940-006b-4d74-911c-49e891613637"
267	2	12.5 ReconcileGenericIdsV2
267	2	Type of Request POST
267	2	Endpoint /api/DeviceOnboarding/ReconcileGenericIdsV2
267	2	Version
267	2	Release Version U3
267	2	Pre Endpoint Call /arconToken
267	2	Request Params - - - -
268	2	Body
268	2	Response
268	2	Post Endpoint Call None
268	2	Supported Features NA
268	3	12.5.1 Data Types of Request and Response
268	2	Type Parameters Data Type Description
269	2	Type Parameters Data Type Description
269	2	LAM
269	2	PresentInTargetDe
269	2	Windows/Linux/Unix/Solaris/Oracle/
269	2	SQL/MYSQL
270	3	12.5.2 Code Blocks for ‘/ReconcileGenericIdsV2’
270	2	Code For Javascript - Jquery Using AJAX
270	2	JSON.stringify([{"ServerIP":"10.11.1.99","ServerHostname":"HostABC","OSorDB":"OS","N
270	2	Code For C# Using RestSharp
271	2	Code For Java Using OkHttp
271	2	Code For Python Using Requests
272	2	12.6 GetGenericIdReconciliationStatus
272	2	Type of Request GET
272	2	Endpoint /api/DeviceOnboarding/GetGenericIdReconciliationStatus
272	2	Version
272	2	Release Version U3
272	2	Pre Endpoint Call /arconToken
272	2	Request Params - - - -
272	2	Query
272	2	String
272	2	Paramete
272	2	RequestId=a17cc1b4-883f-4aac-8810-75bf6898e799
273	2	Response
273	2	Post Endpoint Call None
273	2	Supported Features NA
273	3	12.6.1 Data Types of Request and Response
273	2	Type Parameters Data Type Description
274	2	Type Parameters Data Type Description
274	2	LAM
274	2	PresentInTargetDe
274	2	Windows/Linux/Unix/Solaris/Oracle/
274	2	SQL/MYSQL
275	3	12.6.2 Code Blocks for ‘/GetGenericIdReconciliationStatus’
275	2	Code For Javascript - Jquery Using AJAX
275	2	Code For C# Using RestSharp
276	2	Code For Java Using OkHttp
276	2	GetGenericIdReconciliationStatus?RequestId=a17cc1b4-883f-4aac-8810-75bf6898e799")
276	2	Code For Python Using Requests
276	2	GetGenericIdReconciliationStatus?RequestId=a17cc1b4-883f-4aac-8810-75bf6898e799"
276	2	12.7 GetGenericIdCreationStatusV2
276	2	Type of Request GET
276	2	Endpoint /api/DeviceOnboarding/GetGenericIdCreationStatusV2
276	2	Version
276	2	Release Version U3
276	2	Pre Endpoint Call /arconToken
276	2	Request Params - - - -
277	2	Query
277	2	String
277	2	Paramete
277	2	TicketId=LAMTest123
277	2	Response
277	2	\"WIN2K8R2ENT_SQL\",\"HostUserGroup\":\"Performance Monitor Users|
277	2	Post Endpoint Call None
277	2	Supported Features NA
277	3	12.7.1 Data Types of Request and Response
277	2	Type Parameters Data Type Description
277	2	API
278	2	Type Parameters Data Type Description
278	2	Server
278	2	Windows/Linux/Unix/Solaris/Oracle/
278	2	SQL/MYSQL
278	2	PAM
278	2	ARCON PAM
279	2	Type Parameters Data Type Description
279	2	ARCOSServerGrou
279	2	ProvisioningRespo
279	2	IsUserCreatedInAR
279	2	COS
279	2	IsUserCreatedOnT
279	3	12.7.2 Code Blocks for ‘/GetGenericIdCreationStatusV2’
279	2	Code For Javascript - Jquery Using AJAX
280	2	Code For C# Using RestSharp
280	2	Code For Java Using OkHttp
280	2	GetGenericIdCreationStatusV2?TicketId=LAMTest123")
280	2	Code For Python Using Requests
280	2	TicketId=LAMTest123"
281	2	12.8 GetGenericIdReconciliationStatusV2
281	2	Type of Request GET
281	2	Endpoint /api/DeviceOnboarding/GetGenericIdReconciliationStatusV2
281	2	Version
281	2	Release Version U3
281	2	Pre Endpoint Call /arconToken
281	2	Request Params - - - -
281	2	Query
281	2	String
281	2	Paramete
281	2	TicketId=a17cc1b4-883f-4aac-8810-75bf6898e799
282	2	Response
282	2	Post Endpoint Call None
282	2	Supported Features NA
282	3	12.8.1 Data Types of Request and Response
282	2	Type Parameters Data Type Description
283	2	Type Parameters Data Type Description
283	2	LAM
283	2	PresentInTargetDe
283	2	Windows/Linux/Unix/Solaris/Oracle/
283	2	SQL/MYSQL
284	3	12.8.2 Code Blocks for ‘/GetGenericIdReconciliationStatusV2’
284	2	Code For Javascript - Jquery Using AJAX
284	2	Code For C# Using RestSharp
285	2	Code For Java Using OkHttp
285	2	GetGenericIdReconciliationStatusV2?TicketId=a17cc1b4-883f-4aac-8810-75bf6898e799")
285	2	Code For Python Using Requests
285	2	GetGenericIdReconciliationStatusV2?TicketId=a17cc1b4-883f-4aac-8810-75bf6898e799"
285	2	12.9 AssignGroup
285	2	Type of Request POST
285	2	Endpoint /api/DeviceOnboarding/AssignGroup
285	2	Version
286	2	Release Version U9
286	2	Pre Endpoint Call /arconToken
286	2	Request Params - - - -
287	2	ARCON PAM]
289	2	Response
289	2	Post Endpoint Call None
289	2	Supported Features NA
289	3	12.9.1 Data Types of Request and Response
289	2	Type Parameters Data Type Description
289	2	ServerDomainnam
290	2	Type Parameters Data Type Description
290	2	Windows/Linux/Unix/Solaris/Oracle/
290	2	SQL/MYSQL/ActiveDirectory
291	2	Type Parameters Data Type Description
291	2	PAM and Pass LOB ID)
291	2	ARCOSServerGrou
291	2	Server Group Mapped to LOB ID in ARCON PAM
291	2	PrivilegedIDDomai
291	2	RequesterUsernam
291	2	ALL
291	2	PAM
291	2	ARCON PAM
292	2	Type Parameters Data Type Description
292	2	In Case of Offline (false) - ARCON PAM Will not
292	2	UserToBeUsedInSe
292	2	MapAllAssignedSer
293	2	Type Parameters Data Type Description
293	2	IsCreateArcosServ
293	2	NewServerGroupN
293	2	CallingApplication
293	2	Name
294	2	Type Parameters Data Type Description
294	2	UseRootServicePas
294	2	Minimumpassword
294	2	Maximumpassword
294	2	UserOrganizational
294	2	Unit
295	2	Type Parameters Data Type Description
296	3	12.9.2 Code Blocks for ‘/AssignGroup’
296	2	Code For Javascript - Jquery Using AJAX
296	2	JSON.stringify([{"ServerIP":"10.11.0.11","ServerHostname":"10.11.0.11","ServerDomain
296	2	Users","OSorDB":"OS","NameOfOSorDB":"Linux","InstanceName":"","DBName":"","UserToBeC
297	2	Code For C# Using RestSharp
298	2	Code For Java Using OkHttp
298	2	\"PostMan Testing\",\r\n\t\t\"UserToBeUsedInService\":\"PROMPT_USER\"\r\n \r\n }
299	2	Code For Python Using Requests
299	2	12.10 DeleteUser (DeviceOnboarding)
299	2	Type of Request POST
299	2	Endpoint /api/DeviceOnboarding/DeleteUser
299	2	Version
299	2	Release Version U10
299	2	Pre Endpoint Call /arconToken
299	2	U18
300	2	Request Params - - - -
301	2	Body
302	2	Response
302	2	Post Endpoint Call None
302	2	Supported Features NA
302	3	12.10.1 Data Types of Request and Response
302	2	Type Parameters Data Type Description
302	2	ServerDomainnam
303	2	Type Parameters Data Type Description
303	2	Windows/Linux/Unix/Solaris/Oracle/
303	2	SQL/MYSQL/ActiveDirectory
303	2	Domain User (Available from ARCON
303	2	PAM Ver 4.8.5.0 U18)
303	2	ALL
304	2	Type Parameters Data Type Description
304	2	RequesterUsernam
304	2	CallingApplication
304	2	Name
304	2	PAM
304	2	ARCON PAM
305	2	Type Parameters Data Type Description
305	2	UserOrganizational
305	2	Unit
306	3	12.10.2 Code Blocks for ‘/DeleteUser’
306	2	Code For Javascript - Jquery Using AJAX
307	2	Code For C# Using RestSharp
308	2	Code For Java Using OkHttp
309	2	Code For Python Using Requests
309	2	12.11 RemoveGroup
309	2	Type of Request POST
309	2	Endpoint /api/DeviceOnboarding/RemoveGroup
309	2	Version
309	2	Release Version U10
309	2	Pre Endpoint Call /arconToken
309	2	Request Params - - - -
311	2	Body
312	2	Response
312	2	Post Endpoint Call None
312	2	Supported Features NA
312	3	12.11.1 Data Types of Request and Response
312	2	Type Parameters Data Type Description
312	2	ServerDomainnam
313	2	Type Parameters Data Type Description
313	2	Windows/Linux/Unix/Solaris/Oracle/
313	2	SQL/MYSQL/ActiveDirectory
313	2	ALL
314	2	Type Parameters Data Type Description
314	2	RequesterUsernam
314	2	CallingApplication
314	2	Name
314	2	UserOrganizational
314	2	Unit
314	2	PAM
314	2	ARCON PAM
315	2	Type Parameters Data Type Description
316	3	12.11.2 Code Blocks for ‘/RemoveGroup’
316	2	Code For Javascript - Jquery Using AJAX
317	2	Code For C# Using RestSharp
317	2	\"ServerDomainname\": \"\",\r\n        \"HostUserGroup\": \"Network Configuration
318	2	Code For Java Using OkHttp
318	2	\"ServerDomainname\": \"\",\r\n        \"HostUserGroup\": \"Network Configuration
319	2	Code For Python Using Requests
319	2	12.12 GetProvisioningReport
319	2	Type of Request POST
319	2	Endpoint /api/DeviceOnboarding/GetProvisioningReport
319	2	Version
319	2	Release Version U11
319	2	Pre Endpoint Call /arconToken
319	2	Request Params - - - -
320	2	Headers Content-Type application/json Mandatory -
320	2	Body
321	2	Response
323	2	Post Endpoint Call None
323	2	Supported Features NA
323	3	12.12.1 Data Types of Request and Response
323	2	Type Parameters Data Type Description
323	2	ID)
323	2	Success
323	2	Failed
323	2	Windows
323	2	Linux
323	2	Unix
323	2	Solaris
323	2	Oracle
323	2	SQL
323	2	MYSQL
324	2	Type Parameters Data Type Description
324	3	12.12.2 Code Blocks for ‘/GetProvisioningReport’
324	2	Code For Javascript - Jquery Using AJAX
325	2	Code For C# Using RestSharp
325	2	Code For Java Using OkHttp
326	2	Code For Python Using Requests
326	2	12.13 SetDefaultGenericIdsV2
326	2	Type of Request POST
326	2	Endpoint /api/DeviceOnboarding/SetDefaultGenericIdsV2
326	2	Version
326	2	Release Version U16_SP2
326	2	Pre Endpoint Call /arconToken
326	2	Request Params - - - -
326	2	Headers Content-Type application/json Mandatory -
327	2	Body
327	2	Response
327	3	12.13.1 Data Types of Request and Response
327	2	Type Parameters Data Type Description
327	3	12.13.2 Code Blocks for ‘/SetDefaultGenericIdsV2’
327	2	Code For Javascript - Jquery Using AJAX
327	2	"data": JSON.stringify([
328	2	Code For C# Using RestSharp
328	2	Code For Java Using OkHttp
329	2	Code For Python Using Requests
329	2	12.14 CallBack
329	2	Request POST
329	2	Endpoint /api/DeviceOnBoading/CallBack
329	2	Version
329	2	Release Version U16
329	2	Pre Endpoint Call /arconToken
329	2	Request Params - - - -
329	2	Headers Content-Type application/json Mandatory -
330	2	Body
330	2	Response
330	2	Post Endpoint Call None
330	2	Supported Features NA
330	3	12.14.1 Data Types of Request and Response
330	2	Type Parameters Data Type Description
330	2	Response
331	3	12.14.2 Code Blocks for '/CallBack'
331	2	Code For Javascript - Jquery Using AJAX
331	2	"data": JSON.stringify({
332	2	Code For C# Using RestSharp
333	2	Code For Java Using OkHttp
333	2	Code For Python Using Requests
334	1	13 DualFactor
334	2	13.1 GetDualFactorTypeList
334	2	Type of Request GET
334	2	Endpoint /api/DualFactor/GetDualFactorTypeList
334	2	Version
334	2	Release Version U3
334	2	Pre Endpoint Call /arconToken
334	2	Request Params - - - -
334	2	Headers Content-Type application/json Mandatory -
334	1	1. For C# using Rest-Sharp, https://www.nuget.org/packages/RestSharp/105.2.3
334	1	2. For Java using OK HTTP: https://square.github.io/okhttp/
334	1	3. For Python
335	2	Response
335	2	"DualFactorTypeName": "Mobile OTP"
335	2	"DualFactorTypeName": "Hardware Token"
335	2	"DualFactorTypeName": "Biometric – Finger Print"
335	2	"DualFactorTypeName": "SMS OTP"
335	2	"DualFactorTypeName": "Voice Biometric"
335	2	"DualFactorTypeName": "Email OTP"
335	2	"DualFactorTypeName": "TOTP Authenticator"
335	2	"DualFactorTypeName": "Facial Recognition"
335	2	Post Endpoint Call All API's
335	2	Supported Features NA
336	3	13.1.1 Data Types of Request and Response
336	2	Type Parameters Data Type Description
336	2	Request No Parameters
336	2	DualFactorTypeNa
336	3	13.1.2 Code Blocks for '/GetDualFactorTypeList'
336	2	Code For Javascript - Jquery Using AJAX
336	2	Code For C# Using RestSharp
337	2	Code For Java Using OkHttp
337	2	Code For Python Using Requests
337	2	13.2 UpdateMobileOTPRegistrationDetails
337	2	Type of Request POST
337	2	Endpoint /api/DualFactor/UpdateMobileOTPRegistrationDetails
337	2	Version
337	2	Release Version U3
337	2	Pre Endpoint Call /arconToken
337	2	Request Params - - - -
337	2	Headers Content-Type application/json Mandatory -
338	2	Not Required
338	2	Body
338	2	Response
338	2	Post Endpoint Call All API's
338	2	Supported Features NA
338	3	13.2.1 Data Types of Request and Response
338	2	Type Parameters Data Type Description
339	2	Type Parameters Data Type Description
339	2	ValidationPasswor
339	3	13.2.2 Code Blocks for '/UpdateMobileOTPRegistrationDetails'
339	2	Code For Javascript - Jquery Using AJAX
339	2	JSON.stringify({"UserID":1368,"DualFactorID":3,"IsEnabled":1,"MobileNo":"9876543210"
340	2	Code For C# Using RestSharp
340	2	Code For Java Using OkHttp
340	2	UpdateMobileOTPRegistrationDetails")
341	2	Code For Python Using Requests
342	1	14 Encryption
342	2	14.1 GetAESEncryptedText
342	2	Type of Request POST
342	2	Version
342	2	Release Version U16_SP2
342	2	Pre Endpoint Call /arconToken
342	2	Request Params - - - -
342	2	Headers Content-Type application/json Mandatory -
342	2	Body
342	2	Response
342	2	Post Endpoint Call None
342	2	Supported Features NA
343	3	14.1.1 Data Types of Request and Response
343	2	Type Parameters Data Type Description
343	3	14.1.2 Code Blocks for ‘/DecryptText’
343	2	Code For Javascript - Jquery
343	2	"data": JSON.stringify({
344	2	Code For C# Using RestSharp
344	2	Code For Java Using OkHttp
345	2	Code For Python Using Requests
346	1	15 ErrorLogToDB
346	2	15.1 WriteErrorLogToDBController
346	2	Type of Request POST
346	2	Endpoint /api/ErrorLogToDB/WriteErrorLogToDBController
346	2	Version
346	2	Release Version U9
346	2	Pre Endpoint Call /arconToken
346	2	Request Params - - - -
346	2	Headers Content-Type application/json Mandatory -
346	2	Body
346	2	Response
346	2	Post Endpoint Call All API's
347	2	Supported Features NA
347	3	15.1.1 Data Types of Request and Response
347	2	Type Parameters Data Type Description
348	3	15.1.2 Code Blocks for '/WriteErrorLogToDBController'
348	2	Code For Javascript - Jquery Using AJAX
348	2	JSON.stringify({"ApplicationName":"ArconPAM","OSType":"Windows","Level":"Error","Err
348	2	Code For C# Using RestSharp
349	2	Code For Java Using OkHttp
349	2	Code For Python Using Requests
350	1	16 ExtractData
350	2	16.1 InsertServiceMasterData
350	2	Type of Request POST
350	2	Endpoint /api/ExtractData/InsertServiceMasterData
350	2	Version
350	2	Release Version U3
350	2	Pre Endpoint Call /arconToken
350	2	Request Params - - - -
350	2	Headers Content-Type application/json Mandatory -
350	1	1. For C# using Rest-Sharp, https://www.nuget.org/packages/RestSharp/105.2.3
350	1	2. For Java using OK HTTP: https://square.github.io/okhttp/
350	1	3. For Python
351	2	Body
352	2	Response
352	2	Post Endpoint Call All API's
352	2	Supported Features NA
352	3	16.1.1 Data Types of Request and Response
352	2	Type Parameters Data Type Description
352	2	SchedulerUpdated
352	2	ApiSuccessUpdated
352	2	ARCON PAM
353	2	Type Parameters Data Type Description
353	2	SupportingServiceI
353	2	LineOfBusinessNa
353	2	LineOfBusinessDes
353	2	AllowPasswordCha
354	2	Type Parameters Data Type Description
354	2	UseGlobalPasswor
354	2	LastPasswordChan
354	2	CurrentPasswordA
355	3	16.1.2 Code Blocks for '/InsertServiceMasterData'
355	2	Code For Javascript - Jquery Using AJAX
355	2	JSON.stringify([{"IsRecordActiveFlag":"1","SiteName":"Site1","BatchId":"11","SentApi
355	2	Flag":"1","AttemptFlag":"0","CreatedOn":"10/05/2020
356	2	Code For C# Using RestSharp
357	2	Code For Java Using OkHttp
358	2	Code For Python Using Requests
358	2	16.2 InsertActivityLogData
358	2	Type of Request POST
358	2	Endpoint /api/ExtractData/InsertActivityLogData
358	2	Version
359	2	Release Version U3
359	2	Pre Endpoint Call /arconToken
359	2	Request Params - - - -
359	2	Headers Content-Type application/json Mandatory -
360	2	Body
361	2	Response
361	2	Post Endpoint Call All API's
361	2	Supported Features NA
361	3	16.2.1 Data Types of Request and Response
361	2	Type Parameters Data Type Description
361	2	SchedulerUpdated
361	2	ApiSuccessUpdated
361	2	ARCON PAM
362	2	Type Parameters Data Type Description
362	2	SupportingServiceI
362	2	LineOfBusinessNa
362	2	LineOfBusinessDes
363	2	Type Parameters Data Type Description
363	2	AllowPasswordCha
363	2	UseGlobalPasswor
363	2	LastPasswordChan
363	2	CurrentPasswordA
364	3	16.2.2 Code Blocks for '/InsertActivityLogData'
364	2	Code For Javascript - Jquery Using AJAX
364	2	JSON.stringify([{"IsRecordActiveFlag":"1","SiteName":"Site1","BatchId":"11","SentApi
364	2	Flag":"1","AttemptFlag":"0","CreatedOn":"10/05/2020
365	2	Code For C# Using RestSharp
366	2	Code For Java Using OkHttp
367	2	Code For Python Using Requests
367	2	16.3 GetBatchStatus
368	2	Type of Request GET
368	2	Endpoint /api/ExtractData/GetBatchStatus
368	2	Version
368	2	Release Version U3
368	2	Pre Endpoint Call /arconToken
368	2	Request Params - - - -
368	2	Headers Content-Type application/json Mandatory -
368	2	Query
368	2	String
368	2	Paramete
368	2	BatchId=1&TableName=ServiceMaster
368	2	Response
368	2	Post Endpoint Call All API's
368	2	Supported Features NA
368	3	16.3.1 Data Types of Request and Response
368	2	Type Parameters Data Type Description
369	2	Type Parameters Data Type Description
369	2	SchedulerUpdated
369	2	ApiSuccessUpdated
369	2	ARCON PAM
369	2	SupportingServiceI
370	2	Type Parameters Data Type Description
370	2	LineOfBusinessNa
370	2	LineOfBusinessDes
370	2	AllowPasswordCha
370	2	UseGlobalPasswor
371	2	Type Parameters Data Type Description
371	2	LastPasswordChan
371	2	CurrentPasswordA
371	3	16.3.2 Code Blocks for '/GetBatchStatus'
371	2	Code For Javascript - Jquery Using AJAX
371	2	Code For C# Using RestSharp
372	2	Code For Java Using OkHttp
372	2	BatchId=1&TableName=ServiceMaster")
372	2	Code For Python Using Requests
372	2	BatchId=1&TableName=ServiceMaster"
372	2	16.4 InsertUserMasterData
372	2	Type of Request POST
372	2	Endpoint /api/ExtractData/InsertUserMasterData
372	2	Version
372	2	Release Version U3
372	2	Pre Endpoint Call /arconToken
372	2	Request Params - - - -
373	2	Headers Content-Type application/json Mandatory -
373	2	Body
373	2	Response
373	2	Post Endpoint Call All API's
374	2	Supported Features NA
374	3	16.4.1 Data Types of Request and Response
374	2	Type Parameters Data Type Description
374	2	SchedulerUpdated
374	2	ApiSuccessUpdated
374	2	ARCON PAM
374	2	SupportingServiceI
375	2	Type Parameters Data Type Description
375	2	LineOfBusinessNa
375	2	LineOfBusinessDes
375	2	AllowPasswordCha
375	2	UseGlobalPasswor
376	2	Type Parameters Data Type Description
376	2	LastPasswordChan
376	2	CurrentPasswordA
377	3	16.4.2 Code Blocks for '/InsertUserMasterData'
377	2	Code For Javascript - Jquery Using AJAX
377	2	JSON.stringify([{"IsRecordActiveFlag":"1","SiteName":"Site1","BatchId":"11","SentApi
377	2	Flag":"1","AttemptFlag":"0","CreatedOn":"10/05/2020
378	2	Code For C# Using RestSharp
379	2	Code For Java Using OkHttp
380	2	Code For Python Using Requests
380	2	16.5 UpdateRecordEndDateMappingMaster
380	2	Type of Request POST
380	2	Endpoint /api/ExtractData/UpdateRecordEndDateMappingMaster
380	2	Version
380	2	Release Version U3
380	2	Pre Endpoint Call /arconToken
380	2	Request Params - - - -
380	2	Headers Content-Type application/json Mandatory -
381	2	Body
381	2	Response
381	2	Post Endpoint Call All API's
381	2	Supported Features NA
381	3	16.5.1 Data Types of Request and Response
381	2	Type Parameters Data Type Description
381	2	SchedulerUpdated
381	2	ApiSuccessUpdated
381	2	ARCON PAM
382	2	Type Parameters Data Type Description
382	2	SupportingServiceI
382	2	LineOfBusinessNa
382	2	LineOfBusinessDes
383	2	Type Parameters Data Type Description
383	2	AllowPasswordCha
383	2	UseGlobalPasswor
383	2	LastPasswordChan
383	2	CurrentPasswordA
384	3	16.5.2 Code Blocks for '/UpdateRecordEndDateMappingMaster'
384	2	Code For Javascript - Jquery Using AJAX
384	2	"data": JSON.stringify([{"Clause":"Condition1","RecordEndDate":"10/14/2020
384	2	Code For C# Using RestSharp
385	2	Code For Java Using OkHttp
385	2	UpdateRecordEndDateMappingMaster")
385	2	Code For Python Using Requests
385	2	16.6 InsertMappingMasterData
385	2	Type of Request POST
385	2	Endpoint /api/ExtractData/InsertMappingMasterData
385	2	Version
385	2	Release Version U3
386	2	Pre Endpoint Call /arconToken
386	2	Request Params - - - -
386	2	Headers Content-Type application/json Mandatory -
387	2	Body
387	2	Response
388	2	Post Endpoint Call All API's
388	2	Supported Features NA
388	3	16.6.1 Data Types of Request and Response
388	2	Type Parameters Data Type Description
388	2	SchedulerUpdated
388	2	ApiSuccessUpdated
388	2	ARCON PAM
389	2	Type Parameters Data Type Description
389	2	SupportingServiceI
389	2	LineOfBusinessNa
389	2	LineOfBusinessDes
389	2	AllowPasswordCha
389	2	UseGlobalPasswor
390	2	Type Parameters Data Type Description
390	2	LastPasswordChan
390	2	CurrentPasswordA
391	3	16.6.2 Code Blocks for '/InsertMappingMasterData'
391	2	Code For Javascript - Jquery Using AJAX
391	2	JSON.stringify([{"IsRecordActiveFlag":"1","SiteName":"Site1","BatchId":"11","SentApi
391	2	Flag":"1","AttemptFlag":"0","CreatedOn":"10/05/2020
392	2	Code For C# Using RestSharp
393	2	Code For Java Using OkHttp
394	2	Code For Python Using Requests
394	2	16.7 UpdateVideoFileNameActivityLog
394	2	Type of Request POST
394	2	Endpoint /api/ExtractData/UpdateVideoFileNameActivityLog
394	2	Version
394	2	Release Version U3
395	2	Pre Endpoint Call /arconToken
395	2	Request Params - - - -
395	2	Headers Content-Type application/json Mandatory -
395	2	Body
395	2	Response
395	2	Post Endpoint Call All API's
395	2	Supported Features NA
395	3	16.7.1 Data Types of Request and Response
395	2	Type Parameters Data Type Description
395	2	SchedulerUpdated
396	2	Type Parameters Data Type Description
396	2	ApiSuccessUpdated
396	2	ARCON PAM
396	2	SupportingServiceI
396	2	LineOfBusinessNa
397	2	Type Parameters Data Type Description
397	2	LineOfBusinessDes
397	2	AllowPasswordCha
397	2	UseGlobalPasswor
397	2	LastPasswordChan
397	2	CurrentPasswordA
398	2	Type Parameters Data Type Description
398	3	16.7.2 Code Blocks for '/UpdateVideoFileNameActivityLog'
398	2	Code For Javascript - Jquery Using AJAX
398	2	"data": JSON.stringify([{"Clause":"Condition1","RecordEndDate":"10/14/2020
398	2	Code For C# Using RestSharp
399	2	Code For Java Using OkHttp
399	2	Code For Python Using Requests
399	2	16.8 InsertUserMappingData
399	2	Type of Request POST
399	2	Endpoint /api/ExtractData/InsertUserMappingData
399	2	Version
399	2	Release Version U3
400	2	Pre Endpoint Call /arconToken
400	2	Request Params - - - -
400	2	Headers Content-Type application/json Mandatory -
400	2	Body
400	2	Response
400	2	Post Endpoint Call All API's
400	2	Supported Features NA
401	3	16.8.1 Data Types of Request and Response
401	2	Type Parameters Data Type Description
401	2	SchedulerUpdated
401	2	ApiSuccessUpdated
401	2	ARCON PAM
401	2	SupportingServiceI
402	2	Type Parameters Data Type Description
402	2	LineOfBusinessNa
402	2	LineOfBusinessDes
402	2	AllowPasswordCha
402	2	UseGlobalPasswor
403	2	Type Parameters Data Type Description
403	2	LastPasswordChan
403	2	CurrentPasswordA
404	3	16.8.2 Code Blocks for '/InsertUserMappingData'
404	2	Code For Javascript - Jquery Using AJAX
404	2	JSON.stringify([{"IsRecordActiveFlag":"1","SiteName":"Site1","BatchId":"11","SentApi
404	2	Flag":"1","AttemptFlag":"0","CreatedOn":"10/05/2020
404	2	Group1","UserGroupCreatedBy":"Admin","UserGroupModifiedBy":"Admin","UserGroupValidUn
405	2	Code For C# Using RestSharp
406	2	Code For Java Using OkHttp
407	2	Code For Python Using Requests
407	2	\"UserGroupDescription\":\"User Group1\",\n    \"UserGroupCreatedBy\":\"Admin\",\n
407	2	16.9 InsertLobUserGroupMappingData
407	2	Type of Request POST
407	2	Endpoint /api/ExtractData/InsertLobUserGroupMappingData
407	2	Version
407	2	Release Version U3
407	2	Pre Endpoint Call /arconToken
407	2	Request Params - - - -
407	2	Headers Content-Type application/json Mandatory -
408	2	Body
408	2	Response
408	2	Post Endpoint Call All API's
408	2	Supported Features NA
408	3	16.9.1 Data Types of Request and Response
408	2	Type Parameters Data Type Description
408	2	SchedulerUpdated
409	2	Type Parameters Data Type Description
409	2	ApiSuccessUpdated
409	2	ARCON PAM
409	2	SupportingServiceI
409	2	LineOfBusinessNa
410	2	Type Parameters Data Type Description
410	2	LineOfBusinessDes
410	2	AllowPasswordCha
410	2	UseGlobalPasswor
410	2	LastPasswordChan
410	2	CurrentPasswordA
411	2	Type Parameters Data Type Description
411	3	16.9.2 Code Blocks for '/InsertLobUserGroupMappingData'
411	2	Code For Javascript - Jquery Using AJAX
411	2	JSON.stringify([{"IsRecordActiveFlag":"1","SiteName":"Site1","BatchId":"11","SentApi
411	2	Flag":"1","AttemptFlag":"0","CreatedOn":"10/05/2020
412	2	Code For C# Using RestSharp
412	2	Code For Java Using OkHttp
413	2	Code For Python Using Requests
413	2	16.10 InsertLobServerGroupMappingData
413	2	Type of Request POST
413	2	Endpoint /api/ExtractData/InsertLobServerGroupMappingData
413	2	Version
413	2	Release Version U3
413	2	Pre Endpoint Call /arconToken
413	2	Request Params - - - -
413	2	Headers Content-Type application/json Mandatory -
414	2	Body
414	2	Response
414	2	Post Endpoint Call All API's
414	2	Supported Features NA
414	3	16.10.1 Data Types of Request and Response
414	2	Type Parameters Data Type Description
414	2	SchedulerUpdated
414	2	ApiSuccessUpdated
415	2	Type Parameters Data Type Description
415	2	ARCON PAM
415	2	SupportingServiceI
415	2	LineOfBusinessNa
415	2	LineOfBusinessDes
416	2	Type Parameters Data Type Description
416	2	AllowPasswordCha
416	2	UseGlobalPasswor
416	2	LastPasswordChan
416	2	CurrentPasswordA
417	3	16.10.2 Code Blocks for '/InsertLobServerGroupMappingData'
417	2	Code For Javascript - Jquery Using AJAX
417	2	JSON.stringify([{"IsRecordActiveFlag":"1","SiteName":"Site1","BatchId":"11","SentApi
417	2	Flag":"1","AttemptFlag":"0","CreatedOn":"10/05/2020
417	2	Code For C# Using RestSharp
418	2	Code For Java Using OkHttp
418	2	Code For Python Using Requests
419	2	16.11 InsertServiceServerGroupMappingData
419	2	Type of Request POST
419	2	Endpoint /api/ExtractData/InsertServiceServerGroupMappingData
419	2	Version
419	2	Release Version U3
419	2	Pre Endpoint Call /arconToken
419	2	Request Params - - - -
419	2	Headers Content-Type application/json Mandatory -
419	2	Body
419	2	Response
420	2	Post Endpoint Call All API's
420	2	Supported Features NA
420	3	16.11.1 Data Types of Request and Response
420	2	Type Parameters Data Type Description
420	2	SchedulerUpdated
420	2	ApiSuccessUpdated
420	2	ARCON PAM
420	2	SupportingServiceI
421	2	Type Parameters Data Type Description
421	2	LineOfBusinessNa
421	2	LineOfBusinessDes
421	2	AllowPasswordCha
421	2	UseGlobalPasswor
422	2	Type Parameters Data Type Description
422	2	LastPasswordChan
422	2	CurrentPasswordA
423	3	16.11.2 Code Blocks for '/InsertServiceServerGroupMappingData'
423	2	Code For Javascript - Jquery Using AJAX
423	2	JSON.stringify([{"IsRecordActiveFlag":"1","SiteName":"Site1","BatchId":"11","SentApi
423	2	Flag":"1","AttemptFlag":"0","CreatedOn":"10/05/2020
423	2	Group1","GroupDisableLog":"0","RecordStartDate":"10/05/2020
424	2	Code For C# Using RestSharp
424	2	\"GroupDescription\":\"Service Group1\",\n        \"GroupDisableLog\":\"0\",\n
424	2	Code For Java Using OkHttp
424	2	\"Service Group1\",\n        \"GroupDisableLog\":\"0\",\n
424	2	InsertServiceServerGroupMappingData")
425	2	Code For Python Using Requests
425	2	InsertServiceServerGroupMappingData"
425	2	\"Service Group1\",\n        \"GroupDisableLog\":\"0\",\n
425	2	16.12 InsertUserServiceGroupMappingData
425	2	Type of Request POST
425	2	Endpoint /api/ExtractData/InsertUserServiceGroupMappingData
425	2	Version
425	2	Release Version U3
425	2	Pre Endpoint Call /arconToken
425	2	Request Params - - - -
425	2	Headers Content-Type application/json Mandatory -
426	2	Body
426	2	Response
426	2	Post Endpoint Call All API's
426	2	Supported Features NA
426	3	16.12.1 Data Types of Request and Response
426	2	Type Parameters Data Type Description
426	2	SchedulerUpdated
426	2	ApiSuccessUpdated
427	2	Type Parameters Data Type Description
427	2	ARCON PAM
427	2	SupportingServiceI
427	2	LineOfBusinessNa
427	2	LineOfBusinessDes
428	2	Type Parameters Data Type Description
428	2	AllowPasswordCha
428	2	UseGlobalPasswor
428	2	LastPasswordChan
428	2	CurrentPasswordA
429	3	16.12.2 Code Blocks for '/InsertUserServiceGroupMappingData'
429	2	Code For Javascript - Jquery Using AJAX
429	2	JSON.stringify([{"IsRecordActiveFlag":"1","SiteName":"Site1","BatchId":"11","SentApi
429	2	Flag":"1","AttemptFlag":"0","CreatedOn":"10/05/2020
429	2	Code For C# Using RestSharp
430	2	Code For Java Using OkHttp
430	2	InsertUserServiceGroupMappingData")
430	2	Code For Python Using Requests
431	2	16.13 InsertUserGroupServiceGroupMappingData
431	2	Type of Request POST
431	2	Endpoint /api/ExtractData/InsertUserGroupServiceGroupMappingData
431	2	Version
431	2	Release Version U3
431	2	Pre Endpoint Call /arconToken
431	2	Request Params - - - -
431	2	Headers Content-Type application/json Mandatory -
431	2	Body
431	2	Response
431	2	Post Endpoint Call All API's
431	2	Supported Features NA
432	3	16.13.1 Data Types of Request and Response
432	2	Type Parameters Data Type Description
432	2	SchedulerUpdated
432	2	ApiSuccessUpdated
432	2	ARCON PAM
432	2	SupportingServiceI
433	2	Type Parameters Data Type Description
433	2	LineOfBusinessNa
433	2	LineOfBusinessDes
433	2	AllowPasswordCha
433	2	UseGlobalPasswor
434	2	Type Parameters Data Type Description
434	2	LastPasswordChan
434	2	CurrentPasswordA
434	3	16.13.2 Code Blocks for '/InsertUserGroupServiceGroupMappingData'
434	2	Code For Javascript - Jquery Using AJAX
434	2	JSON.stringify([{"IsRecordActiveFlag":"1","SiteName":"Site1","BatchId":"11","SentApi
434	2	Flag":"1","AttemptFlag":"0","CreatedOn":"10/05/2020
435	2	Code For C# Using RestSharp
435	2	Code For Java Using OkHttp
435	2	InsertUserGroupServiceGroupMappingData")
436	2	Code For Python Using Requests
436	2	InsertUserGroupServiceGroupMappingData"
436	2	16.14 InsertPasswordLogData
436	2	Type of Request POST
436	2	Endpoint /api/ExtractData/InsertPasswordLogData
436	2	Version
436	2	Release Version U3
436	2	Pre Endpoint Call /arconToken
436	2	Request Params - - - -
436	2	Headers Content-Type application/json Mandatory -
437	2	Body
437	2	Response
437	2	Post Endpoint Call All API's
438	2	Supported Features NA
438	3	16.14.1 Data Types of Request and Response
438	2	Type Parameters Data Type Description
438	2	SchedulerUpdated
438	2	ApiSuccessUpdated
438	2	ARCON PAM
438	2	SupportingServiceI
439	2	Type Parameters Data Type Description
439	2	LineOfBusinessNa
439	2	LineOfBusinessDes
439	2	AllowPasswordCha
439	2	UseGlobalPasswor
440	2	Type Parameters Data Type Description
440	2	LastPasswordChan
440	2	CurrentPasswordA
441	3	16.14.2 Code Blocks for '/InsertPasswordLogData'
441	2	Code For Javascript - Jquery Using AJAX
441	2	JSON.stringify([{"IsRecordActiveFlag":"1","SiteName":"Site1","BatchId":"11","SentApi
441	2	Flag":"1","AttemptFlag":"0","CreatedOn":"10/05/2020
442	2	Code For C# Using RestSharp
443	2	Code For Java Using OkHttp
444	2	Code For Python Using Requests
444	2	16.15 InsertUserServiceMappingData
444	2	Type of Request POST
444	2	Endpoint /api/ExtractData/InsertUserServiceMappingData
444	2	Version
444	2	Release Version U3
445	2	Pre Endpoint Call /arconToken
445	2	Request Params - - - -
445	2	Headers Content-Type application/json Mandatory -
445	2	Body
445	2	Response
445	2	Post Endpoint Call All API's
445	2	Supported Features NA
445	3	16.15.1 Data Types of Request and Response
445	2	Type Parameters Data Type Description
446	2	Type Parameters Data Type Description
446	2	SchedulerUpdated
446	2	ApiSuccessUpdated
446	2	ARCON PAM
446	2	SupportingServiceI
447	2	Type Parameters Data Type Description
447	2	LineOfBusinessNa
447	2	LineOfBusinessDes
447	2	AllowPasswordCha
447	2	UseGlobalPasswor
447	2	LastPasswordChan
448	2	Type Parameters Data Type Description
448	2	CurrentPasswordA
448	3	16.15.2 Code Blocks for '/InsertUserServiceMappingData'
448	2	Code For Javascript - Jquery Using AJAX
448	2	JSON.stringify([{"IsRecordActiveFlag":"1","SiteName":"Site1","BatchId":"11","SentApi
448	2	Flag":"1","AttemptFlag":"0","CreatedOn":"10/05/2020
449	2	Code For C# Using RestSharp
449	2	Code For Java Using OkHttp
450	2	Code For Python Using Requests
450	2	16.16 UpdateRecordEndDate
450	2	Type of Request GET
450	2	Endpoint /api/ExtractData/UpdateRecordEndDate
450	2	Version
450	2	Release Version U3
450	2	Pre Endpoint Call /arconToken
450	2	Request Params - - - -
450	2	Headers Content-Type application/json Mandatory -
451	2	Query
451	2	String
451	2	Paramete
451	2	BatchId=1&ActionType=Update
451	2	Response
451	2	Post Endpoint Call All API's
451	2	Supported Features NA
451	3	16.16.1 Data Types of Request and Response
451	2	Type Parameters Data Type Description
451	2	SchedulerUpdated
451	2	ApiSuccessUpdated
451	2	ARCON PAM
452	2	Type Parameters Data Type Description
452	2	SupportingServiceI
452	2	LineOfBusinessNa
452	2	LineOfBusinessDes
453	2	Type Parameters Data Type Description
453	2	AllowPasswordCha
453	2	UseGlobalPasswor
453	2	LastPasswordChan
453	2	CurrentPasswordA
454	3	16.16.2 Code Blocks for '/UpdateRecordEndDate'
454	2	Code For Javascript - Jquery Using AJAX
454	2	Code For C# Using RestSharp
454	2	Code For Java Using OkHttp
454	2	BatchId=1&ActionType=Update")
455	2	Code For Python Using Requests
455	2	BatchId=1&ActionType=Update"
455	2	16.17 UpdateRecordEndDateTime
455	2	Type of Request POST
455	2	Endpoint /api/ExtractData/UpdateRecordEndDateTime
455	2	Version
455	2	Release Version U3
455	2	Pre Endpoint Call /arconToken
455	2	Request Params - - - -
455	2	Headers Content-Type application/json Mandatory -
456	2	Body
456	2	Response
456	2	Post Endpoint Call All API's
456	2	Supported Features NA
456	3	16.17.1 Data Types of Request and Response
456	2	Type Parameters Data Type Description
457	2	Type Parameters Data Type Description
457	2	SchedulerUpdated
457	2	ApiSuccessUpdated
457	2	ARCON PAM
457	2	SupportingServiceI
458	2	Type Parameters Data Type Description
458	2	LineOfBusinessNa
458	2	LineOfBusinessDes
458	2	AllowPasswordCha
458	2	UseGlobalPasswor
458	2	LastPasswordChan
458	2	CurrentPasswordA
459	2	Type Parameters Data Type Description
459	3	16.17.2 Code Blocks for '/UpdateRecordEndDateTime'
459	2	Code For Javascript - Jquery Using AJAX
459	2	JSON.stringify({"ActionType":"Update","BatchId":"10","IdValusOne":"1","IdValusTwo":"
459	2	IdNameTwo":"Id2","IdValueTwo":"2","ActionFor":"Service","ActionType":"Update","Modif
460	2	Code For C# Using RestSharp
460	2	Code For Java Using OkHttp
461	2	Code For Python Using Requests
461	2	16.18 UpdateRecordEndDateTimeNew
461	2	Type of Request POST
461	2	Endpoint /api/ExtractData/UpdateRecordEndDateTimeNew
461	2	Version
461	2	Release Version U3
461	2	Pre Endpoint Call /arconToken
461	2	Request Params - - - -
461	2	Headers Content-Type application/json Mandatory -
462	2	Body
462	2	Response
462	2	Post Endpoint Call All API's
462	2	Supported Features NA
462	3	16.18.1 Data Types of Request and Response
462	2	Type Parameters Data Type Description
463	2	Type Parameters Data Type Description
463	2	SchedulerUpdated
463	2	ApiSuccessUpdated
463	2	ARCON PAM
463	2	SupportingServiceI
464	2	Type Parameters Data Type Description
464	2	LineOfBusinessNa
464	2	LineOfBusinessDes
464	2	AllowPasswordCha
464	2	UseGlobalPasswor
464	2	LastPasswordChan
464	2	CurrentPasswordA
465	2	Type Parameters Data Type Description
465	3	16.18.2 Code Blocks for '/UpdateRecordEndDateTimeNew'
465	2	Code For Javascript - Jquery Using AJAX
465	2	JSON.stringify({"ActionType":"Update","BatchId":"10","IdValusOne":"1","IdValusTwo":"
465	2	IdNameTwo":"Id2","IdValueTwo":"2","ActionFor":"Service","ActionType":"Update","Modif
466	2	Code For C# Using RestSharp
466	2	Code For Java Using OkHttp
467	2	Code For Python Using Requests
467	2	16.19 GetBatchRunningStatus
467	2	Type of Request GET
467	2	Endpoint /api/ExtractData/GetBatchRunningStatus
467	2	Version
467	2	Release Version U3
467	2	Pre Endpoint Call /arconToken
467	2	Request Params - - - -
467	2	Headers Content-Type application/json Mandatory -
468	2	Query
468	2	String
468	2	Paramete
468	2	TableName=ServiceMaster
468	2	Response
468	2	Post Endpoint Call All API's
468	2	Supported Features NA
468	3	16.19.1 Data Types of Request and Response
468	2	Type Parameters Data Type Description
468	2	SchedulerUpdated
468	2	ApiSuccessUpdated
468	2	ARCON PAM
469	2	Type Parameters Data Type Description
469	2	SupportingServiceI
469	2	LineOfBusinessNa
469	2	LineOfBusinessDes
470	2	Type Parameters Data Type Description
470	2	AllowPasswordCha
470	2	UseGlobalPasswor
470	2	LastPasswordChan
470	2	CurrentPasswordA
471	3	16.19.2 Code Blocks for '/GetBatchRunningStatus'
471	2	Code For Javascript - Jquery Using AJAX
471	2	Code For C# Using RestSharp
471	2	Code For Java Using OkHttp
471	2	TableName=ServiceMaster")
472	2	Code For Python Using Requests
472	2	TableName=ServiceMaster"
472	2	16.20 InsertServicePswdDetailsMasterData
472	2	Type of Request POST
472	2	Endpoint /api/ExtractData/InsertServicePswdDetailsMasterData
472	2	Version
472	2	Release Version U3
472	2	Pre Endpoint Call /arconToken
472	2	Request Params - - - -
472	2	Headers Content-Type application/json Mandatory -
473	2	Body
474	2	Response
474	2	Post Endpoint Call All API's
474	2	Supported Features NA
474	3	16.20.1 Data Types of Request and Response
474	2	Type Parameters Data Type Description
474	2	SchedulerUpdated
474	2	ApiSuccessUpdated
474	2	ARCON PAM
475	2	Type Parameters Data Type Description
475	2	SupportingServiceI
475	2	LineOfBusinessNa
475	2	LineOfBusinessDes
475	2	AllowPasswordCha
475	2	UseGlobalPasswor
476	2	Type Parameters Data Type Description
476	2	LastPasswordChan
476	2	CurrentPasswordA
477	3	16.20.2 Code Blocks for '/InsertServicePswdDetailsMasterData'
477	2	Code For Javascript - Jquery Using AJAX
477	2	JSON.stringify([{"IsRecordActiveFlag":"1","SiteName":"Site1","BatchId":"11","SentApi
477	2	Flag":"1","AttemptFlag":"0","CreatedOn":"10/05/2020
478	2	Code For C# Using RestSharp
479	2	Code For Java Using OkHttp
479	2	InsertServicePswdDetailsMasterData")
480	2	Code For Python Using Requests
480	2	InsertServicePswdDetailsMasterData"
480	2	16.21 InsertTimeBasedServiceMappingData
480	2	Type of Request POST
480	2	Endpoint /api/ExtractData/InsertTimeBasedServiceMappingData
481	2	Version
481	2	Release Version U3
481	2	Pre Endpoint Call /arconToken
481	2	Request Params - - - -
481	2	Headers Content-Type application/json Mandatory -
482	2	Body
483	2	Response
483	2	Post Endpoint Call All API's
483	2	Supported Features NA
483	3	16.21.1 Data Types of Request and Response
483	2	Type Parameters Data Type Description
483	2	SchedulerUpdated
483	2	ApiSuccessUpdated
483	2	ARCON PAM
484	2	Type Parameters Data Type Description
484	2	SupportingServiceI
484	2	LineOfBusinessNa
484	2	LineOfBusinessDes
484	2	AllowPasswordCha
484	2	UseGlobalPasswor
485	2	Type Parameters Data Type Description
485	2	LastPasswordChan
485	2	CurrentPasswordA
486	3	16.21.2 Code Blocks for '/InsertTimeBasedServiceMappingData'
486	2	Code For Javascript - Jquery Using AJAX
486	2	JSON.stringify([{"IsRecordActiveFlag":"1","SiteName":"Site1","BatchId":"11","SentApi
486	2	Flag":"1","AttemptFlag":"0","CreatedOn":"10/05/2020
486	2	Approved","RecordStartDate":"10/05/2020 05:59:00","RecordEndDate":"10/06/2020
487	2	Code For C# Using RestSharp
488	2	Code For Java Using OkHttp
488	2	InsertTimeBasedServiceMappingData")
489	2	Code For Python Using Requests
489	2	\"RevokedReason\":\"Not Approved\",\n    \"RecordStartDate\":\"10/05/2020
489	2	16.22 GetBatchIdStatus
489	2	Type of Request POST
489	2	Endpoint /api/ExtractData/GetBatchIdStatus
489	2	Version
490	2	Release Version U3
490	2	Pre Endpoint Call /arconToken
490	2	Request Params - - - -
490	2	Headers Content-Type application/json Mandatory -
490	2	Body
490	2	Response
490	2	Post Endpoint Call All API's
490	2	Supported Features NA
490	3	16.22.1 Data Types of Request and Response
490	2	Type Parameters Data Type Description
491	2	Type Parameters Data Type Description
491	2	SchedulerUpdated
491	2	ApiSuccessUpdated
491	2	ARCON PAM
491	2	SupportingServiceI
492	2	Type Parameters Data Type Description
492	2	LineOfBusinessNa
492	2	LineOfBusinessDes
492	2	AllowPasswordCha
492	2	UseGlobalPasswor
492	2	LastPasswordChan
492	2	CurrentPasswordA
493	2	Type Parameters Data Type Description
493	3	16.22.2 Code Blocks for '/GetBatchIdStatus'
493	2	Code For Javascript - Jquery Using AJAX
493	2	Code For C# Using RestSharp
494	2	Code For Java Using OkHttp
494	2	Code For Python Using Requests
494	2	16.23 InsertLobUserMappingData
494	2	Type of Request POST
494	2	Endpoint /api/ExtractData/InsertLobUserMappingData
494	2	Version
494	2	Release Version U3
495	2	Pre Endpoint Call /arconToken
495	2	Request Params - - - -
495	2	Headers Content-Type application/json Mandatory -
495	2	Body
495	2	Response
495	2	Post Endpoint Call All API's
495	2	Supported Features NA
495	3	16.23.1 Data Types of Request and Response
495	2	Type Parameters Data Type Description
496	2	Type Parameters Data Type Description
496	2	SchedulerUpdated
496	2	ApiSuccessUpdated
496	2	ARCON PAM
496	2	SupportingServiceI
497	2	Type Parameters Data Type Description
497	2	LineOfBusinessNa
497	2	LineOfBusinessDes
497	2	AllowPasswordCha
497	2	UseGlobalPasswor
498	2	Type Parameters Data Type Description
498	2	LastPasswordChan
498	2	CurrentPasswordA
498	3	16.23.2 Code Blocks for '/InsertLobUserMappingData'
498	2	Code For Javascript - Jquery Using AJAX
498	2	JSON.stringify([{"IsRecordActiveFlag":"1","SiteName":"Site1","BatchId":"11","SentApi
498	2	Flag":"1","AttemptFlag":"0","CreatedOn":"10/05/2020
499	2	Code For C# Using RestSharp
499	2	Code For Java Using OkHttp
500	2	Code For Python Using Requests
500	2	16.24 InsertLobServiceMappingData
500	2	Type of Request POST
500	2	Endpoint /api/ExtractData/InsertLobServiceMappingData
500	2	Version
500	2	Release Version U3
500	2	Pre Endpoint Call /arconToken
500	2	Request Params - - - -
500	2	Headers Content-Type application/json Mandatory -
501	2	Body
501	2	Response
501	2	Post Endpoint Call All API's
501	2	Supported Features NA
501	3	16.24.1 Data Types of Request and Response
501	2	Type Parameters Data Type Description
501	2	SchedulerUpdated
502	2	Type Parameters Data Type Description
502	2	ApiSuccessUpdated
502	2	ARCON PAM
502	2	SupportingServiceI
502	2	LineOfBusinessNa
503	2	Type Parameters Data Type Description
503	2	LineOfBusinessDes
503	2	AllowPasswordCha
503	2	UseGlobalPasswor
503	2	LastPasswordChan
503	2	CurrentPasswordA
504	2	Type Parameters Data Type Description
504	3	16.24.2 Code Blocks for '/InsertLobServiceMappingData'
504	2	Code For Javascript - Jquery Using AJAX
504	2	JSON.stringify([{"IsRecordActiveFlag":"1","SiteName":"Site1","BatchId":"11","SentApi
504	2	Flag":"1","AttemptFlag":"0","CreatedOn":"10/05/2020
505	2	Code For C# Using RestSharp
505	2	Code For Java Using OkHttp
506	2	Code For Python Using Requests
507	1	17 FileDetails
507	2	17.1 GetTrials
507	2	Type of Request GET
507	2	Endpoint /api/FileDetails/GetTrials
507	2	Version
507	2	Release Version U3
507	2	Pre Endpoint Call /arconToken
507	2	Request Params - - - -
507	2	Headers Content-Type application/json Mandatory -
507	2	Not Required
507	2	Response
507	2	Post Endpoint Call All API's
507	2	Supported Features NA
507	1	1. For C# using Rest-Sharp, https://www.nuget.org/packages/RestSharp/105.2.3
507	1	2. For Java using OK HTTP: https://square.github.io/okhttp/
507	1	3. For Python
508	3	17.1.1 Data Types of Request and Response
508	2	Type Parameters Data Type Description
508	2	Request No Parameters
508	3	17.1.2 Code Blocks for '/GetTrials'
508	2	Code For Javascript - Jquery Using AJAX
508	2	Code For C# Using RestSharp
509	2	Code For Java Using OkHttp
509	2	Code For Python Using Requests
509	2	17.2 GetFileServerConfigurationForFileVaultAgent
509	2	Type of Request GET
509	2	Endpoint /api/FileDetails/GetFileServerConfigurationForFileVaultAgent
509	2	Version
509	2	Release Version U3
509	2	Pre Endpoint Call /arconToken
509	2	Request Params - - - -
509	2	Headers Content-Type application/json Mandatory -
510	2	Not Required
510	2	Response
510	2	Post Endpoint Call All API's
510	2	Supported Features NA
510	3	17.2.1 Data Types of Request and Response
510	2	Type Parameters Data Type Description
510	2	Request No Parameters
511	2	Type Parameters Data Type Description
511	2	ARCON PAM
511	2	ARCON PAM
512	2	Type Parameters Data Type Description
512	2	ARCON PAM
512	3	17.2.2 Code Blocks for '/GetFileServerConfigurationForFileVaultAgent'
512	2	Code For Javascript - Jquery Using AJAX
512	2	Code For C# Using RestSharp
513	2	Code For Java Using OkHttp
513	2	GetFileServerConfigurationForFileVaultAgent")
513	2	Code For Python Using Requests
513	2	GetFileServerConfigurationForFileVaultAgent"
513	2	17.3 GetDetailsOfFilesOnFileServer
513	2	Type of Request GET
513	2	Endpoint /api/FileDetails/GetDetailsOfFilesOnFileServer
513	2	Version
513	2	Release Version U3
513	2	Pre Endpoint Call /arconToken
513	2	Request Params - - - -
513	2	Headers Content-Type application/json Mandatory -
514	2	Not Required
514	2	Post Endpoint Call All API's
514	2	Supported Features NA
515	3	17.3.1 Data Types of Request and Response
515	2	Type Parameters Data Type Description
515	2	Request No Parameters
515	2	ARCON PAM
516	3	17.3.2 Code Blocks for '/GetDetailsOfFilesOnFileServer'
516	2	Code For Javascript - Jquery Using AJAX
516	2	Code For C# Using RestSharp
516	2	Code For Java Using OkHttp
517	2	Code For Python Using Requests
517	2	17.4 UpdateDatabaseAfterDeletionOfFilesOnFileServer
517	2	Type of Request POST
517	2	Endpoint /api/FileDetails/UpdateDatabaseAfterDeletionOfFilesOnFileServer
517	2	Version
517	2	Release Version U3
517	2	Pre Endpoint Call /arconToken
517	2	Request Params - - - -
517	2	Headers Content-Type application/json Mandatory -
517	2	Not Required
518	2	Body
518	2	Response
518	2	Post Endpoint Call All API's
518	2	Supported Features NA
518	3	17.4.1 Data Types of Request and Response
518	2	Type Parameters Data Type Description
519	3	17.4.2 Code Blocks for '/UpdateDatabaseAfterDeletionOfFilesOnFileServer'
519	2	Code For Javascript - Jquery Using AJAX
519	2	Code For C# Using RestSharp
520	2	Code For Java Using OkHttp
520	2	UpdateDatabaseAfterDeletionOfFilesOnFileServer")
520	2	Code For Python Using Requests
520	2	UpdateDatabaseAfterDeletionOfFilesOnFileServer"
520	2	17.5 GetFileSharedData
520	2	Type of Request GET
520	2	Endpoint /api/FileDetails/GetFileSharedData
520	2	Release Version U10
521	2	Pre Endpoint Call /arconToken
521	2	Request Params - - - -
521	2	Headers Content-Type application/json Mandatory -
521	2	Mandatory
521	2	Response
521	2	Post Endpoint Call All API's
521	2	Supported Features NA
521	3	17.5.1 Data Types of Request and Response
521	2	Type Parameters Data Type Description
521	2	Request No Parameters
521	2	SharedWithUserDo
521	2	SharedFilePathOnF
522	3	17.5.2 Code Blocks for '/GetFileSharedData'
522	2	Code For Javascript - Jquery Using AJAX
522	2	Code For C# Using RestSharp
522	2	Code For Java Using OkHttp
523	2	Code For Python Using Requests
523	2	17.6 UpdateDatabaseAfterDeletionOfFilesOnFileServerByUser
523	2	Type of Request POST
523	2	Endpoint /api/FileDetails/UpdateDatabaseAfterDeletionOfFilesOnFileServerByUser
523	2	Version
523	2	Release Version U13
523	2	Pre Endpoint Call /arconToken
523	2	Request Params - - - -
523	2	Headers Content-Type application/json Mandatory -
524	2	Body
524	2	Response
524	2	Post Endpoint Call All API's
524	2	Supported Features NA
524	3	17.6.1 Data Types of Request and Response
524	2	Type Parameters Data Type Description
525	3	17.6.2 Code Blocks for '/UpdateDatabaseAfterDeletionOfFilesOnFileServerByUser'
525	2	Code For Javascript - Jquery Using AJAX
525	2	"data": JSON.stringify([{"afs_id":"114","afs_file_deleted_by":"J8Gjjg0DJ3/
525	2	Code For C# Using RestSharp
526	2	Code For Java Using OkHttp
526	2	UpdateDatabaseAfterDeletionOfFilesOnFileServerByUser")
526	2	Code For Python Using Requests
526	2	UpdateDatabaseAfterDeletionOfFilesOnFileServerByUser"
527	2	17.7 GetDetailsOfDeletedFileLogsWithCreatorAndDomain
527	2	Type of Request GET
527	2	Endpoint /api/FileDetails/GetDetailsOfDeletedFileLogsWithCreatorAndDomain
527	2	Release Version U9
527	2	Pre Endpoint Call /arconToken
527	2	Request Params - - - -
527	2	Headers Content-Type application/json Mandatory -
527	2	Mandatory
527	2	Response
527	2	Post Endpoint Call All API's
527	2	Supported Features NA
527	3	17.7.1 Data Types of Request and Response
527	2	Type Parameters Data Type Description
527	2	Request No Parameters
528	3	17.7.2 Code Blocks for '/GetDetailsOfDeletedFileLogsWithCreatorAndDomain'
528	2	Code For Javascript - Jquery Using AJAX
528	2	Code For C# Using RestSharp
528	2	Code For Java Using OkHttp
528	2	GetDetailsOfDeletedFileLogsWithCreatorAndDomain")
529	2	Code For Python Using Requests
529	2	GetDetailsOfDeletedFileLogsWithCreatorAndDomain"
529	2	17.8 GetDetailsOfFilesOnFileServerWithCreatorAndDomain
529	2	Type of Request GET
529	2	Endpoint /api/FileDetails/GetDetailsOfFilesOnFileServerWithCreatorAndDomain
529	2	Release Version U10
529	2	Pre Endpoint Call /arconToken
529	2	Request Params - - - -
529	2	Headers Content-Type application/json Mandatory -
529	2	Mandatory
529	2	Response
529	2	Post Endpoint Call All API's
529	2	Supported Features NA
530	3	17.8.1 Data Types of Request and Response
530	2	Type Parameters Data Type Description
530	2	Request No Parameters
530	3	17.8.2 Code Blocks for '/GetDetailsOfFilesOnFileServerWithCreatorAndDomain'
530	2	Code For Javascript - Jquery Using AJAX
531	2	Code For C# Using RestSharp
531	2	Code For Java Using OkHttp
531	2	GetDetailsOfFilesOnFileServerWithCreatorAndDomain")
531	2	Code For Python Using Requests
531	2	GetDetailsOfFilesOnFileServerWithCreatorAndDomain"
532	1	18 FileServerDetail
532	2	18.1 GetFileUploadConfiguration
532	2	Type of Request POST
532	2	Endpoint /api/FileServerDetail/GetFileUploadConfiguration
532	2	Version
532	2	Release Version U3
532	2	Pre Endpoint Call /arconToken
532	2	Request Params - - - -
532	2	Headers Content-Type application/json Mandatory -
532	2	Not Required
532	2	Body
532	1	1. For C# using Rest-Sharp, https://www.nuget.org/packages/RestSharp/105.2.3
532	1	2. For Java using OK HTTP: https://square.github.io/okhttp/
532	1	3. For Python
533	2	Response
533	2	Post Endpoint Call All API's
533	2	Supported Features NA
533	3	18.1.1 Data Types of Request and Response
533	2	Type Parameters Data Type Description
534	2	Type Parameters Data Type Description
534	2	ARCON PAM
534	2	ARCON PAM
535	2	Type Parameters Data Type Description
535	2	ARCON PAM
535	3	18.1.2 Code Blocks for '/GetFileUploadConfiguration'
535	2	Code For Javascript - Jquery Using AJAX
535	2	Code For C# Using RestSharp
536	2	Code For Java Using OkHttp
536	2	Code For Python Using Requests
536	2	18.2 UpdateFileUploadConfiguration
536	2	Type of Request POST
536	2	Endpoint /api/FileServerDetail/UpdateFileUploadConfiguration
536	2	Version
536	2	Release Version U3
536	2	Pre Endpoint Call /arconToken
536	2	Request Params - - - -
536	2	Headers Content-Type application/json Mandatory -
537	2	Not Required
537	2	Body
538	2	Response
538	2	Post Endpoint Call All API's
538	2	Supported Features NA
538	3	18.2.1 Data Types of Request and Response
538	2	Type Parameters Data Type Description
539	2	Type Parameters Data Type Description
539	2	ARCON PAM
540	2	Type Parameters Data Type Description
540	2	ARCON PAM
540	2	ARCON PAM
540	2	ARCON PAM
540	3	18.2.2 Code Blocks for '/UpdateFileUploadConfiguration'
540	2	Code For Javascript - Jquery Using AJAX
540	2	JSON.stringify({"fsd_id":"1","fsd_filepathofserver":"ftpfiles","fsd_maxfilesize":"15
541	2	Code For C# Using RestSharp
541	2	Code For Java Using OkHttp
541	2	UpdateFileUploadConfiguration")
542	2	Code For Python Using Requests
542	2	UpdateFileUploadConfiguration"
542	2	18.3 GetFileServerConfigJson
542	2	Type of Request POST
542	2	Endpoint /api/FileServerDetail/GetFileServerConfigJson
542	2	Version
542	2	Release Version U3
542	2	Pre Endpoint Call /arconToken
542	2	Request Params - - - -
542	2	Headers Content-Type application/json Mandatory -
542	2	Not Required
542	2	Body
543	2	Response
543	2	\"ARCOSADMIN\",\r\n  \"Original\": \"        ARCONFileVault 10
543	2	Post Endpoint Call All API's
543	2	Supported Features NA
543	3	18.3.1 Data Types of Request and Response
543	2	Type Parameters Data Type Description
544	2	Type Parameters Data Type Description
544	2	ARCON PAM
544	3	18.3.2 Code Blocks for '/GetFileServerConfigJson'
544	2	Code For Javascript - Jquery Using AJAX
544	2	Code For C# Using RestSharp
545	2	Code For Java Using OkHttp
545	2	Code For Python Using Requests
545	2	18.4 GetFileServerConfiguration
545	2	Type of Request POST
545	2	Endpoint /api/FileServerDetail/GetFileServerConfiguration
545	2	Version
545	2	Release Version U3
545	2	Pre Endpoint Call /arconToken
545	2	Request Params - - - -
546	2	Headers Content-Type application/json Mandatory -
546	2	Not Required
546	2	Body
546	2	Response
546	2	Post Endpoint Call All API's
546	2	Supported Features NA
546	3	18.4.1 Data Types of Request and Response
546	2	Type Parameters Data Type Description
547	3	18.4.2 Code Blocks for '/GetFileServerConfiguration'
547	2	Code For Javascript - Jquery Using AJAX
547	2	Code For C# Using RestSharp
548	2	Code For Java Using OkHttp
548	2	Code For Python Using Requests
548	2	18.5 GetFileServerConfigurationJson
548	2	Type of Request POST
548	2	Endpoint /api/FileServerDetail/GetFileServerConfigurationJson
548	2	Version
548	2	Release Version U3
548	2	Pre Endpoint Call /arconToken
548	2	Request Params - - - -
549	2	Headers Content-Type application/json Mandatory -
549	2	Not Required
549	2	Body
549	2	Response
549	2	Post Endpoint Call All API's
549	2	Supported Features NA
549	3	18.5.1 Data Types of Request and Response
549	2	Type Parameters Data Type Description
550	3	18.5.2 Code Blocks for '/GetFileServerConfigurationJson'
550	2	Code For Javascript - Jquery Using AJAX
550	2	Code For C# Using RestSharp
551	2	Code For Java Using OkHttp
551	2	GetFileServerConfigurationJson")
551	2	Code For Python Using Requests
551	2	GetFileServerConfigurationJson"
551	2	18.6 GetFileServerConfigurationforDownload
551	2	Type of Request POST
551	2	Endpoint /api/FileServerDetail/GetFileServerConfigurationforDownload
551	2	Version
551	2	Release Version U3
551	2	Pre Endpoint Call /arconToken
552	2	Request Params - - - -
552	2	Headers Content-Type application/json Mandatory -
552	2	Not Required
552	2	Body
552	2	Response
552	2	Post Endpoint Call All API's
552	2	Supported Features NA
552	3	18.6.1 Data Types of Request and Response
552	2	Type Parameters Data Type Description
553	3	18.6.2 Code Blocks for '/GetFileServerConfigurationforDownload'
553	2	Code For Javascript - Jquery Using AJAX
553	2	Code For C# Using RestSharp
554	2	Code For Java Using OkHttp
554	2	GetFileServerConfigurationforDownload")
554	2	Code For Python Using Requests
554	2	GetFileServerConfigurationforDownload"
554	2	18.7 InsertFileServerConfiguration
554	2	Type of Request POST
554	2	Endpoint /api/FileServerDetail/InsertFileServerConfiguration
554	2	Version
554	2	Release Version U3
554	2	Pre Endpoint Call /arconToken
554	2	Request Params - - - -
555	2	Headers Content-Type application/json Mandatory -
555	2	Not Required
555	2	Body
555	2	Response
555	2	Post Endpoint Call All API's
555	2	Supported Features NA
555	3	18.7.1 Data Types of Request and Response
555	2	Type Parameters Data Type Description
556	2	Type Parameters Data Type Description
556	2	ARCON PAM
556	3	18.7.2 Code Blocks for '/InsertFileServerConfiguration'
556	2	Code For Javascript - Jquery Using AJAX
556	2	JSON.stringify({"fsd_filepathofserver":"ftpfiles","fsd_maxfilesize":"10","fsd_autocl
557	2	Code For C# Using RestSharp
557	2	Code For Java Using OkHttp
557	2	InsertFileServerConfiguration")
558	2	Code For Python Using Requests
558	2	InsertFileServerConfiguration"
558	2	18.8 DeleteFileServerConfiguration
558	2	Type of Request POST
558	2	Endpoint /api/FileServerDetail/DeleteFileServerConfiguration
558	2	Version
558	2	Release Version U3
558	2	Pre Endpoint Call /arconToken
558	2	Request Params - - - -
558	2	Headers Content-Type application/json Mandatory -
558	2	Not Required
558	2	Body
559	2	Response
559	2	Post Endpoint Call All API's
559	2	Supported Features NA
559	3	18.8.1 Data Types of Request and Response
559	2	Type Parameters Data Type Description
559	3	18.8.2 Code Blocks for '/DeleteFileServerConfiguration'
559	2	Code For Javascript - Jquery Using AJAX
560	2	Code For C# Using RestSharp
560	2	Code For Java Using OkHttp
560	2	DeleteFileServerConfiguration")
560	2	Code For Python Using Requests
560	2	DeleteFileServerConfiguration"
561	2	18.9 InsertUploadedFileDetails
561	2	Type of Request POST
561	2	Endpoint /api/FileServerDetail/InsertUploadedFileDetails
561	2	Version
561	2	Release Version U3
561	2	Pre Endpoint Call /arconToken
561	2	Request Params - - - -
561	2	Headers Content-Type application/json Mandatory -
561	2	Not Required
561	2	Body
561	2	Response
561	2	Post Endpoint Call All API's
561	2	Supported Features NA
561	3	18.9.1 Data Types of Request and Response
561	2	Type Parameters Data Type Description
562	2	Type Parameters Data Type Description
562	2	StorageReferenceN
562	2	FilePathOnFileServ
562	3	18.9.2 Code Blocks for '/InsertUploadedFileDetails'
562	2	Code For Javascript - Jquery Using AJAX
562	2	JSON.stringify({"FileStorageType":"2","StorageReferenceNo":"1318","FileName":"TestFi
563	2	Code For C# Using RestSharp
563	2	Code For Java Using OkHttp
564	2	Code For Python Using Requests
565	1	19 Flooding
565	2	19.1 Flooding
565	2	Type of Request POST
565	2	Endpoint /api/Flooding/Flooding
565	2	Version
565	2	Release Version U4
565	2	Pre Endpoint Call /arconToken
565	2	Request Params - - - -
565	2	Headers Content-Type application/json Mandatory -
565	2	Query
565	2	String
565	2	Paramete
565	1	1. For C# using Rest-Sharp, https://www.nuget.org/packages/RestSharp/105.2.3
565	1	2. For Java using OK HTTP: https://square.github.io/okhttp/
565	1	3. For Python
566	2	Response
567	2	Post Endpoint Call None
567	2	Supported Features NA
567	3	19.1.1 Data Types of Request and Response
567	2	Type Parameters Data Type Description
568	3	19.1.2 Code Blocks for ‘/Flooding’
568	2	Code For Javascript - Jquery Using AJAX
568	2	Code For C# Using RestSharp
569	2	Code For Java Using OkHttp
569	2	Code For Python Using Requests
570	1	20 HSMEntrust
570	2	20.1 Overview
570	2	20.2 ReadDataFromHSMEntrust
570	2	Type of Request POST
570	2	Endpoint /api/HSMEntrust/ReadDataFromHSMEntrust
570	2	Version
570	2	Release Version U16_SP2
570	2	Pre Endpoint Call /arconToken
570	2	Request Params - - - -
570	2	Headers Content-Type application/json Mandatory -
570	1	1. For C# using Rest-Sharp, https://www.nuget.org/packages/RestSharp/105.2.3
570	1	2. For Java using OK HTTP: https://square.github.io/okhttp/
570	1	3. For Python
571	2	Body
571	2	Response
571	2	Post Endpoint Call All API's
571	2	Supported Features NA
571	3	20.2.1 Data Types of Request and Response
571	2	Type Parameters Data Type Description
572	3	20.2.2 Code Blocks for '/ReadDataFromHSMEntrust'
572	2	Code For Javascript - Jquery Using AJAX
572	2	Code For C# Using RestSharp
573	2	Code For Java Using OkHttp
573	2	Code For Python Using Requests
573	2	20.3 CheckConnectionToHSMEntrust
573	2	Type of Request POST
573	2	Endpoint /api/HSMEntrust/CheckConnectionToHSMEntrust
573	2	Version
573	2	Release Version U16_SP2
573	2	Pre Endpoint Call /arconToken
574	2	Request Params - - - -
574	2	Headers Content-Type application/json Mandatory -
574	2	Body
574	2	Response
574	2	Post Endpoint Call All API's
574	2	Supported Features NA
574	3	20.3.1 Data Types of Request and Response
574	2	Type Parameters Data Type Description
575	3	20.3.2 Code Blocks for '/CheckConnectionToHSMEntrust'
575	2	Code For Javascript - Jquery Using AJAX
575	2	Code For C# Using RestSharp
576	2	Code For Java Using OkHttp
576	2	Code For Python Using Requests
576	2	20.4 WriteDataToHSMEntrust
576	2	Type of Request POST
576	2	Endpoint /api/HSMEntrust/WriteDataToHSMEntrust
576	2	Version
576	2	Release Version U16_SP2
576	2	Pre Endpoint Call /arconToken
577	2	Request Params - - - -
577	2	Headers Content-Type application/json Mandatory -
577	2	Body
577	2	Response
577	2	Post Endpoint Call All API's
577	2	Supported Features NA
577	3	20.4.1 Data Types of Request and Response
577	2	Type Parameters Data Type Description
578	3	20.4.2 Code Blocks for '/WriteDataToHSMEntrust'
578	2	Code For Javascript - Jquery Using AJAX
578	2	Code For C# Using RestSharp
579	2	Code For Java Using OkHttp
579	2	Code For Python Using Requests
580	1	21 HSMUtimaco
580	2	21.1 Overview
580	2	21.2 ReadDataFromHSMUtimaco
580	2	Type of Request POST
580	2	Endpoint /api/HSMUtimaco/ReadDataFromHSMUtimaco
580	2	Version
580	2	Release Version U3
580	2	Pre Endpoint Call /arconToken
580	2	Request Params - - - -
580	2	Headers Content-Type application/json Mandatory -
580	1	1. For C# using Rest-Sharp, https://www.nuget.org/packages/RestSharp/105.2.3
580	1	2. For Java using OK HTTP: https://square.github.io/okhttp/
580	1	3. For Python
581	2	Body
581	2	Response
581	2	Post Endpoint Call All API's
581	2	Supported Features NA
581	3	21.2.1 Data Types of Request and Response
581	2	Type Parameters Data Type Description
582	3	21.2.2 Code Blocks for '/ReadDataFromHSMUtimaco'
582	2	Code For Javascript - Jquery Using AJAX
582	2	Code For C# Using RestSharp
583	2	Code For Java Using OkHttp
583	2	Code For Python Using Requests
583	2	21.3 CheckConnectionToHSMUtimaco
583	2	Type of Request POST
583	2	Endpoint /api/HSMUtimaco/CheckConnectionToHSMUtimaco
583	2	Version
583	2	Release Version U3
583	2	Pre Endpoint Call /arconToken
584	2	Request Params - - - -
584	2	Headers Content-Type application/json Mandatory -
584	2	Body
584	2	Response
584	2	Post Endpoint Call All API's
584	2	Supported Features NA
584	3	21.3.1 Data Types of Request and Response
584	2	Type Parameters Data Type Description
585	3	21.3.2 Code Blocks for '/CheckConnectionToHSMUtimaco'
585	2	Code For Javascript - Jquery Using AJAX
585	2	Code For C# Using RestSharp
586	2	Code For Java Using OkHttp
586	2	Code For Python Using Requests
586	2	21.4 WriteDataToHSMUtimaco
586	2	Type of Request POST
586	2	Endpoint /api/HSMUtimaco/WriteDataToHSMUtimaco
586	2	Version
586	2	Release Version U3
586	2	Pre Endpoint Call /arconToken
587	2	Request Params - - - -
587	2	Headers Content-Type application/json Mandatory -
587	2	Body
587	2	Response
587	2	Post Endpoint Call All API's
587	2	Supported Features NA
587	3	21.4.1 Data Types of Request and Response
587	2	Type Parameters Data Type Description
588	3	21.4.2 Code Blocks for '/WriteDataToHSMUtimaco'
588	2	Code For Javascript - Jquery Using AJAX
588	2	Code For C# Using RestSharp
589	2	Code For Java Using OkHttp
589	2	Code For Python Using Requests
590	1	22 Introduction
590	2	22.1 Authentication JWT Token Flow
590	3	22.1.1 Reference Documents
590	1	1. JSON Web Tokens detailed documentation: https://jwt.io/
590	1	2. OAuth 2.0 detailed documentation: https://oauth.net/2/
590	3	22.1.2 arconToken - Token Generation By using Refresh Token
590	2	Type of Request POST
590	2	Endpoint /arconToken
590	2	Version
590	2	Release Version U3
590	2	Pre Endpoint Call /arconToken
590	1	1. For C# using Rest-Sharp, https://www.nuget.org/packages/RestSharp/105.2.3
590	1	2. For Java using OK HTTP: https://square.github.io/okhttp/
590	1	3. For Python
591	2	Request Params - - - -
591	2	Mandatory -
591	2	Body
591	2	Response
591	2	Post Endpoint Call All API's
591	2	Supported Features All endpoints
591	3	22.1.2.1 Data Types of Request and Response
591	2	Type Parameters Data Type Description
592	2	Type Parameters Data Type Description
592	3	22.1.2.2 Code Blocks for '/arconToken'
592	2	Code For Javascript - Jquery Using AJAX
593	2	Code For C# Using RestSharp
593	2	Code For Java Using OkHttp
593	2	Code For Python Using Requests
594	2	22.2 SIEM
594	3	22.2.1 GetUserLoginAttempt
594	2	Type of Request POST
594	2	Endpoint /api/SIEM/GetUserLoginAttempt
594	2	Version
594	2	Release Version U13
594	2	Pre Endpoint Call /arconToken
594	2	Request Params - - - -
594	2	Mandatory -
594	2	Body
595	2	Response
595	2	Post Endpoint Call All API's
595	2	Supported Features All endpoints
596	3	22.2.1.1 Data Types of Request and Response
596	2	Type Parameters Data Type Description
596	2	NumberOfRecords int Positive Integer
596	2	ARCON PAM User
596	2	PAM User
596	2	Sample
596	2	Sample
597	2	Type Parameters Data Type Description
597	2	Domain Name
597	2	MM/DD/YYYY
597	2	Sample
597	2	DSK034]
598	3	22.2.1.2 Code Blocks for '/GetUserLoginAttempt'
598	2	Code For Javascript - Jquery Using AJAX
598	2	JSON.stringify({"FromDate":"2019-06-22T02:37:00","ToDate":"2019-06-26T12:37:00","Num
598	2	Code For C# Using RestSharp
599	2	Code For Java Using OkHttp
599	2	Code For Python Using Requests
599	3	22.2.2 GetFailedLoginAttempt
599	2	Type of Request POST
599	2	Endpoint /api/SIEM/GetFailedLoginAttempt
599	2	Version
599	2	Release Version U13
600	2	Pre Endpoint Call /arconToken
600	2	Request Params - - - -
600	2	Headers Content-Type application/json Mandatory -
600	2	Mandatory
600	2	Body
601	2	Response
601	2	"Status": "Authentication Failed"
601	2	"Status": "Authentication Failed"
601	2	Post Endpoint Call All API's
601	2	Supported Features All endpoints
602	3	22.2.2.1 Data Types of Request and Response
602	2	Type Parameters Data Type Description
602	2	NumberOfRecords int Positive Integer
602	2	ARCON PAM User
602	2	PAM User
602	2	Sample
602	2	Sample
603	2	Type Parameters Data Type Description
603	2	Domain Name
603	2	MM/DD/YYYY
603	2	Sample
603	2	DSK034]
603	2	Failed“
604	3	22.2.2.2 Code Blocks for '/GetFailedLoginAttempt'
604	2	Code For Javascript - Jquery Using AJAX
604	2	JSON.stringify({"FromDate":"2019-06-22T02:37:00","ToDate":"2019-06-26T12:37:00","Num
604	2	Code For C# Using RestSharp
605	2	Code For Java Using OkHttp
605	2	Code For Python Using Requests
605	3	22.2.3 GetServiceCommand
605	2	Type of Request POST
605	2	Endpoint /api/SIEM/GetServiceCommand
605	2	Version
605	2	Release Version U13
606	2	Pre Endpoint Call /arconToken
606	2	Request Params - - - -
606	2	Headers Content-Type application/json Mandatory -
606	2	Mandatory
606	2	Body
607	2	Response
607	2	"LOBProfile": "DEFAULT LOB 1"
607	2	"LOBProfile": "DEFAULT LOB 1"
608	2	Post Endpoint Call All API's
608	2	Supported Features All endpoints
608	3	22.2.3.1 Data Types of Request and Response
608	2	Type Parameters Data Type Description
608	2	User
608	2	PAM User
609	2	Type Parameters Data Type Description
609	2	ServerConnectionTyp
609	2	ServerConnectionTyp
610	3	22.2.3.2 Code Blocks for '/GetServiceCommand'
610	2	Code For Javascript - Jquery Using AJAX
610	2	JSON.stringify({"FromDate":"2008-06-22T02:37:00","ToDate":"2019-06-26T12:37:00","Num
610	2	Code For C# Using RestSharp
611	2	Code For Java Using OkHttp
611	2	Code For Python Using Requests
611	3	22.2.3.3 GetServiceAccess
611	2	Type of Request POST
611	2	Endpoint /api/SIEM/GetServiceAccess
611	2	Version
612	2	Release Version U13
612	2	Pre Endpoint Call /arconToken
612	2	Request Params - - - -
612	2	Headers Content-Type application/json Mandatory -
612	2	Mandatory
612	2	Body
612	2	Response
612	2	Post Endpoint Call All API's
612	2	Supported Features All endpoints
613	3	22.2.3.3.1 Data Types of Request and Response
613	2	Type Parameters Data Type Description
613	2	NumberOfRecords int Positive Integer
613	2	ARCON PAM User
613	2	PAM User
613	2	Sample
613	2	Sample
614	2	Type Parameters Data Type Description
614	2	Domain Name
614	2	MM/DD/YYYY
614	2	Sample
614	2	DSK034]
614	2	Failed“
615	3	22.2.3.3.2 Code Blocks for '/GetServiceAccess'
615	2	Code For Javascript - Jquery Using AJAX
615	2	JSON.stringify({"FromDate":"2008-06-22T02:37:00","ToDate":"2019-06-26T12:37:00","Num
615	2	Code For C# Using RestSharp
616	2	Code For Java Using OkHttp
616	2	Code For Python Using Requests
616	3	22.2.4 GetPasswordView
616	2	Type of Request POST
616	2	Endpoint /api/SIEM/GetPasswordView
616	2	Version
616	2	Release Version U13
616	2	Pre Endpoint Call /arconToken
617	2	Request Params - - - -
617	2	Headers Content-Type application/json Mandatory -
617	2	Mandatory
617	2	Body
618	2	Response
618	2	"LOBProfile": "DEFAULT LOB 1"
618	2	"LOBProfile": "DEFAULT LOB 1"
619	2	Post Endpoint Call None
619	2	Supported Features NA
619	3	22.2.4.1 Data Types of Request and Response
619	2	Type Parameters Data Type Description
619	2	PAM User
619	2	ServerConnectionTyp
620	2	Type Parameters Data Type Description
620	2	ServerConnectionTyp
620	2	PAM User
620	2	PAM User
620	3	22.2.4.2 Code Blocks for '/GetPasswordView'
620	2	Code For Javascript - Jquery Using AJAX
620	2	JSON.stringify({"FromDate":"2019-06-22T02:37:00","ToDate":"2020-07-22T02:37:00","Num
621	2	Code For C# Using RestSharp
621	2	Code For Java Using OkHttp
622	2	Code For Python Using Requests
622	3	22.2.5 GetServicePasswordChange
622	2	Type of Request POST
622	2	Endpoint /api/SIEM/GetServicePasswordChange
622	2	Version
622	2	Release Version U13
622	2	Pre Endpoint Call /arconToken
622	2	Request Params - - - -
622	2	Headers Content-Type application/json Mandatory -
622	2	Mandatory
622	2	Body
623	2	Response
623	2	Post Endpoint Call None
623	2	Supported Features NA
624	3	22.2.5.1 Data Types of Request and Response
624	2	Type Parameters Data Type Description
624	2	ServerConnectionTyp
624	2	ServerConnectionTyp
625	2	Type Parameters Data Type Description
625	2	PasswordChangedBy
625	2	UserName
625	2	IsPasswordChangedM
625	2	PasswordChangedOn
625	2	TimeStamp
625	3	22.2.5.2 Code Blocks for '/GetServicePasswordChange'
625	2	Code For Javascript - Jquery Using AJAX
625	2	JSON.stringify({"FromDate":"2019-06-22T02:37:00","ToDate":"2020-07-22T02:37:00","Num
625	2	Code For C# Using RestSharp
626	2	Code For Java Using OkHttp
626	2	Code For Python Using Requests
626	3	22.2.6 GetServicePasswordEnvelopePrint
626	2	Type of Request POST
626	2	Endpoint /api/SIEM/GetServicePasswordEnvelopePrint
626	2	Version
626	2	Release Version U13
627	2	Pre Endpoint Call /arconToken
627	2	Request Params - - - -
627	2	Headers Content-Type application/json Mandatory -
627	2	Mandatory
627	2	Body
628	2	Response
628	2	"PrintingStatus": "Print To Encrypted File"
628	2	"PrintingStatus": "Print To Encrypted File"
628	2	Post Endpoint Call None
628	2	Supported Features NA
629	3	22.2.6.1 Data Types of Request and Response
629	2	Type Parameters Data Type Description
629	2	ServerConnectionTyp
629	2	ServerConnectionTyp
630	2	Type Parameters Data Type Description
630	2	VerifiedByUserName
630	2	VerifiedByUserName
630	3	22.2.6.2 Code Blocks for '/GetServicePasswordEnvelopePrint'
630	2	Code For Javascript - Jquery Using AJAX
630	2	JSON.stringify({"FromDate":"2019-06-22T02:37:00","ToDate":"2020-07-22T02:37:00","Num
631	2	Code For C# Using RestSharp
631	2	Code For Java Using OkHttp
632	2	Code For Python Using Requests
632	3	22.2.7 GetARCOSLog
632	2	Type of Request POST
632	2	Endpoint /api/SIEM/GetARCOSLog
632	2	Version
632	2	Release Version U13
632	2	Pre Endpoint Call /arconToken
632	2	Request Params - - - -
632	2	Headers Content-Type application/json Mandatory -
632	2	Mandatory
632	2	Body
633	2	Response
633	2	"TrasactionFor": "Real Time Session Monitoring - Is
633	2	"TrasactionFor": "Real Time Session Monitoring - Is
633	2	Post Endpoint Call None
633	2	Supported Features NA
634	3	22.2.7.1 Data Types of Request and Response
634	2	Type Parameters Data Type Description
635	3	22.2.7.2 Code Blocks for '/GetARCOSLog'
635	2	Code For Javascript - Jquery Using AJAX
635	2	JSON.stringify({"FromDate":"2019-06-22T02:37:00","ToDate":"2020-07-22T02:37:00","Num
635	2	Code For C# Using RestSharp
636	2	Code For Java Using OkHttp
636	2	Code For Python Using Requests
636	2	22.3 Service Details
637	3	22.3.1 GetLAConfigSetting
637	2	Type of Request POST
637	2	Endpoint /api/ServiceDetails/GetLAConfigSetting
637	2	Version
637	2	Release Version U3
637	2	Pre Endpoint Call /arconToken
637	2	Request Params - - - -
637	2	Mandatory -
637	2	Body
637	1	1. For C# using Rest-Sharp, https://www.nuget.org/packages/RestSharp/105.2.3
637	1	2. For Java using OK HTTP: https://square.github.io/okhttp/
637	1	3. For Python
638	2	Response
638	2	Post Endpoint Call All API's
638	2	Supported Features ARCOS Log Archiver Service
638	3	22.3.1.1 Data Types of Request and Response
638	2	Type Parameters Data Type Description
639	3	22.3.1.2 Code Blocks for '/GetLAConfigSetting'
639	2	Code For Javascript - Jquery Using AJAX
639	2	Od9qYdk"
639	2	Code For C# Using RestSharp
640	2	Code For Java Using OkHttp
640	2	Code For Python Using Requests
640	3	22.3.2 SetVideoFileName
640	2	Type of Request POST
640	2	Endpoint /api/ServiceDetails/SetVideoFileName
640	2	Version
641	2	Release Version U3
641	2	Pre Endpoint Call /arconToken
641	2	Request Params - - - -
641	2	Mandatory -
641	2	Body
641	2	Response
641	2	Post Endpoint Call All API's
641	2	Supported Features ARCOS Log Archiver Service
641	3	22.3.2.1 Data Types of Request and Response
641	2	Type Parameters Data Type Description
641	2	ARCON PAM
641	2	Sample Value : 'UpdateVideoFileName'
642	2	Type Parameters Data Type Description
642	3	22.3.2.2 Code Blocks for ‘/SetVideoFileName’
642	2	Code For Javascript - Jquery Using AJAX
642	2	Code For C# Using RestSharp
643	2	Code For Java Using OkHttp
643	2	Code For Python Using Requests
643	3	22.3.3 SetServiceOffboarding
643	2	Type of Request POST
643	2	Endpoint /api/ServiceDetails/SetServiceOffboarding
643	2	Version
644	2	Release Version U3
644	2	Pre Endpoint Call /arconToken
644	2	Request Params - - - -
644	2	Headers Content-Type application/json Mandatory -
644	2	Body
644	2	Response
644	2	Post Endpoint Call All API's
644	2	Supported Features VRA
644	3	22.3.3.1 Data Types of Request and Response
644	2	Type Parameters Data Type Description
645	3	22.3.3.2 Code Blocks for ‘/SetServiceOffboarding’
645	2	Code For Javascript - Jquery Using AJAX
645	2	Code For C# Using RestSharp
646	2	Code For Java Using OkHttp
646	2	Code For Python Using Requests
646	3	22.3.4 GetLobwiseVideopath
646	2	Type of Request POST
646	2	Endpoint /api/ServiceDetails/Getlobwisevideopath
646	2	Version
646	2	Release Version U3
646	2	Pre Endpoint Call /arconToken
647	2	Request Params
647	2	Headers Content-Type application/json Mandatory
647	2	Body
647	2	Response
647	2	Post Endpoint Call All API's
647	2	Supported Features ARCOS Log Archiver Service
648	3	22.3.4.1 Data Types of Request and Response
648	2	Type Parameters Data Type Description
648	2	ARCON PAM
648	2	Sample Value : 'SESSIONVIDEOPATH'
649	3	22.3.4.2 Code Blocks for ‘/GetLobwiseVideopath’
649	2	Code For Javascript - Jquery Using AJAX
649	2	Code For C# Using RestSharp
650	2	Code For Java Using OkHttp
650	2	Code For Python Using Requests
650	3	22.3.5 GetActiveServicesByLOBId
650	2	Type of Request POST
650	2	Endpoint /api/ServiceDetails/GetActiveServicesByLOBId
650	2	Version
650	2	Release Version U4
651	2	Pre Endpoint Call /arconToken
651	2	Request Params -- - - -
651	2	Mandatory -
651	2	Body
651	2	Response
651	2	Post Endpoint Call NA
652	2	Supported Features NA
652	3	22.3.5.1 Data Types of Request and Response
652	2	Type Parameters Data Type Description
652	2	ARCON PAM
653	3	22.3.5.2 Code Blocks for ‘/GetActiveServicesByLOBId’
653	2	Code For Javascript - Jquery Using AJAX
653	2	Code For C# Using RestSharp
654	2	Code For Java Using OkHttp
654	2	Code For Python Using Requests
654	3	22.3.6 GetActiveServicesByGroupId
654	2	Type of Request POST
654	2	Endpoint /api/ServiceDetails/GetActiveServicesByGroupId
654	2	Version
654	2	Release Version U4
654	2	Pre Endpoint Call /arconToken
654	2	Request Params
655	2	Mandatory
655	2	Body
655	2	GroupId: 2
655	2	Response
655	2	Post Endpoint Call NA
655	2	Supported Features NA
656	3	22.3.6.1 Data Types of Request and Response
656	2	Type Parameters Data Type Description
656	2	ARCON PAM
657	3	22.3.6.2 Code Blocks for ‘/GetActiveServicesByGroupId’
657	2	Code For Javascript - Jquery Using AJAX
657	2	Code For C# Using RestSharp
658	2	Code For Java Using OkHttp
658	2	Code For Python Using Requests
658	3	22.3.7 GetActiveServicesByLOBIdAndGroupId
658	2	Type of Request POST
658	2	Endpoint /api/ServiceDetails/GetActiveServicesByLOBIdAndGroupId
658	2	Version
658	2	Release Version U4
658	2	Pre Endpoint Call /arconToken
658	2	Request Params - - - -
659	2	Headers Content-Type application/json Mandatory -
659	2	Body
659	2	Response
659	2	Post Endpoint Call NA
659	2	Supported Features NA
660	3	22.3.7.1 Data Types of Request and Response
660	2	Type Parameters Data Type Description
660	2	ARCON PAM
661	3	22.3.7.2 Code Blocks for ‘/GetActiveServicesByLOBIdAndGroupId’
661	2	Code For Javascript - Jquery Using AJAX
661	2	Code For C# Using RestSharp
662	2	Code For Java Using OkHttp
662	2	GetActiveServicesByLobIdAndGroupId")
662	2	Code For Python Using Requests
662	2	GetActiveServicesByLobIdAndGroupId"
662	3	22.3.8 GetLogManagerSetting
662	2	Type of Request POST
662	2	Endpoint /api/ServiceDetails/GetLogManagerSetting
662	2	Version
662	2	Release Version U3
662	2	Pre Endpoint Call /arconToken
663	2	Request Params
663	2	Headers Content-Type
663	2	Response
663	2	Post Endpoint Call All API's
663	2	Supported Features ARCOS Log Archiver Service
663	3	22.3.8.1 Data Types of Request and Response
663	2	Type Parameters Data Type Description
663	2	Request No Parameters
664	2	Type Parameters Data Type Description
664	2	ARCON PAM
664	2	ARCON PAM
664	3	22.3.8.2 Code Blocks for ‘/GetLogManagerSetting’
664	2	Code For Javascript - Jquery Using AJAX
664	2	Code For C# Using RestSharp
665	2	Code For Java Using OkHttp
665	2	Code For Python Using Requests
665	3	22.3.9 GetFolderTime
665	2	Type of Request POST
665	2	Endpoint /api/ServiceDetails/GetFolderTime
665	2	Version
665	2	Release Version U3
665	2	Pre Endpoint Call /arconToken
665	2	Request Params
665	2	Headers Content-Type application/json Mandatory
666	2	Body
666	2	Response
666	2	Post Endpoint Call All API's
666	2	Supported Features ARCOS Log Archiver Service
666	3	22.3.9.1 Data Types of Request and Response
666	2	Type Parameters Data Type Description
666	2	ARCON PAM
667	2	Type Parameters Data Type Description
667	2	ARCON PAM
667	2	ARCON PAM
667	2	ARCON PAM
667	2	Logout
667	2	TimerUpdate
668	3	22.3.9.2 Code Blocks for ‘/GetFolderTime’
668	2	Code For Javascript - Jquery Using AJAX
668	2	Code For C# Using RestSharp
669	2	Code For Java Using OkHttp
669	2	Code For Python Using Requests
669	3	22.3.10 GetVideoFileName
669	2	Type of Request POST
669	2	Endpoint /api/ServiceDetails/GetVideoFileName
669	2	Version
669	2	Release Version U3
669	2	Pre Endpoint Call /arconToken
670	2	Request Params
670	2	Mandatory
670	2	Body
671	2	Response
671	2	Post Endpoint Call All API's
671	2	Supported Features ARCOS Log Archiver Service
671	3	22.3.10.1 Data Types of Request and Response
671	2	Type Parameters Data Type Description
671	2	ARCON PAM
672	2	Type Parameters Data Type Description
672	2	ARCOS_Session_De
672	2	ARCON PAM
672	2	User_ID
672	2	User_Name
673	3	22.3.10.2 Code Blocks for ‘/GetVideoFileName’
673	2	Code For Javascript - Jquery Using AJAX
673	2	Code For C# Using RestSharp
674	2	Code For Java Using OkHttp
674	2	Code For Python Using Requests
674	3	22.3.11 SetServiceOnboarding
674	2	Type of Request POST
674	2	Endpoint /api/ServiceDetails/SetServiceOnboarding
674	2	Version
674	2	Release Version U3
674	2	Pre Endpoint Call /arconToken
674	2	Request Params
675	2	Headers Content-Type application/json Mandatory
675	2	Body
675	2	Response
675	2	Post Endpoint Call All API's
676	2	Supported Features VRA
676	3	22.3.11.1 Data Types of Request and Response
676	2	Type Parameters Data Type Description
676	2	AllowPasswordCha
676	2	Minimumpassword
676	2	Maximumpassword
677	2	Type Parameters Data Type Description
677	2	UseGlobalPasswor
677	2	AllowScheduledPas
677	2	Boolean
677	2	AutoMapUsersInUs
677	3	22.3.11.2 Code Blocks for ‘/SetServiceOnboarding’
677	2	Code For Javascript - Jquery Using AJAX
678	2	Code For C# Using RestSharp
679	2	Code For Java Using OkHttp
680	2	Code For Python Using Requests
680	3	22.3.12 CloseARCOSGateway
680	2	Type of Request POST
680	2	Endpoint /api/ServiceDetails/CloseARCOSGateway
680	2	Version
680	2	Release Version U3
680	2	Pre Endpoint Call /arconToken
680	2	Request Params - - - -
680	2	Mandatory -
681	2	Body
681	2	Response
681	2	Post Endpoint Call All API's
681	2	Supported Features ARCOS Log Archiver Service
681	3	22.3.12.1 Data Types of Request and Response
681	2	Type Parameters Data Type Description
681	2	ARCON PAM
682	3	22.3.12.2 Code Blocks for '/CloseARCOSGateway'
682	2	Code For Javascript - Jquery Using AJAX
682	2	Od9qYdk"
682	2	Code For C# Using RestSharp
683	2	Code For Java Using OkHttp
683	2	Code For Python Using Requests
683	3	22.3.13 GetAlertMessage
683	2	Type of Request POST
683	2	Endpoint /api/ServiceDetails/GetAlertMessage
683	2	Version
684	2	Release Version U3
684	2	Pre Endpoint Call /arconToken
684	2	Request Params - - - -
684	2	Mandatory -
684	2	Response
684	2	Post Endpoint Call All API's
684	2	Supported Features ARCOS Log Archiver Service
684	3	22.3.13.1 Data Types of Request and Response
684	2	Type Parameters Data Type Description
684	2	Request No Parameters
685	3	22.3.13.2 Code Blocks for '/GetAlertMessage'
685	2	Code For Javascript - Jquery Using AJAX
685	2	Code For C# Using RestSharp
685	2	Code For Java Using OkHttp
686	2	Code For Python Using Requests
686	3	22.3.14 GetAllServiceType
686	2	Type of Request POST
686	2	Endpoint /api/ServiceDetails/GetAllServiceType
686	2	Version
686	2	Release Version U3
686	2	Pre Endpoint Call /arconToken
686	2	Request Params - - - -
686	2	Mandatory -
687	2	Response
687	2	"ServiceType": "SSH Telnet"
687	2	"ServiceType": "Windows RDP"
687	2	"ServiceType": "MS SQL EM - Local"
687	2	"ServiceType": "Sybase QA"
687	2	"ServiceType": "MySQL QA"
687	2	"ServiceType": "Telnet ROUTER"
687	2	"ServiceType": "SSH UNIX"
687	2	"ServiceType": "SSH LINUX"
687	2	"ServiceType": "DB2 QA"
688	2	"ServiceType": "IBM AS 400"
688	2	Post Endpoint Call All API's
688	2	Supported Features ARCOS Log Archiver Service
688	3	22.3.14.1 Data Types of Request and Response
688	2	Type Parameters Data Type Description
688	2	Request No Parameters
688	2	ARCON PAM
688	3	22.3.14.2 Code Blocks for '/GetAllServiceType'
688	2	Code For Javascript - Jquery Using AJAX
689	2	Code For C# Using RestSharp
689	2	Code For Java Using OkHttp
689	2	Code For Python Using Requests
690	3	22.3.15 GetAssignedServiceList
690	2	Type of Request POST
690	2	Endpoint /api/ServiceDetails/GetAssignedServiceList
690	2	Version
690	2	Release Version U3
690	2	Pre Endpoint Call /arconToken
690	2	Request Params - - - -
690	2	Mandatory -
690	2	Body
691	2	Response
692	2	Post Endpoint Call All API's
692	2	Supported Features ARCOS Log Archiver Service
692	3	22.3.15.1 Data Types of Request and Response
692	2	Type Parameters Data Type Description
692	2	ARCON PAM
692	2	ServiceDisplayNam
693	2	Type Parameters Data Type Description
693	3	22.3.15.2 Code Blocks for '/GetAssignedServiceList'
693	2	Code For Javascript - Jquery Using AJAX
693	2	Code For C# Using RestSharp
694	2	Code For Java Using OkHttp
694	2	Code For Python Using Requests
694	3	22.3.16 GetConfigCommand
694	2	Type of Request POST
694	2	Endpoint /api/ServiceDetails/GetConfigCommand
694	2	Version
694	2	Release Version U3
694	2	Pre Endpoint Call /arconToken
694	2	Request Params - - - -
695	2	Mandatory -
695	2	Body
696	2	Response
696	2	Post Endpoint Call All API's
696	2	Supported Features ARCOS Log Archiver Service
697	3	22.3.16.1 Data Types of Request and Response
697	2	Type Parameters Data Type Description
697	2	Response ServiceCommandI
697	3	22.3.16.2 Code Blocks for '/GetConfigCommand'
697	2	Code For Javascript - Jquery Using AJAX
697	2	Code For C# Using RestSharp
698	2	Code For Java Using OkHttp
698	2	Code For Python Using Requests
698	3	22.3.17 GetConfigDetails
698	2	Type of Request POST
698	2	Endpoint /api/ServiceDetails/GetConfigDetails
698	2	Version
698	2	Release Version U3
698	2	Pre Endpoint Call /arconToken
698	2	Request Params - - - -
699	2	Mandatory -
699	2	Body
700	2	Response
700	2	"ServiceType": "App ArcSight Console"
700	2	"ServiceType": "App ASE Client"
700	2	"ServiceType": "App Check Point"
700	2	"OptionName": "Windows Apps"
701	2	Post Endpoint Call All API's
701	2	Supported Features ARCOS Log Archiver Service
701	3	22.3.17.1 Data Types of Request and Response
701	2	Type Parameters Data Type Description
701	2	SessionImageCaptu
701	2	SessionLockoutTim
701	2	IsRDPVideoLogThr
701	2	AllowRDPWithout
701	2	TSMoniter
701	2	AllowClipboardToA
702	3	22.3.17.2 Code Blocks for '/GetConfigDetails'
702	2	Code For Javascript - Jquery Using AJAX
702	2	Code For C# Using RestSharp
703	2	Code For Java Using OkHttp
703	2	Code For Python Using Requests
703	3	22.3.18 GetLDAPDomainDetails
703	2	Type of Request POST
703	2	Endpoint /api/ServiceDetails/GetLDAPDomainDetails
703	2	Version
703	2	Release Version U3
703	2	Pre Endpoint Call /arconToken
703	2	Request Params - - - -
704	2	Mandatory -
704	2	Response
704	2	Post Endpoint Call All API's
704	2	Supported Features ARCOS Log Archiver Service
704	3	22.3.18.1 Data Types of Request and Response
704	2	Type Parameters Data Type Description
704	2	Request No Parameters
705	2	Type Parameters Data Type Description
705	3	22.3.18.2 Code Blocks for '/GetLDAPDomainDetails'
705	2	Code For Javascript - Jquery Using AJAX
705	2	Code For C# Using RestSharp
706	2	Code For Java Using OkHttp
706	2	Code For Python Using Requests
706	3	22.3.19 GetRecentServices
706	2	Type of Request POST
706	2	Endpoint /api/ServiceDetails/GetRecentServices
706	2	Version
706	2	Release Version U3
706	2	Pre Endpoint Call /arconToken
706	2	Request Params - - - -
707	2	Mandatory -
707	2	Body
707	2	Response
707	2	Post Endpoint Call All API's
707	2	Supported Features ARCOS Log Archiver Service
707	3	22.3.19.1 Data Types of Request and Response
707	2	Type Parameters Data Type Description
707	2	NoOfRecentConne
707	2	ARCON PAM
708	3	22.3.19.2 Code Blocks for '/GetRecentServices'
708	2	Code For Javascript - Jquery Using AJAX
708	2	Code For C# Using RestSharp
709	2	Code For Java Using OkHttp
709	2	Code For Python Using Requests
709	3	22.3.20 GetServerDetailsFromOSName
709	2	Type of Request POST
709	2	Endpoint /api/ServiceDetails/GetServerDetailsFromOSName
709	2	Version
709	2	Release Version U3
709	2	Pre Endpoint Call /arconToken
709	2	Request Params - - - -
710	2	Mandatory -
710	2	Query
710	2	String
710	2	Paramete
710	2	GetServerDetailsFromOSName?ServiceType=Windows
710	2	Response
711	2	Post Endpoint Call All API's
711	2	Supported Features ARCOS Log Archiver Service
711	3	22.3.20.1 Data Types of Request and Response
711	2	Type Parameters Data Type Description
711	3	22.3.20.2 Code Blocks for '/GetServerDetailsFromOSName'
711	2	Code For Javascript - Jquery Using AJAX
712	2	Code For C# Using RestSharp
712	2	Code For Java Using OkHttp
712	2	ServiceType=Windows")
712	2	Code For Python Using Requests
712	2	ServiceType=Windows"
713	3	22.3.21 GetServiceDetailsBySessionId
713	2	Type of Request POST
713	2	Endpoint /api/ServiceDetails/GetServiceDetailsBySessionId
713	2	Version
713	2	Release Version U3
713	2	Pre Endpoint Call /arconToken
713	2	Request Params - - - -
713	2	Mandatory -
713	2	Query
713	2	String
713	2	Paramete
713	2	GetServiceDetailsBySessionId?sessionId=2227
714	2	Response
715	2	Post Endpoint Call All API's
715	2	Supported Features ARCOS Log Archiver Service
715	3	22.3.21.1 Data Types of Request and Response
715	2	Type Parameters Data Type Description
715	2	ARCON PAM
715	2	ServiceWindowTitl
715	2	ARCON PAM
715	2	ARCON PAM
716	2	Type Parameters Data Type Description
716	2	GatewayServerPor
716	2	GatewayServerUse
716	2	GatewayServerPas
716	2	PuttyWebServiceU
716	2	IsUserLockToCons
716	2	ServiceSessionTime
716	2	RestrictedComman
716	2	RestrictedProcesse
717	3	22.3.21.2 Code Blocks for '/GetServiceDetailsBySessionId'
717	2	Code For Javascript - Jquery Using AJAX
717	2	Code For C# Using RestSharp
718	2	Code For Java Using OkHttp
718	2	Code For Python Using Requests
718	3	22.3.22 GetServiceDetailsFromSession
718	2	Type of Request POST
718	2	Endpoint /api/ServiceDetails/GetServiceDetailsFromSession
718	2	Version
718	2	Release Version U3
718	2	Pre Endpoint Call /arconToken
719	2	Request Params - - - -
719	2	Mandatory -
719	2	Body
720	2	Response
720	2	BlvFEPnR+3liIuHxXCNs+jWCUQ7Uoffl2lVCIAPp1WW14EkhQdb4ofBIc1eIsEcO
720	2	MSVTcDdpY7hclW8x52EJ8ZocjLDeVQMsILblt85ULBQ=
720	2	KSy69AzlQL0I9yUnAz/kHA== KSy69AzlQL0I9yUnAz/kHA== 0 0 0 0
720	2	D2BuT0TEi3589Ek4ANYm3B8iXMKU1q7fQebtdBQozdrv81SDiRofV/
720	2	SGZ5Zit6xNEG37Jx5KKH7dOLDqQhiiQKHJQKhuaVXMCKotOC0QMHBKF1ruTuo/
721	2	Post Endpoint Call All API's
721	2	Supported Features ARCOS Log Archiver Service
721	3	22.3.22.1 Data Types of Request and Response
721	2	Type Parameters Data Type Description
721	2	ServiceWindowTitl
722	2	Type Parameters Data Type Description
722	2	ARCON PAM
722	2	ARCON PAM
722	2	GatewayServerPor
722	2	GatewayServerUse
722	2	GatewayServerPas
722	2	PuttyWebServiceU
723	2	Type Parameters Data Type Description
723	2	IsUserLockToCons
723	2	ServiceSessionTime
723	2	AcmoWebServiceU
723	2	RestrictedComman
723	2	RestrictedProcesse
724	3	22.3.22.2 Code Blocks for '/GetServiceDetailsFromSession'
724	2	Code For Javascript - Jquery Using AJAX
724	2	Code For C# Using RestSharp
725	2	Code For Java Using OkHttp
725	2	Code For Python Using Requests
725	3	22.3.23 GetTemplateScreenDetails
725	2	Type of Request POST
725	2	Endpoint /api/ServiceDetails/GetTemplateScreenDetails
725	2	Version
725	2	Release Version U3
725	2	Pre Endpoint Call /arconToken
725	2	Request Params - - - -
726	2	Mandatory -
726	2	Body
727	2	Response
727	2	"ConfigName": "Initiated By (User ID)"
727	2	"ConfigName": "Initiated By (User Display Name)"
727	2	"ConfigName": "Initiated From (Machine Details )"
727	2	"ConfigName": "Service Type"
727	2	"ConfigName": "Service IP Address"
727	2	"ConfigName": "Service Hostname"
727	2	"ConfigName": "Service User Name"
727	2	"ConfigName": "Service DB Instance"
727	2	"ConfigName": "Service Port Number"
727	2	"ConfigName": "Connection Type"
728	2	Post Endpoint Call All API's
728	2	Supported Features ARCOS Log Archiver Service
728	3	22.3.23.1 Data Types of Request and Response
728	2	Type Parameters Data Type Description
728	2	ARCON PAM
728	3	22.3.23.2 Code Blocks for '/GetTemplateScreenDetails'
728	2	Code For Javascript - Jquery Using AJAX
729	2	Code For C# Using RestSharp
729	2	Code For Java Using OkHttp
729	2	Code For Python Using Requests
730	3	22.3.24 OpenARCOSGateway
730	2	Type of Request POST
730	2	Endpoint /api/ServiceDetails/OpenARCOSGateway
730	2	Version
730	2	Release Version U3
730	2	Pre Endpoint Call /arconToken
730	2	Request Params - - - -
730	2	Mandatory -
730	2	Body
731	2	Response
731	2	Post Endpoint Call All API's
731	2	Supported Features ARCOS Log Archiver Service
731	3	22.3.24.1 Data Types of Request and Response
731	2	Type Parameters Data Type Description
731	2	LOB
732	2	Type Parameters Data Type Description
732	2	Response ARCOSVPNServer
732	2	Object
732	2	SSHServerIPAddre
732	2	SSHServerUserNa
732	2	SSHServerUserPas
732	2	ForwardingLocalPo
732	2	ForwardingRemote
732	2	IPAddress
732	2	ForwardingRemote
732	2	Port
732	2	AWBServerIPAddr
732	2	AWBServerUserNa
732	2	AWBServerUserPa
733	3	22.3.24.2 Code Blocks for '/OpenARCOSGateway'
733	2	Code For Javascript - Jquery Using AJAX
733	2	"data": JSON.stringify({"LOBProfile":"DEFAULT LOB
733	2	Code For C# Using RestSharp
734	2	Code For Java Using OkHttp
734	2	Code For Python Using Requests
734	3	22.3.25 ResendOTP
734	2	Type of Request POST
734	2	Endpoint /api/ServiceDetails/ResendOTP
734	2	Version
735	2	Release Version U3
735	2	Pre Endpoint Call /arconToken
735	2	Request Params - - - -
735	2	Mandatory -
735	2	Body
735	2	Response
735	2	Post Endpoint Call All API's
735	2	Supported Features ARCOS Log Archiver Service
735	3	22.3.25.1 Data Types of Request and Response
735	2	Type Parameters Data Type Description
736	2	Type Parameters Data Type Description
736	3	22.3.25.2 Code Blocks for '/ResendOTP'
736	2	Code For Javascript - Jquery Using AJAX
736	2	Code For C# Using RestSharp
737	2	Code For Java Using OkHttp
737	2	Code For Python Using Requests
737	3	22.3.26 SetRDPSessionProcessLog
737	2	Type of Request POST
737	2	Endpoint /api/ServiceDetails/SetRDPSessionProcessLog
737	2	Version
737	2	Release Version U3
737	2	Pre Endpoint Call /arconToken
737	2	Request Params - - - -
738	2	Mandatory -
738	2	Body
738	2	Response
738	2	Post Endpoint Call All API's
738	2	Supported Features ARCOS Log Archiver Service
738	3	22.3.26.1 Data Types of Request and Response
738	2	Type Parameters Data Type Description
739	2	Type Parameters Data Type Description
739	2	ARCON PAM
739	2	ARCON PAM
739	3	22.3.26.2 Code Blocks for '/SetRDPSessionProcessLog'
739	2	Code For Javascript - Jquery Using AJAX
739	2	JSON.stringify({"ServiceSessionId":56,"UserSessionId":4,"ServiceID":1,"UserID":35,"P
740	2	Code For C# Using RestSharp
740	2	Code For Java Using OkHttp
741	2	Code For Python Using Requests
741	3	22.3.27 SetRelativePath
741	2	Type of Request POST
741	2	Endpoint /api/ServiceDetails/SetRelativePath
741	2	Version
741	2	Release Version U3
741	2	Pre Endpoint Call /arconToken
741	2	Request Params - - - -
741	2	Mandatory -
742	2	Body
742	2	Response
742	2	Post Endpoint Call All API's
742	2	Supported Features ARCOS Log Archiver Service
742	3	22.3.27.1 Data Types of Request and Response
742	2	Type Parameters Data Type Description
743	3	22.3.27.2 Code Blocks for '/SetRelativePath'
743	2	Code For Javascript - Jquery Using AJAX
743	2	"data": JSON.stringify({"SessionLogId":1,"RelativePath":"LOB 1\\2020\\01\\29\
743	2	Code For C# Using RestSharp
744	2	Code For Java Using OkHttp
744	2	Code For Python Using Requests
744	3	22.3.28 SetServiceSessionLogout
744	2	Type of Request POST
744	2	Endpoint /api/ServiceDetails/SetServiceSessionLogout
744	2	Version
744	2	Release Version U3
744	2	Pre Endpoint Call /arconToken
745	2	Request Params - - - -
745	2	Mandatory -
745	2	Body
745	2	Response
745	2	Post Endpoint Call All API's
745	2	Supported Features ARCOS Log Archiver Service
745	3	22.3.28.1 Data Types of Request and Response
745	2	Type Parameters Data Type Description
745	2	PAM. Sample Value : 'Logout'
746	3	22.3.28.2 Code Blocks for '/SetServiceSessionLogout'
746	2	Code For Javascript - Jquery Using AJAX
746	2	"data": JSON.stringify({"ServiceSessionID":1,"LogoutDateTime":"08/04/2020
746	2	Code For C# Using RestSharp
747	2	Code For Java Using OkHttp
747	2	Code For Python Using Requests
747	3	22.3.29 SetServiceSessionLogoutV2
747	2	Type of Request POST
747	2	Endpoint /api/ServiceDetails/SetServiceSessionLogoutV2
747	2	Version
747	2	Release Version U3
748	2	Pre Endpoint Call /arconToken
748	2	Request Params - - - -
748	2	Mandatory -
748	2	Body
748	2	Response
748	2	Post Endpoint Call All API's
748	2	Supported Features ARCOS Log Archiver Service
748	3	22.3.29.1 Data Types of Request and Response
748	2	Type Parameters Data Type Description
748	2	LogoutDateTimeEp
748	2	PAM. Sample Value : 'Logout'
749	2	Type Parameters Data Type Description
749	3	22.3.29.2 Code Blocks for '/SetServiceSessionLogoutV2'
749	2	Code For Javascript - Jquery Using AJAX
749	2	JSON.stringify({"ServiceSessionID":1,"LogoutDateTimeEpoch":10,"LogoutMessage":"Logou
749	2	Code For C# Using RestSharp
750	2	Code For Java Using OkHttp
750	2	Code For Python Using Requests
750	3	22.3.30 SetUserSessionLogout
750	2	Type of Request POST
750	2	Endpoint /api/ServiceDetails/SetUserSessionLogout
750	2	Version
750	2	Release Version U3
751	2	Pre Endpoint Call /arconToken
751	2	Request Params - - - -
751	2	Mandatory -
751	2	Body
751	2	Response
751	2	Post Endpoint Call All API's
751	2	Supported Features ARCOS Log Archiver Service
751	3	22.3.30.1 Data Types of Request and Response
751	2	Type Parameters Data Type Description
752	2	Type Parameters Data Type Description
752	2	PAM. Sample Value : 'Logout'
752	3	22.3.30.2 Code Blocks for '/SetUserSessionLogout'
752	2	Code For Javascript - Jquery Using AJAX
752	2	"data": JSON.stringify({"UserSessionId":1,"UserId":35,"LogoutDateTime":"08/04/2020
752	2	Code For C# Using RestSharp
753	2	Code For Java Using OkHttp
753	2	Code For Python Using Requests
753	3	22.3.31 SetUserSessionLogoutV2
753	2	Type of Request POST
753	2	Endpoint /api/ServiceDetails/SetUserSessionLogoutV2
753	2	Version
753	2	Release Version U3
754	2	Pre Endpoint Call /arconToken
754	2	Request Params - - - -
754	2	Mandatory -
754	2	Body
754	2	Response
754	2	Post Endpoint Call All API's
754	2	Supported Features ARCOS Log Archiver Service
754	3	22.3.31.1 Data Types of Request and Response
754	2	Type Parameters Data Type Description
755	2	Type Parameters Data Type Description
755	2	LogoutDateTimeEp
755	2	PAM. Sample Value : 'Logout'
755	3	22.3.31.2 Code Blocks for '/SetUserSessionLogoutV2'
755	2	Code For Javascript - Jquery Using AJAX
755	2	JSON.stringify({"UserSessionId":1,"UserId":35,"LogoutDateTimeEpoch":10,"LogoutMessag
755	2	Code For C# Using RestSharp
756	2	Code For Java Using OkHttp
756	2	Code For Python Using Requests
756	3	22.3.32 UpdateUserPassword
756	2	Type of Request POST
756	2	Endpoint /api/ServiceDetails/UpdateUserPassword
756	2	Version
756	2	Release Version U3
757	2	Pre Endpoint Call /arconToken
757	2	Request Params - - - -
757	2	Mandatory -
757	2	Body
757	2	Response
757	2	"Result": "Password Changed Successfully"
757	2	Post Endpoint Call All API's
757	2	Supported Features ARCOS Log Archiver Service
757	3	22.3.32.1 Data Types of Request and Response
757	2	Type Parameters Data Type Description
758	3	22.3.32.2 Code Blocks for '/UpdateUserPassword'
758	2	Code For Javascript - Jquery Using AJAX
758	2	JSON.stringify({"userName":"User12","oldPassword":"User12","newPassword":"User@1234"
758	2	Code For C# Using RestSharp
759	2	Code For Java Using OkHttp
759	2	Code For Python Using Requests
759	3	22.3.33 SetSessionCommandLog
759	2	Type of Request POST
759	2	Endpoint /api/ServiceDetails/SetSessionCommandLog
759	2	Version
759	2	Release Version U3
759	2	Pre Endpoint Call /arconToken
760	2	Request Params - - - -
760	2	Mandatory -
760	2	Body
760	2	"CommandResponse":"Restricted Command"
760	2	Response
760	2	Post Endpoint Call All API's
760	2	Supported Features ARCOS Log Archiver Service
760	3	22.3.33.1 Data Types of Request and Response
760	2	Type Parameters Data Type Description
760	2	CommandRespons
761	3	22.3.33.2 Code Blocks for '/SetSessionCommandLog'
761	2	Code For Javascript - Jquery Using AJAX
761	2	JSON.stringify({"ServiceSessionId":5,"CommandType":"[sshlinux@lnxrh5_arconsrv]$
761	2	Code For C# Using RestSharp
762	2	Code For Java Using OkHttp
762	2	Code For Python Using Requests
762	2	Command\"\r\n}"
762	3	22.3.34 SetSessionVideoLog
762	2	Type of Request POST
762	2	Endpoint /api/ServiceDetails/SetSessionVideoLog
762	2	Version
762	2	Release Version U3
763	2	Pre Endpoint Call /arconToken
763	2	Request Params - - - -
763	2	Mandatory -
763	2	Body
763	2	Response
763	2	Post Endpoint Call All API's
763	2	Supported Features ARCOS Log Archiver Service
763	3	22.3.34.1 Data Types of Request and Response
763	2	Type Parameters Data Type Description
764	3	22.3.34.2 Code Blocks for '/SetSessionVideoLog'
764	2	Code For Javascript - Jquery Using AJAX
764	2	Code For C# Using RestSharp
765	2	Code For Java Using OkHttp
765	2	Code For Python Using Requests
765	3	22.3.35 ValidateOTP
765	2	Type of Request POST
765	2	Endpoint /api/ServiceDetails/ValidateOTP
765	2	Version
765	2	Release Version U3
765	2	Pre Endpoint Call /arconToken
765	2	Request Params - - - -
766	2	Mandatory -
766	2	Body
766	2	Response
766	2	Post Endpoint Call All API's
766	2	Supported Features ARCOS Log Archiver Service
766	3	22.3.35.1 Data Types of Request and Response
766	2	Type Parameters Data Type Description
767	3	22.3.35.2 Code Blocks for '/ValidateOTP'
767	2	Code For Javascript - Jquery Using AJAX
767	2	Code For C# Using RestSharp
768	2	Code For Java Using OkHttp
768	2	Code For Python Using Requests
768	3	22.3.36 ActiveSessionCount
768	2	Type of Request POST
768	2	Endpoint /api/ServiceDetails/ActiveSessionCount
768	2	Version
768	2	Release Version U3
768	2	Pre Endpoint Call /arconToken
768	2	Request Params - - - -
769	2	Mandatory -
769	2	Response
769	2	Post Endpoint Call All API's
769	2	Supported Features ARCOS Log Archiver Service
769	3	22.3.36.1 Data Types of Request and Response
769	2	Type Parameters Data Type Description
769	2	Request No Parameters
769	2	ARCON PAM
770	3	22.3.36.2 Code Blocks for '/ActiveSessionCount'
770	2	Code For Javascript - Jquery Using AJAX
770	2	Code For C# Using RestSharp
770	2	Code For Java Using OkHttp
771	2	Code For Python Using Requests
771	3	22.3.37 AuthenticateUser
771	2	Type of Request POST
771	2	Endpoint /api/ServiceDetails/AuthenticateUser
771	2	Version
771	2	Release Version U3+
771	2	Pre Endpoint Call /arconToken
771	2	Request Params - - - -
771	2	Mandatory -
772	2	Body
772	2	Response
772	2	Post Endpoint Call All API's
772	3	22.3.37.1 Data Types of Request and Response
772	2	Type Parameters Data Type Description
773	2	Type Parameters Data Type Description
773	2	“ Invalid User Name OR Password,Authent
774	3	22.3.37.2 Code Blocks for '/AuthenticateUser'
774	2	Code For Javascript - Jquery Using AJAX
774	2	JSON.stringify({"UserName":"Pra12","Password":"Pra@1234","DomainName":"ATSTESTDC","I
774	2	PAddress":"10.10.1.123","IPMacAddress":"AB:CD:34:EF:GH:12","ConnectionType":"ACMOCLI
774	2	Code For C# Using RestSharp
775	2	Code For Java Using OkHttp
775	2	Code For Python Using Requests
775	3	22.3.38 AuthenticateUserAfterLockout
775	2	Type of Request POST
775	2	Endpoint /api/ServiceDetails/AuthenticateUserAfterLockout
776	2	Version
776	2	Release Version U3
776	2	Pre Endpoint Call /arconToken
776	2	Request Params - - - -
776	2	Mandatory -
776	2	Body
776	2	Response
776	2	Post Endpoint Call All API's
776	2	Supported Features ARCOS Log Archiver Service
776	3	22.3.38.1 Data Types of Request and Response
776	2	Type Parameters Data Type Description
777	2	Type Parameters Data Type Description
777	3	22.3.38.2 Code Blocks for '/AuthenticateUserAfterLockout'
777	2	Code For Javascript - Jquery Using AJAX
777	2	JSON.stringify({"UserName":"Pra12","Password":"Pra@1234","DomainName":"ATSTESTDC","I
778	2	Code For C# Using RestSharp
778	2	Code For Java Using OkHttp
779	2	Code For Python Using Requests
779	3	22.3.39 GetAllService
779	2	Type of Request POST
779	2	Endpoint /api/ServiceDetails/GetAllService
779	2	Version
779	2	Release Version U3
779	2	Pre Endpoint Call /arconToken
779	2	Request Params - - - -
779	2	Mandatory -
780	2	Body
781	2	Response
782	2	Post Endpoint Call All API's
782	2	Supported Features ARCOS Log Archiver Service
782	3	22.3.39.1 Data Types of Request and Response
782	2	Type Parameters Data Type Description
782	2	User
782	2	ARCON PAM
782	2	ARCON PAM
782	2	ServiceDisplayNam
783	2	Type Parameters Data Type Description
783	3	22.3.39.2 Code Blocks for '/GetAllService'
783	2	Code For Javascript - Jquery Using AJAX
783	2	Code For C# Using RestSharp
784	2	Code For Java Using OkHttp
784	2	Code For Python Using Requests
784	3	22.3.40 GetServiceDetails
784	2	Type of Request POST
784	2	Endpoint /api/ServiceDetails/GetServiceDetails
784	2	Version
784	2	Release Version U3
784	2	Pre Endpoint Call /arconToken
785	2	Request Params - - - -
785	2	Mandatory -
785	2	Body
786	2	Response
786	2	BlvFxxxxxEcO MSV
787	2	Post Endpoint Call All API's
787	2	Supported Features ARCOS Log Archiver Service
787	3	22.3.40.1 Data Types of Request and Response
787	2	Type Parameters Data Type Description
787	2	User
787	2	ServiceWindowTitl
788	2	Type Parameters Data Type Description
788	2	ARCON PAM
788	2	ARCON PAM
788	2	GatewayServerPor
788	2	GatewayServerUse
788	2	GatewayServerPas
788	2	PuttyWebServiceU
789	2	Type Parameters Data Type Description
789	2	IsUserLockToCons
789	2	ServiceSessionTime
789	2	AcmoWebServiceU
789	2	RestrictedComman
789	2	RestrictedProcesse
790	3	22.3.40.2 Code Blocks for '/GetServiceDetails'
790	2	Code For Javascript - Jquery Using AJAX
790	2	JSON.stringify({"ServiceId":114535,"UserId":35,"ServiceTypeId":1,"UserSessionId":1,"
790	2	Code For C# Using RestSharp
791	2	Code For Java Using OkHttp
791	2	Code For Python Using Requests
791	3	22.3.41 RaisePasswordViewRequest
791	2	Type of Request POST
791	2	Endpoint /api/ServiceDetails/RaisePasswordViewRequest
791	2	Version
791	2	Release Version U3
792	2	Pre Endpoint Call /arconToken
792	2	Request Params - - - -
792	2	Mandatory -
792	2	Body
792	2	Response
792	2	"Result": "Your Request For Service Password Has Been Raised"
792	2	Post Endpoint Call All API's
792	2	Supported Features ARCOS Log Archiver Service
793	3	22.3.41.1 Data Types of Request and Response
793	2	Type Parameters Data Type Description
793	2	ARCON PAM
793	2	User
793	2	RSPViewOn DateTime
793	2	RequestOpenForH
794	3	22.3.41.2 Code Blocks for '/RaisePasswordViewRequest'
794	2	Code For Javascript - Jquery Using AJAX
794	2	JSON.stringify({"ServiceId":114535,"UserId":35,"UserSessionId":1,"RSPDescription":"T
794	2	Code For C# Using RestSharp
795	2	Code For Java Using OkHttp
795	2	Code For Python Using Requests
795	3	22.3.42 RaiseServiceAccessRequest
795	2	Type of Request POST
796	2	Endpoint /api/ServiceDetails/RaiseServiceAccessRequest
796	2	Version
796	2	Release Version U3
796	2	Pre Endpoint Call /arconToken
796	2	Request Params - - - -
796	2	Mandatory -
796	2	Body
796	2	Response
796	2	"Result": "Your Request For Service Access Has Been Raised"
797	2	Post Endpoint Call All API's
797	2	Supported Features ARCOS Log Archiver Service
797	3	22.3.42.1 Data Types of Request and Response
797	2	Type Parameters Data Type Description
797	2	User
797	2	LstSelectedService
797	2	LstSelectedComma
798	2	Type Parameters Data Type Description
798	3	22.3.42.2 Code Blocks for '/RaiseServiceAccessRequest'
798	2	Code For Javascript - Jquery Using AJAX
798	2	JSON.stringify({"Description":"Test","LobID":1,"UserID":35,"SeviceTypeID":1,"Service
798	2	SessionMin":"01","SessionID":1,"VerificationText":"1234","ReferenceDetails":"Test","
798	2	Code For C# Using RestSharp
799	2	Code For Java Using OkHttp
799	2	Code For Python Using Requests
799	3	22.3.43 SetErrorLog
800	2	Type of Request POST
800	2	Endpoint /api/ServiceDetails/SetErrorLog
800	2	Version
800	2	Release Version U3
800	2	Pre Endpoint Call /arconToken
800	2	Request Params - - - -
800	2	Mandatory -
800	2	Body
800	2	Response
800	2	Post Endpoint Call All API's
801	2	Supported Features ARCOS Log Archiver Service
801	3	22.3.43.1 Data Types of Request and Response
801	2	Type Parameters Data Type Description
801	2	PAM
802	3	22.3.43.2 Code Blocks for '/SetErrorLog'
802	2	Code For Javascript - Jquery Using AJAX
802	2	"data": JSON.stringify({"IpAddress":"10.11.1.111","LoggedOnDate":"08/13/2020
802	2	Code For C# Using RestSharp
803	2	Code For Java Using OkHttp
803	2	Code For Python Using Requests
803	3	22.3.44 RaisingServiceAccessRequest
803	2	Type of Request POST
804	2	Endpoint /api/ServiceDetails/RaisingServiceAccessRequest
804	2	Version
804	2	Release Version U12
804	2	Pre Endpoint Call /arconToken
804	2	Request Params - - - -
804	2	Mandatory -
804	2	Body
805	2	Response
805	2	Post Endpoint Call All API's
805	2	Supported Features ARCOS Log Archiver Service
805	3	22.3.44.1 Data Types of Request and Response
805	2	Type Parameters Data Type Description Mandatory Optional
805	2	Request UseValueForMappi
805	2	Yes No
805	2	Yes No
805	2	Yes No
805	2	Yes No
806	2	Type Parameters Data Type Description Mandatory Optional
806	2	Yes No
806	2	Yes No
806	2	Yes No
806	2	No Yes
807	2	Type Parameters Data Type Description Mandatory Optional
807	1	1 - Permanent : This will provide the
807	1	2 - One-Time Access : This will
807	1	3 - Time-Based Access: This will
807	2	Yes No
807	2	Time-Based
807	2	Permane
808	2	Type Parameters Data Type Description Mandatory Optional
808	2	Time-Based
808	2	Permane
808	2	Time-Based
808	2	Permane
808	2	Time-Based
808	2	Permane
808	2	AccessDurationMin
808	2	One-time
808	2	Permane
808	2	No Yes
808	2	TicketNumbers
808	2	No Yes
809	2	Type Parameters Data Type Description Mandatory Optional
809	2	DescriptionForRequ
809	2	No Yes
809	3	22.3.44.2 Code Blocks for '/RaiseServiceAccessRequest'
809	2	Code For Javascript - Jquery Using AJAX
809	2	JSON.stringify({"UseValueForMapping":"ServiceUserName","LOBName":"DEBOARDING","UserN
810	2	Code For C# Using RestSharp
811	2	Code For Java Using OkHttp
812	2	Code For Python Using Requests
812	3	22.3.45 GetCreateModifiedServices
812	2	Type of Request POST
812	2	Endpoint /api/ServiceDetails/GetCreateModifiedServices
812	2	Version
812	2	Release Version U15
812	2	Pre Endpoint Call /arconToken
812	2	Request Params -- - - -
812	2	Headers Content-Type application/json Mandatory -
813	2	Body
814	2	Response
815	2	Post Endpoint Call NA
815	2	Supported Features NA
815	3	22.3.45.1 Data Types of Request and Response
815	2	Type Parameters Data Type Description
815	2	ARCON PAM
815	2	Sample Value : “2019-06-22T02:37:00“
815	2	Sample Value : “2019-06-22T02:37:00“
816	2	Type Parameters Data Type Description
817	3	22.3.45.2 Code Blocks for ‘/GetCreateModifiedServices’
817	2	Code For Javascript - Jquery Using AJAX
817	2	Code For C# Using RestSharp
818	2	Code For Java Using OkHttp
818	2	Code For Python Using Requests
818	3	22.3.46 GetCreateModifiedServicesByLobId
818	2	Type of Request POST
818	2	Endpoint /api/ServiceDetails/GetCreateModifiedServicesByLobId
818	2	Version
819	2	Release Version U15
819	2	Pre Endpoint Call /arconToken
819	2	Request Params -- - - -
819	2	Headers Content-Type application/json Mandatory -
819	2	Body
820	2	Response
821	2	Post Endpoint Call NA
821	2	Supported Features NA
821	3	22.3.46.1 Data Types of Request and Response
821	2	Type Parameters Data Type Description
821	2	Sample Value : “2019-06-22T02:37:00“
821	2	Sample Value : “2019-06-22T02:37:00“
822	2	Type Parameters Data Type Description
822	2	ARCON PAM
823	3	22.3.46.2 Code Blocks for ‘/GetCreateModifiedServicesByLobId’
823	2	Code For Javascript - Jquery Using AJAX
823	2	Code For C# Using RestSharp
824	2	Code For Java Using OkHttp
824	2	GetCreateModifiedServicesByLobId")
824	2	Code For Python Using Requests
824	2	GetCreateModifiedServicesByLobId"
824	3	22.3.47 GetCreateModifiedServicesByGroupId
825	2	Type of Request POST
825	2	Endpoint /api/ServiceDetails/GetCreateModifiedServicesByGroupId
825	2	Version
825	2	Release Version U15
825	2	Pre Endpoint Call /arconToken
825	2	Request Params -- - - -
825	2	Headers Content-Type application/json Mandatory -
825	2	Body
826	2	Response
827	2	Post Endpoint Call NA
827	2	Supported Features NA
827	3	22.3.47.1 Data Types of Request and Response
827	2	Type Parameters Data Type Description
827	2	Sample Value : “2019-06-22T02:37:00“
827	2	Sample Value : “2019-06-22T02:37:00“
828	2	Type Parameters Data Type Description
828	2	ARCON PAM
829	3	22.3.47.2 Code Blocks for ‘/GetCreateModifiedServicesByGroupId’
829	2	Code For Javascript - Jquery Using AJAX
829	2	Code For C# Using RestSharp
830	2	Code For Java Using OkHttp
830	2	GetCreateModifiedServicesByGroupId")
830	2	Code For Python Using Requests
830	2	GetCreateModifiedServicesByGroupId"
830	3	22.3.48 ServiceDetails/GetDomains
831	2	Type of Request POST
831	2	Endpoint /api/ServiceDetails/GetDomains
831	2	Release Version U13
831	2	Pre Endpoint Call /arconToken
831	2	Request Params - - - -
831	2	Headers Content-Type application/json Mandatory -
831	2	Mandatory
831	2	Response
831	2	Post Endpoint Call All API's
831	2	Supported Features NA
832	3	22.3.48.1 Data Types of Request and Response
832	2	Type Parameters Data Type Description
832	2	Request No Parameters
832	2	ARCON PAM
832	3	22.3.48.2 Code Blocks for '/GetDomains'
832	2	Code For Javascript - Jquery Using AJAX
832	2	Code For C# Using RestSharp
833	2	Code For Java Using OkHttp
833	2	Code For Python Using Requests
833	3	22.3.49 GetUserGroupHistory
833	2	Type of Request POST
833	2	Endpoint /api/ServiceDetails/GetUserGroupHistory
833	2	Version
833	2	Release Version U15
833	2	Pre Endpoint Call /arconToken
833	2	Request Params -- - - -
833	2	Headers Content-Type application/json Mandatory -
834	2	Body
835	2	Response
907	2	Post Endpoint Call NA
907	2	Supported Features NA
907	3	22.3.49.1 Data Types of Request and Response
907	2	Type Parameters Data Type Description
907	2	User
907	2	ARCON PAM
908	2	Type Parameters Data Type Description
908	3	22.3.49.2 Code Blocks for ‘/GetUserGroupHistory’
908	2	Code For Javascript - Jquery Using AJAX
908	2	Code For C# Using RestSharp
909	2	Code For Java Using OkHttp
909	2	Code For Python Using Requests
909	3	22.3.50 GetServiceReferenceTemplate
909	2	Type of Request POST
909	2	Endpoint /api/ServiceDetails/GetServiceReferenceTemplate
910	2	Version
910	2	Release Version U10
910	2	Pre Endpoint Call /arconToken
910	2	Request Params - - - -
910	2	Headers Content-Type application/json Mandatory -
910	2	Body
911	2	Response
911	2	Post Endpoint Call All API's
911	2	Supported Features NA
912	3	22.3.50.1 Data Types of Request and Response
912	2	Type Parameters Data Type Description
912	2	ARCON PAM
913	2	Type Parameters Data Type Description
913	2	ID,CreatedBy,CreatedOn,ModifiedBy
913	3	22.3.50.2 Code Blocks for '/GetServiceReferenceTemplate'
913	2	Code For Javascript - Jquery Using AJAX
913	2	Code For C# Using RestSharp
914	2	Code For Java Using OkHttp
914	2	Code For Python Using Requests
914	3	22.3.51 GetServiceLastPwdChanged
914	2	Type of Request POST
914	2	Endpoint /api/ServiceDetails/GetServiceLastPwdChanged
914	2	Version
914	2	Release Version U10
914	2	Pre Endpoint Call /arconToken
914	2	Request Params - - - -
915	2	Headers Content-Type application/json Mandatory -
915	2	Query
915	2	String
915	2	Paramete
915	2	GetServiceLastPwdChanged?serviceId=5
915	2	Response
915	2	Post Endpoint Call All API's
915	2	Supported Features ARCOS Log Archiver Service
915	3	22.3.51.1 Data Types of Request and Response
915	2	Type Parameters Data Type Description
915	2	Sample Value : “07/21/2020 23:06:57“
916	3	22.3.51.2 Code Blocks for '/GetServiceLastPwdChanged'
916	2	Code For Javascript - Jquery Using AJAX
916	2	Code For C# Using RestSharp
917	2	Code For Java Using OkHttp
917	2	Code For Python Using Requests
917	3	22.3.52 GetActiveServicesByLOBIdAndGroupIdV2
917	2	Type of Request POST
917	2	Endpoint /api/ServiceDetails/GetActiveServicesByLOBIdAndGroupId
917	2	Version
917	2	Release Version U13
917	2	Pre Endpoint Call /arconToken
918	2	Request Params - - - -
918	2	Headers Content-Type application/json Mandatory -
918	2	Body
919	2	Response
920	2	Post Endpoint Call NA
920	2	Supported Features NA
920	3	22.3.52.1 Data Types of Request and Response
920	2	Type Parameters Data Type Description
921	2	Type Parameters Data Type Description
921	2	ARCON PAM
922	3	22.3.52.2 Code Blocks for ‘/GetActiveServicesByLOBIdAndGroupId’
922	2	Code For Javascript - Jquery Using AJAX
922	2	Code For C# Using RestSharp
923	2	Code For Java Using OkHttp
923	2	GetActiveServicesByLobIdAndGroupId")
923	2	Code For Python Using Requests
923	2	GetActiveServicesByLobIdAndGroupId"
923	3	22.3.53 GetActiveServicesByLOBIdV2
923	2	Type of Request POST
923	2	Endpoint /api/ServiceDetails/GetActiveServicesByLOBId
923	2	Version
923	2	Release Version U9
924	2	Pre Endpoint Call /arconToken
924	2	Request Params -- - - -
924	2	Headers Content-Type application/json Mandatory -
924	2	Body
925	2	Response
928	2	Post Endpoint Call NA
928	2	Supported Features NA
928	3	22.3.53.1 Data Types of Request and Response
928	2	Type Parameters Data Type Description
928	2	ARCON PAM
929	2	Type Parameters Data Type Description
930	3	22.3.53.2 Code Blocks for ‘/GetActiveServicesByLOBId’
930	2	Code For Javascript - Jquery Using AJAX
930	2	Code For C# Using RestSharp
931	2	Code For Java Using OkHttp
931	2	Code For Python Using Requests
931	3	22.3.54 GetActiveServicesByGroupIdV2
931	2	Type of Request POST
931	2	Endpoint /api/ServiceDetails/GetActiveServicesByGroupId
931	2	Version
931	2	Release Version U9
931	2	Pre Endpoint Call /arconToken
932	2	Request Params
932	2	Headers Content-Type application/json Mandatory
932	2	Body
932	2	GroupId: 2
933	2	Response
933	2	Name<orc_usr_typ>Normal"
938	2	BORDERCOLOR><TITLECOLOR>#ff0000</TITLECOLOR></DATA>"
938	2	DATA><multisession>"
944	2	FWH><LWH>MobaXterm</LWH></DATA>"
954	2	VER><DATA><BORDERCOLOR>#00ff00</BORDERCOLOR><TITLECOLOR>#ff0000</
954	2	TITLECOLOR></DATA>"
961	2	Post Endpoint Call NA
961	2	Supported Features NA
961	3	22.3.54.1 Data Types of Request and Response
961	2	Type Parameters Data Type Description
961	2	ARCON PAM
962	2	Type Parameters Data Type Description
962	3	22.3.54.2 Code Blocks for ‘/GetActiveServicesByGroupId’
962	2	Code For Javascript - Jquery Using AJAX
963	2	Code For C# Using RestSharp
963	2	Code For Java Using OkHttp
964	2	Code For Python Using Requests
964	3	22.3.55 GetServiceDetailsV2
964	2	Type of Request POST
964	2	Endpoint /api/ServiceDetails/GetServiceDetails
964	2	Version
964	2	Release Version U10
964	2	Pre Endpoint Call /arconToken
964	2	Request Params - - - -
964	2	Headers Content-Type application/json Mandatory -
964	2	Body
965	2	Response
965	2	"Message": "Operation Successfull Encrypted
966	2	Post Endpoint Call All API's
966	2	Supported Features ARCOS Log Archiver Service
966	3	22.3.55.1 Data Types of Request and Response
966	2	Type Parameters Data Type Description
966	2	User
967	2	Type Parameters Data Type Description
967	2	ServiceWindowTitl
967	2	ARCON PAM
967	2	ARCON PAM
967	2	GatewayServerPor
967	2	GatewayServerUse
968	2	Type Parameters Data Type Description
968	2	GatewayServerPas
968	2	PuttyWebServiceU
968	2	IsUserLockToCons
968	2	ServiceSessionTime
968	2	AcmoWebServiceU
968	2	RestrictedComman
969	2	Type Parameters Data Type Description
969	2	RestrictedProcesse
969	3	22.3.55.2 Code Blocks for '/GetServiceDetails'
969	2	Code For Javascript - Jquery Using AJAX
969	2	JSON.stringify({"ServiceId":114535,"UserId":35,"ServiceTypeId":1,"UserSessionId":1})
969	2	Code For C# Using RestSharp
970	2	Code For Java Using OkHttp
970	2	Code For Python Using Requests
970	3	22.3.56 GetAssignedServiceListV2
970	2	Type of Request POST
970	2	Endpoint /api/ServiceDetails/GetAssignedServiceList
970	2	Version
970	2	Release Version U13
971	2	Pre Endpoint Call /arconToken
971	2	Request Params - - - -
971	2	Headers Content-Type application/json Mandatory -
971	2	Body
972	2	Response
972	2	"Message": "59 - Records Found ::Encrypted
1000	2	Post Endpoint Call All API's
1000	2	Supported Features ARCOS Log Archiver Service
1000	3	22.3.56.1 Data Types of Request and Response
1000	2	Type Parameters Data Type Description
1000	2	ARCON PAM
1000	2	ServiceDisplayNam
1001	2	Type Parameters Data Type Description
1002	3	22.3.56.2 Code Blocks for '/GetAssignedServiceList'
1002	2	Code For Javascript - Jquery Using AJAX
1002	2	Code For C# Using RestSharp
1003	2	Code For Java Using OkHttp
1003	2	Code For Python Using Requests
1003	3	22.3.57 GetServiceParamConfig
1003	2	Type of Request POST
1003	2	Endpoint /api/ServiceDetails/GetServiceParamConfig
1003	2	Version
1003	2	Release Version U13
1004	2	Pre Endpoint Call /arconToken
1004	2	Request Params - - - -
1004	2	Headers Content-Type application/json Mandatory -
1004	2	Query
1004	2	String
1004	2	Paramete
1004	2	GetServiceParamConfig?serviceId=9&paramConfigId=2
1004	2	Response
1004	2	Post Endpoint Call All API's
1004	2	Supported Features ARCOS Log Archiver Service
1004	3	22.3.57.1 Data Types of Request and Response
1004	2	Type Parameters Data Type Description
1005	2	Type Parameters Data Type Description
1005	3	22.3.57.2 Code Blocks for '/GetServiceParamConfig'
1005	2	Code For Javascript - Jquery Using AJAX
1005	2	Code For C# Using RestSharp
1006	2	Code For Java Using OkHttp
1006	2	Code For Python Using Requests
1006	3	22.3.58 AuthenticateUserV2
1006	2	Type of Request POST
1006	2	Endpoint /api/ServiceDetails/AuthenticateUser
1006	2	Version
1006	2	Release Version U10
1007	2	Pre Endpoint Call /arconToken
1007	2	Request Params - - - -
1007	2	Headers Content-Type application/json Mandatory -
1007	2	Body
1007	2	Response
1007	2	Post Endpoint Call All API's
1007	2	Supported Features ARCOS Log Archiver Service
1007	3	22.3.58.1 Data Types of Request and Response
1007	2	Type Parameters Data Type Description
1008	2	Type Parameters Data Type Description
1009	3	22.3.58.2 Code Blocks for '/AuthenticateUser'
1009	2	Code For Javascript - Jquery Using AJAX
1009	2	JSON.stringify({"UserName":"5O+viJvvQd9BIUuqvxH8To+0WVY9z3OMFxkrXAZVyTw=","Password"
1009	2	Code For C# Using RestSharp
1010	2	Code For Java Using OkHttp
1010	2	Code For Python Using Requests
1010	3	22.3.59 AuthenticateUserAfterLockoutV2
1010	2	Type of Request POST
1010	2	Endpoint /api/ServiceDetails/AuthenticateUserAfterLockout
1011	2	Version
1011	2	Release Version U13
1011	2	Pre Endpoint Call /arconToken
1011	2	Request Params - - - -
1011	2	Headers Content-Type application/json Mandatory -
1011	2	Body
1011	2	Response
1011	2	Post Endpoint Call All API's
1011	2	Supported Features ARCOS Log Archiver Service
1012	3	22.3.59.1 Data Types of Request and Response
1012	2	Type Parameters Data Type Description
1013	3	22.3.59.2 Code Blocks for '/AuthenticateUserAfterLockout'
1013	2	Code For Javascript - Jquery Using AJAX
1013	2	JSON.stringify({"UserName":"5O+viJvvQd9BIUuqvxH8To+0WVY9z3OMFxkrXAZVyTw=","Password"
1013	2	Code For C# Using RestSharp
1014	2	Code For Java Using OkHttp
1014	2	Code For Python Using Requests
1014	3	22.3.60 UpdateApplicationSessionIdByArconSessionId
1014	2	Type of Request POST
1014	2	Endpoint /api/ServiceDetails/UpdateApplicationSessionIdByArconSessionId
1015	2	Version
1015	2	Release Version U3
1015	2	Pre Endpoint Call /arconToken
1015	2	Request Params - - - -
1015	2	Headers Content-Type application/json Mandatory -
1015	2	Query
1015	2	String
1015	2	Paramete
1015	2	UpdateApplicationSessionIdByArconSessionId?
1015	2	Response
1015	2	Post Endpoint Call All API's
1015	2	Supported Features ARCOS Log Archiver Service
1015	3	22.3.60.1 Data Types of Request and Response
1015	2	Type Parameters Data Type Description
1015	2	ARCON PAM
1015	2	ARCON PAM
1016	3	22.3.60.2 Code Blocks for '/UpdateApplicationSessionIdByArconSessionId'
1016	2	Code For Javascript - Jquery Using AJAX
1016	2	UpdateApplicationSessionIdByArconSessionId?arconSessionId=1&appSessionId=2
1016	2	Code For C# Using RestSharp
1017	2	Code For Java Using OkHttp
1017	2	UpdateApplicationSessionIdByArconSessionId?arconSessionId=1&appSessionId=2")
1017	2	Code For Python Using Requests
1017	2	UpdateApplicationSessionIdByArconSessionId?arconSessionId=1&appSessionId=2"
1017	3	22.3.61 AuthenticateUserPasswordLess
1017	2	Type of Request POST
1017	2	Endpoint /api/ServiceDetails/AuthenticateUserPasswordLess
1017	2	Version
1017	2	Release Version U9
1017	2	Pre Endpoint Call /arconToken
1018	2	Request Params -- - - -
1018	2	Headers Content-Type application/json Mandatory -
1018	2	Body
1018	2	Response
1018	2	Post Endpoint Call NA
1018	2	Supported Features NA
1019	3	22.3.61.1 Data Types of Request and Response
1019	2	Type Parameters Data Type Description
1019	2	Request
1020	2	Type Parameters Data Type Description
1020	2	ARCON PAM
1020	2	ARCON PAM
1020	3	22.3.61.2 Code Blocks for '/AuthenticateUserPasswordLess'
1020	2	Code For Javascript - Jquery Using AJAX
1020	2	JSON.stringify({"UserName":"ARCOSADMIN","UserId":"","DomainName":"ARCOSAUTH","IPAddr
1021	2	Code For C# Using RestSharp
1021	2	Code For Java Using OkHttp
1022	2	Code For Python Using Requests
1022	3	22.3.62 RequestServicePassword
1022	2	Type of Request POST
1022	2	Endpoint /api/ServiceDetails/RequestServicePassword
1022	2	Version
1022	2	Release Version U9
1022	2	Pre Endpoint Call /arconToken
1022	2	Request Params - - - -
1022	2	Headers Content-Type application/json Mandatory -
1023	2	Body
1023	2	Response
1023	2	FkhKJ0KKZkMLq2F7pO2HP0C0xlOBBF'
1023	2	Post Endpoint Call All API's
1023	2	Supported Features ARCOS Log Archiver Service
1023	3	22.3.62.1 Data Types of Request and Response
1023	2	Type Parameters Data Type Description
1024	2	Type Parameters Data Type Description
1024	3	22.3.62.2 Code Blocks for '/RequestServicePassword'
1024	2	Code For Javascript - Jquery Using AJAX
1024	2	"data": JSON.stringify({"LOBProfile":"DEFAULT LOB
1025	2	Code For C# Using RestSharp
1025	2	\r\n    \"ServerIP\":"10.10.5.40",\r\n    \"ServiceType\":\"Windows RDP\",\r\n
1025	2	Code For Java Using OkHttp
1026	2	Code For Python Using Requests
1026	2	\"ServerIP\":"10.10.5.40",\r\n    \"ServiceType\":\"Windows RDP\",\r\n
1026	3	22.3.63 GetUserGroupHistoryVideoLog
1026	2	Type of Request POST
1026	2	Endpoint /api/ServiceDetails/GetUserGroupHistoryVideoLog
1026	2	Version
1026	2	Release Version U10
1026	2	Pre Endpoint Call /arconToken
1026	2	Request Params - - - -
1026	2	Headers Content-Type application/json Mandatory -
1026	2	Body
1027	2	Response
1027	2	BlvFEPnR+3liIuHxXCNs+jWCUQ7Uoffl2lVCIAPp1WXYpIXhk4c9sRBzgFtQvVWH
1027	2	MSVTcDdpY7hclW8x52EJ8TLG5Q172xO6FXnYMnKFDeYBk1eMPaonZ9PSUPuouR5t
1027	2	KSy69AzlQL0I9yUnAz/kHA== KSy69AzlQL0I9yUnAz/kHA== 0 0 0 0
1027	2	GTW0K7oVom81H94F1USfvNaETmk6RD8uyIQCq3b9sUBUeONSkUt41VpWQN4Mng=="
1027	2	Post Endpoint Call All API's
1027	2	Supported Features ARCOS Log Archiver Service
1027	3	22.3.63.1 Data Types of Request and Response
1027	2	Type Parameters Data Type Description
1027	2	ARCON PAM
1028	3	22.3.63.2 Code Blocks for '/GetUserGroupHistoryVideoLog'
1028	2	Code For Javascript - Jquery Using AJAX
1028	2	Code For C# Using RestSharp
1029	2	Code For Java Using OkHttp
1029	2	Code For Python Using Requests
1029	3	22.3.64 GetUserPasswordLessLogin
1029	2	Type of Request POST
1029	2	Endpoint /api/ServiceDetails/GetUserPasswordLessLogin
1029	2	Version
1029	2	Release Version U10
1029	2	Pre Endpoint Call /arconToken
1030	2	Request Params
1030	2	Headers Content-Type application/json Mandatory
1030	2	Body
1031	2	Response
1031	2	Post Endpoint Call NA
1031	2	Supported Features NA
1032	3	22.3.64.1 Data Types of Request and Response
1032	2	Type Parameters Data Type Description
1032	2	User
1032	2	ServiceWindowTitl
1032	2	ARCON PAM
1032	2	ARCON PAM
1033	2	Type Parameters Data Type Description
1033	2	GatewayServerPor
1033	2	GatewayServerUse
1033	2	GatewayServerPas
1033	2	PuttyWebServiceU
1033	2	IsUserLockToCons
1033	2	ServiceSessiontime
1033	2	RestrictedComman
1033	2	RestrictedProcesse
1034	3	22.3.64.2 Code Blocks for ‘/GetUserPasswordLessLogin’
1034	2	Code For Javascript - Jquery Using AJAX
1034	2	Code For C# Using RestSharp
1035	2	Code For Java Using OkHttp
1035	2	Code For Python Using Requests
1035	3	22.3.65 RaiseSAR
1035	2	Type of Request POST
1035	2	Endpoint /api/ServiceDetails/RaiseSAR
1035	2	Version
1035	2	Release Version U9
1035	2	Pre Endpoint Call /arconToken
1035	2	Request Params - - - -
1036	2	Headers Content-Type application/json Mandatory -
1036	2	Body
1036	2	Response
1036	2	Post Endpoint Call All API's
1036	2	Supported Features ARCOS Log Archiver Service
1036	3	22.3.65.1 Data Types of Request and Response
1036	2	Type Parameters Data Type Description
1036	2	Request
1036	2	UseValueForMappi
1037	2	Type Parameters Data Type Description
1037	2	ARCON PAM
1038	2	Type Parameters Data Type Description
1038	3	22.3.65.2 Code Blocks for '/RaiseSAR'
1038	2	Code For Javascript - Jquery Using AJAX
1038	2	"data": JSON.stringify({"UseValueForMapping":"1","LOBName":"DEFAULT LOB
1038	2	Code For C# Using RestSharp
1038	2	\"LOBName\":"DEFAULT LOB 1",\r\n    \"UserName\":\"ARCOSADMIN\",\r\n
1039	2	Code For Java Using OkHttp
1039	2	Code For Python Using Requests
1039	3	22.3.66 GetOrSet2FAInRA
1039	2	Type of Request POST
1039	2	Endpoint /api/ServiceDetails/GetOrSet2FAInRA
1040	2	Version
1040	2	Release Version U10
1040	2	Pre Endpoint Call /arconToken
1040	2	Request Params - - - -
1040	2	Headers Content-Type application/json Mandatory -
1040	2	Body
1040	2	Response
1040	2	Post Endpoint Call NA
1040	2	Supported Features NA
1041	3	22.3.66.1 Data Types of Request and Response
1041	2	Type Parameters Data Type Description
1041	3	22.3.66.2 Code Blocks for ‘/GetOrSet2FAInRA’
1041	2	Code For Javascript - Jquery Using AJAX
1042	2	Code For C# Using RestSharp
1042	2	Code For Java Using OkHttp
1043	2	Code For Python Using Requests
1043	3	22.3.67 ValidateServiceReference
1043	2	Type of Request POST
1043	2	Endpoint /api/ServiceDetails/ValidateServiceReference
1043	2	Version
1043	2	Release Version U9
1043	2	Pre Endpoint Call /arconToken
1043	2	Request Params - - - -
1043	2	Headers Content-Type application/json Mandatory -
1044	2	Body
1044	2	Response
1044	2	Post Endpoint Call All API's
1044	2	Supported Features NA
1044	3	22.3.67.1 Data Types of Request and Response
1044	2	Type Parameters Data Type Description
1044	2	User
1044	2	User
1045	2	Type Parameters Data Type Description
1045	2	IsReferenceOption
1045	2	IsIPAddressRefere
1045	2	ReferenceMethod
1045	2	Option1
1045	2	AllowedMaxAttem
1045	3	22.3.67.2 Code Blocks for '/ValidateServiceReference'
1045	2	Code For Javascript - Jquery Using AJAX
1045	2	JSON.stringify({"UserName":"","UserId":"","ScenarioName":"","TicketNo":"","ServerIPA
1046	2	Code For C# Using RestSharp
1046	2	Code For Java Using OkHttp
1047	2	Code For Python Using Requests
1047	3	22.3.68 Set_User_Session_Limit
1047	2	Type of Request POST
1047	2	Endpoint /api/ServiceDetails/Set_User_Session_Limit
1047	2	Version
1047	2	Release Version U16_SP2
1047	2	Pre Endpoint Call /arconToken
1047	2	Request Params UserId 35
1047	2	Headers Content-Type application/json Mandatory
1048	2	Response
1048	2	Post Endpoint Call All API's
1048	3	22.3.68.1 Data Types of Request and Response
1048	2	Type Parameters Data Type Description
1048	3	22.3.68.2 Code Blocks for ‘/Set_User_Session_Limit’
1048	2	Code For Javascript - Jquery Using AJAX
1049	2	Code For C# Using RestSharp
1049	2	Code For Java Using OkHttp
1049	2	UserId=35")
1050	2	Code For Python Using Requests
1050	2	UserId=35"
1050	3	22.3.69 GetServiceDetailsByServiceIdForBot
1050	2	Type of Request POST
1050	2	Endpoint /api/ServiceDetails/GetServiceDetails
1050	2	Version
1050	2	Release Version U10
1050	2	Pre Endpoint Call /arconToken
1050	2	Request Params - - - -
1050	2	Headers Content-Type application/json Mandatory -
1050	2	Body
1051	2	Response
1051	2	"Message": "Operation Successfull Encrypted
1052	2	Post Endpoint Call All API's
1052	2	Supported Features ARCOS Log Archiver Service
1052	3	22.3.69.1 Data Types of Request and Response
1052	2	Type Parameters Data Type Description
1052	2	User
1053	2	Type Parameters Data Type Description
1053	2	ServiceWindowTitl
1053	2	ARCON PAM
1053	2	ARCON PAM
1053	2	GatewayServerPor
1053	2	GatewayServerUse
1054	2	Type Parameters Data Type Description
1054	2	GatewayServerPas
1054	2	PuttyWebServiceU
1054	2	IsUserLockToCons
1054	2	ServiceSessionTime
1054	2	AcmoWebServiceU
1054	2	RestrictedComman
1055	2	Type Parameters Data Type Description
1055	2	RestrictedProcesse
1055	3	22.3.69.2 Code Blocks for '/GetServiceDetails'
1055	2	Code For Javascript - Jquery Using AJAX
1055	2	ZWdhdjlEQ0xNTVU4RlhIdTdxbkEvaWlmbXY0UGNpa1IvbUcwZnZUbXR0MFhsMjFVNFc3Y0paOUNwIiwiaXNz
1055	2	IjoiaHR0cDovL2xvY2FsaG9zdDo4ODkwLyIsImF1ZCI6ImMwNGMzZWQ3N2ExOTQwNGNhNGQ4YmI4ZGIwZjJm
1055	2	ZjMzIiwiZXhwIjoxNjQ3MDg4NzQ1LCJuYmYiOjE2NDcwMDIzNDV9.Sguq8R8A5OXQPknlumOezbTRIZ5jaqg
1055	2	"data": JSON.stringify({
1056	2	Code For C# Using RestSharp
1056	2	Code For Java Using OkHttp
1057	2	Code For Python Using Requests
1057	3	22.3.70 GetSSOServiceOpenCon
1057	2	Type of Request POST
1057	2	Endpoint /api/ServiceDetails/GetSSOServiceOpenCon
1057	2	Version
1057	2	Release Version U16_SP2
1057	2	Pre Endpoint Call /arconToken
1057	2	Headers Content-Type application/json Mandatory -
1058	2	Response
1059	2	Post Endpoint Call All API's
1059	3	22.3.70.1 Data Types of Request and Response
1059	2	Type Parameters Data Type Description
1060	2	Type Parameters Data Type Description
1060	2	ARCON PAM
1060	2	ARCON PAM
1060	2	ARCON PAM
1061	2	Type Parameters Data Type Description
1061	2	ARCON PAM
1061	2	ARCON PAM
1061	2	ARCON PAM
1061	3	22.3.70.2 Code Blocks for '/GetSSOServiceOpenCon'
1061	2	Code For Javascript - Jquery Using AJAX
1062	2	Code For C# Using RestSharp
1062	2	Code For Java Using OkHttp
1063	2	Code For Python Using Requests
1063	3	22.3.71 GetFilteredAssignedServiceListWithPaging
1063	2	Type of Request POST
1063	2	Endpoint /api/ServiceDetails/GetFilteredAssignedServiceListWithPaging
1063	2	Version
1063	2	Release Version U16_SP2
1063	2	Pre Endpoint Call /arconToken
1063	2	Request Params - - - -
1063	2	Mandatory -
1063	2	Body
1064	2	Response
1069	2	Post Endpoint Call All API's
1069	2	Supported Features ARCOS Log Archiver Service
1069	3	22.3.71.1 Data Types of Request and Response
1069	2	Type Parameters Data Type Description
1069	2	Request
1069	2	ARCON PAM
1069	2	ServiceDisplayNam
1070	2	Type Parameters Data Type Description
1071	3	22.3.71.2 Code Blocks for '/GetFilteredAssignedServiceListWithPaging'
1071	2	Code For Javascript - Jquery Using AJAX
1071	2	Code For C# Using RestSharp
1072	2	Code For Java Using OkHttp
1072	2	GetFilteredAssignedServiceListWithPaging")
1072	2	Code For Python Using Requests
1072	2	GetFilteredAssignedServiceListWithPaging"
1072	3	22.3.72 GetServiceParameters
1072	2	Type of Request POST
1072	2	Endpoint /api/ServiceDetails/GetServiceDetails
1072	2	Version
1073	2	Release Version U10
1073	2	Pre Endpoint Call /arconToken
1073	2	Headers Content-Type application/json Mandatory -
1073	2	Response
1074	2	Post Endpoint Call All API's
1074	3	22.3.72.1 Data Types of Request and Response
1074	2	Type Parameters Data Type Description
1075	2	Type Parameters Data Type Description
1075	2	ARCON PAM
1075	2	PAM
1076	3	22.3.72.2 Code Blocks for '/GetServiceParameters'
1076	2	Code For Javascript - Jquery Using AJAX
1076	2	Code For C# Using RestSharp
1077	2	Code For Java Using OkHttp
1077	2	Code For Python Using Requests
1077	3	22.3.73 Set_Service_Session_Limit
1077	2	Request POST
1077	2	Endpoint /api/ServiceDetails/Set_Service_Session_Limit
1077	2	Version
1077	2	Release Version U16_SP2
1077	2	Pre Endpoint Call /arconToken
1078	2	Request Params - - - -
1078	2	Headers Content-Type application/json Mandatory -
1078	2	Query
1078	2	String
1078	2	Paramete
1078	2	Set_Service_Session_Limit?UserId=35
1078	2	Response
1078	2	Post Endpoint Call None
1078	2	Supported Features NA
1078	3	22.3.73.1 Data Types of Request and Response
1078	2	Type Parameters Data Type Description
1079	3	22.3.73.2 Code Blocks for '/Set_Service_Session_Limit'
1079	2	Code For Javascript - Jquery Using AJAX
1079	2	Code For C# Using RestSharp
1080	2	Code For Java Using OkHttp
1080	2	Set_Service_Session_Limit?UserId=35")
1080	2	Code For Python Using Requests
1080	2	Set_Service_Session_Limit?UserId=35"
1080	3	22.3.74 GetServicesParamConfig
1080	2	Request POST
1080	2	Endpoint /api/ServiceDetails/GetServicesParamConfig
1080	2	Version
1080	2	Release Version U16_SP2
1080	2	Pre Endpoint Call /arconToken
1081	2	Request Params - - - -
1081	2	Headers Content-Type application/json Mandatory -
1081	2	Query
1081	2	String
1081	2	Paramete
1081	2	GetServicesParamConfig?serviceid=1&spmid=1
1081	2	Response
1081	2	Post Endpoint Call None
1081	2	Supported Features NA
1081	2	U16_SP2
1081	3	22.3.74.1 Data Types of Request and Response
1081	2	Type Parameters Data Type Description
1081	2	ARCON PAM
1082	2	Type Parameters Data Type Description
1082	2	ARCON PAM
1082	3	22.3.74.2 Code Blocks for '/GetServicesParamConfig'
1082	2	Code For Javascript - Jquery Using AJAX
1083	2	Code For C# Using RestSharp
1083	2	Code For Java Using OkHttp
1083	2	Code For Python Using Requests
1084	3	22.3.75 GetServiceAWSRolesDetails
1084	2	Type of Request POST
1084	2	Endpoint GetServiceAWSRolesDetails
1084	2	Version
1084	2	U16_SP2
1084	2	Pre Endpoint Call /arconToken
1084	2	Headers Content-Type application/json Mandatory -
1084	2	Response
1084	2	ConnectorSTSRole"
1084	2	Post Endpoint Call All API's
1085	2	Type Parameters Data Type Description
1085	2	PAM
1085	3	22.3.75.1 Code Blocks for '/GetServiceAWSRolesDetails'
1085	2	Code For Javascript - Jquery Using AJAX
1086	2	Code For C# Using RestSharp
1086	2	Code For Java Using OkHttp
1087	2	Code For Python Using Requests
1087	3	22.3.76 GetServiceAWSRoles
1087	2	Type of Request POST
1087	2	Endpoint GetServiceAWSRoles
1087	2	Version
1087	2	U16_SP2
1087	2	Pre Endpoint Call /arconToken
1087	2	Headers Content-Type application/json Mandatory -
1088	2	Response
1088	2	Post Endpoint Call All API's
1088	2	Type Parameters Data Type Description
1088	2	PAM
1088	2	ARCON PAM
1089	3	22.3.76.1 Code Blocks for '/GetServiceAWSRoles'
1089	2	Code For Javascript - Jquery Using AJAX
1089	2	Code For C# Using RestSharp
1090	2	Code For Java Using OkHttp
1090	2	Code For Python Using Requests
1090	3	22.3.77 GetServiceDetailsByServiceId
1090	2	Type of Request POST
1090	2	Endpoint /api/ServiceDetails/GetServiceDetailsByServiceId
1090	2	Version
1090	2	Release Version U16_SP2
1090	2	Pre Endpoint Call /arconToken
1091	2	Headers Content-Type application/json Mandatory
1092	2	Response
1093	2	Post Endpoint Call All API's
1093	3	22.3.77.1 Data Types of Request and Response
1093	2	Type Parameters Data Type Description
1093	2	ARCON PAM
1093	2	ServiceWindowTitl
1093	2	ARCON PAM
1094	2	Type Parameters Data Type Description
1094	2	ARCON PAM
1094	2	GatewayServerPor
1094	2	GatewayServerUse
1094	2	GatewayServerPas
1094	2	PuttyWebServiceU
1094	2	IsUserLockToCons
1094	2	ServiceSessionTime
1094	2	RestrictedComman
1094	2	RestrictedProcesse
1095	2	Type Parameters Data Type Description
1095	3	22.3.77.2 Code Blocks for ‘/GetServiceDetailsByServiceId’
1095	2	Code For Javascript - Jquery Using AJAX
1096	2	Code For C# Using RestSharp
1096	2	Code For Java Using OkHttp
1097	2	Code For Python Using Requests
1097	3	22.3.78 GetServiceUsernamePasswordBySessionIdHash
1097	2	Type of Request POST
1097	2	Endpoint GetServiceUsernamePasswordBySessionIdHash
1097	2	Version
1097	2	U16_SP2
1097	2	Pre Endpoint Call /arconToken
1097	2	Request Params - -
1097	2	Headers Content-Type application/json Mandatory -
1098	2	Response
1098	2	Post Endpoint Call All API's
1098	2	Type Parameters Data Type Description
1098	2	PAM
1099	3	22.3.78.1 Code Blocks for '/GetServiceAWSRoles'
1099	2	Code For Javascript - Jquery Using AJAX
1099	2	"data": JSON.stringify({
1100	2	Code For C# Using RestSharp
1100	2	Code For Java Using OkHttp
1100	2	GetServiceUsernamePasswordBySessionIdHash")
1101	2	Code For Python Using Requests
1101	2	GetServiceUsernamePasswordBySessionIdHash"
1101	3	22.3.79 UpdateSessionVideoDetails
1101	2	Type of Request POST
1101	2	Endpoint UpdateSessionVideoDetails
1101	2	Version
1101	2	U16_SP2
1101	2	Pre Endpoint Call /arconToken
1101	2	Request Params     - -
1101	2	Headers Content-Type application/json Mandatory -
1102	2	Response
1102	2	Post Endpoint Call All API's
1102	2	Type Parameters Data Type Description
1103	2	Type Parameters Data Type Description
1104	3	22.3.79.1 Code Blocks for '/UpdateSessionVideoDetails'
1104	2	Code For Javascript - Jquery Using AJAX
1104	2	"data": JSON.stringify({
1105	2	Code For C# Using RestSharp
1105	2	Code For Java Using OkHttp
1106	2	Code For Python Using Requests
1106	3	22.3.80 GetAvailableSession
1106	2	Type of Request POST
1106	2	Endpoint GetAvailableSession
1106	2	Version
1106	2	U16_SP2
1106	2	Pre Endpoint Call /arconToken
1106	2	Request Params     - -
1106	2	Headers Content-Type application/json Mandatory -
1108	2	Response
1109	2	Post Endpoint Call All API's
1109	2	Type Parameters Data Type Description
1110	2	Type Parameters Data Type Description
1110	2	DRemote
1111	2	Type Parameters Data Type Description
1112	3	22.3.80.1 Code Blocks for '/GetServiceAWSRoles'
1112	2	Code For Javascript - Jquery Using AJAX
1112	2	"data": JSON.stringify({
1113	2	Code For C# Using RestSharp
1113	2	Code For Java Using OkHttp
1114	2	Code For Python Using Requests
1114	3	22.3.81 GetActiveServicesByFilter
1114	2	Type of Request POST
1114	2	Endpoint /api/ServiceDetails/GetActiveServicesByFilter
1114	2	Version
1114	2	Release Version U3
1114	2	Pre Endpoint Call /arconToken
1114	2	Request Params - - - -
1114	2	Headers Content-Type application/json Mandatory -
1115	2	Body
1115	2	Response
1115	2	Post Endpoint Call All API's
1115	2	Supported Features NA
1116	3	22.3.81.1 Data Types of Request and Response
1116	2	Type Parameters Data Type Description
1116	2	ARCON PAM
1116	2	ARCON PAM
1116	2	ARCON PAM
1116	2	ARCON PAM
1116	2	ARCON PAM
1117	2	Type Parameters Data Type Description
1117	3	22.3.81.2 Code Blocks for ‘/GetSingleTargetDevicePassKey’
1117	2	Code For Javascript - Jquery Using AJAX
1117	2	JSON.stringify({"ServerIP":"192.168.0.240","ServiceUserName":"tuser985","DomainName"
1117	2	Code For C# Using RestSharp
1118	2	Code For Java Using OkHttp
1118	2	Code For Python Using Requests
1118	3	22.3.82 LogOutSessionById
1118	2	Type of Request POST
1118	2	Endpoint /api/ServiceDetails/LogOutSessionById
1118	2	Release Version U4
1119	2	Pre Endpoint Call /arconToken
1119	2	Request Params
1119	2	Mandatory
1119	2	Mandatory
1119	2	Body Request JSON
1119	2	Response Response JSON
1119	2	Post Endpoint Call None
1119	2	Supported Features NA
1119	3	22.3.82.1 Data Types of Request and Response
1119	2	Type Parameters Data Type
1120	2	Type Parameters Data Type
1120	3	22.3.82.2 Code Blocks for 'ServiceDetails/LogOutSessionById'
1120	2	C# Sample Code - (Using RestSharp)
1121	2	Token", "c01c1dad-
1121	2	Jyb2xlIjoiRGVm...XXXXcyI6Imh0dHA6Ly9sb2
1121	2	NhbGhvc3Q6ODg5MC8iLCJhdWQiOiI0MTRlMTkyN
1121	2	Java Code Sample - (Using OK HTTP)
1122	2	RequestBody.create(mediaType, "{\r\"Ser
1122	2	ServiceDetails/LogOutSessionById")
1122	2	Type", "application/json")
1122	2	Jyb2xlIjoiRGVm...XXXXcyI6Imh0dHA6Ly9sb2
1122	2	NhbGhvc3Q6ODg5MC8iLCJhdWQiOiI0MTRlMTkyN
1122	2	GOZMMRXs")
1122	2	Agent", "PostmanRuntime/7.19.0")
1122	2	Python Sample Code - (Using http.client Python 3)
1123	2	Jyb2xlIjoiRGVm...XXXXcyI6Imh0dHA6Ly9sb2
1123	2	NhbGhvc3Q6ODg5MC8iLCJhdWQiOiI0MTRlMTkyN
1123	2	Python Sample Code - (Using Python Request)
1124	2	ServiceDetails/LogOutSessionById"
1124	2	Jyb2xlIjoiRGVm...XXXXcyI6Imh0dHA6Ly9sb2
1124	2	NhbGhvc3Q6ODg5MC8iLCJhdWQiOiI0MTRlMTkyN
1124	2	22.4 User Details
1125	3	22.4.1 UserDetailsV2
1125	1	1. For C# using Rest-Sharp, https://www.nuget.org/packages/RestSharp/105.2.3
1125	1	2. For Java using OK HTTP: https://square.github.io/okhttp/
1125	1	3. For Python
1125	1	1. For C# using Rest-Sharp, https://www.nuget.org/packages/RestSharp/105.2.3
1125	1	2. For Java using OK HTTP: https://square.github.io/okhttp/
1125	1	3. For Python
1126	3	22.4.1.1 Get User List
1126	2	Type of Request POST
1126	2	Endpoint /api/UserDetailsV2/GetUserList
1126	2	Version
1126	2	Release Version U3
1126	2	Pre Endpoint Call /arconToken
1126	2	Request Params - - - -
1126	2	Headers Content-Type application/json Mandatory -
1126	2	Body
1127	2	Response
1127	2	Post Endpoint Call All API's
1127	2	Supported Features NA
1127	3	22.4.1.1.1 Data Types of Request and Response
1127	2	Type Parameters Data Type Description
1128	2	Type Parameters Data Type Description
1128	2	ARCON PAM
1128	3	22.4.1.1.2 Code Blocks for '/GetUserList'
1128	2	Code For Javascript - Jquery Using AJAX
1128	2	Code For C# Using RestSharp
1129	2	Code For Java Using OkHttp
1129	2	Code For Python Using Requests
1129	3	22.4.1.2 GetUserListByNameV2
1129	2	Request POST
1129	2	Endpoint /api/UserDetails/GetUserListByName
1129	2	Version
1129	2	Release Version U10
1129	2	Pre Endpoint Call /arconToken
1129	2	Request Params - - - -
1129	2	Headers Content-Type application/json Mandatory -
1130	2	Body
1130	2	Response
1130	2	Post Endpoint Call None
1130	2	Supported Features NA
1130	3	22.4.1.2.1 Data Types of Request and Response
1130	2	Type Parameters Data Type Description
1131	2	Type Parameters Data Type Description
1131	2	ARCON PAM
1131	3	22.4.1.2.2 Code Blocks for '/GetUserListByName'
1131	2	Code For Javascript - Jquery Using AJAX
1131	2	JSON.stringify({"UserId":23255,"UserName":"i2dnug7T4aoHHEMazgkfdIzoFpXxA6HjrwohKZaFl
1132	2	Code For C# Using RestSharp
1132	2	Code For Java Using OkHttp
1133	2	Code For Python Using Requests
1133	3	22.4.1.3 SetUserDetailsV2
1133	2	Type of Request POST
1133	2	Endpoint /api/UserDetails/SetUserDetails
1133	2	Version
1133	2	Release Version U9
1133	2	Pre Endpoint Call /arconToken
1133	2	Request Params - - - -
1133	2	Headers Content-Type application/json Mandatory -
1134	2	Body
1134	2	Response
1134	2	Post Endpoint Call All API's
1134	2	Supported Features NA
1134	3	22.4.1.3.1 Data Types of Request and Response
1134	2	Type Parameters Data Type Description
1134	2	ARCON PAM
1135	2	Type Parameters Data Type Description
1135	2	ARCON PAM
1136	2	Type Parameters Data Type Description
1136	3	22.4.1.3.2 Code Blocks for '/SetUserDetails'
1136	2	Code For Javascript - Jquery Using AJAX
1136	2	JSON.stringify({"LOBId":3,"UserGroupId":64,"DomainName":"DomainName","UserDisplayNam
1136	2	Name","UserId":"5O+viJvvQd9BIUuqvxH8To+0WVY9z3OMFxkrXAZVyTw=","Password":"password12
1136	2	Code For C# Using RestSharp
1137	2	Code For Java Using OkHttp
1137	2	Name\",\n \"UserId\":\"5O+viJvvQd9BIUuqvxH8To+0WVY9z3OMFxkrXAZVyTw=\",\n
1137	2	Code For Python Using Requests
1137	3	22.4.1.4 GetAssignedServiceListToUsrV2
1137	2	Type of Request POST
1137	2	Endpoint /api/UserDetails/GetAssignedServiceListToUsr
1138	2	Version
1138	2	Release Version U10
1138	2	Pre Endpoint Call /arconToken
1138	2	Request Params - - - -
1138	2	Headers Content-Type application/json Mandatory -
1138	2	Body
1139	2	Response
1139	2	"Message": "215 Records Found  Encrpted
1180	2	Post Endpoint Call None
1180	2	Supported Features NA
1180	3	22.4.1.4.1 Data Types of Request and Response
1180	2	Type Parameters Data Type Description
1180	2	ARCON PAM
1180	2	ARCON PAM
1181	3	22.4.1.4.2 Code Blocks for '/GetAssignedServiceListToUsr'
1181	2	Code For Javascript - Jquery Using AJAX
1181	2	Code For C# Using RestSharp
1182	2	Code For Java Using OkHttp
1182	2	Code For Python Using Requests
1182	3	22.4.1.5 GetNotAssignedServiceListToUsrV2
1182	2	Type of Request POST
1182	2	Endpoint /api/UserDetails/GetNotAssignedServiceListToUsr
1182	2	Version
1182	2	Release Version U13
1182	2	Pre Endpoint Call /arconToken
1182	2	Request Params - - - -
1183	2	Headers Content-Type application/json Mandatory -
1183	2	Body
1184	2	Response
1184	2	"Message": "38 Records Found  Encrpted
1191	2	Post Endpoint Call None
1191	2	Supported Features NA
1191	3	22.4.1.5.1 Data Types of Request and Response
1191	2	Type Parameters Data Type Description
1191	2	ARCON PAM
1192	2	Type Parameters Data Type Description
1192	2	ARCON PAM
1192	3	22.4.1.5.2 Code Blocks for '/GetNotAssignedServiceListToUsr'
1192	2	Code For Javascript - Jquery Using AJAX
1192	2	Code For C# Using RestSharp
1193	2	Code For Java Using OkHttp
1193	2	Code For Python Using Requests
1193	3	22.4.1.6 GetLOBListV2
1193	2	Type of Request GET
1193	2	Endpoint /api/UserDetails/GetLOBList
1193	2	Version
1193	2	Release Version U10
1193	2	Pre Endpoint Call /arconToken
1193	2	Request Params - - - -
1194	2	Headers Content-Type application/json Mandatory -
1195	2	Response
1195	2	"LobName": "DEFAULT LOB 1"
1195	2	"LobName": "MUMBAI ZONE"
1195	2	"LobName": "DEFAULT TEST LOB"
1195	2	"LobName": "DUBAI REGION"
1196	2	Post Endpoint Call None
1196	2	Supported Features NA
1196	3	22.4.1.6.1 Data Types of Request and Response
1196	2	Type Parameters Data Type Description
1196	2	Request No Parameters
1196	2	ARCON PAM
1197	3	22.4.1.6.2 Code Blocks for ‘/GetLOBList’
1197	2	Code For Javascript - Jquery Using AJAX
1197	2	Code For C# Using RestSharp
1198	2	Code For Java Using OkHttp
1198	2	Code For Python Using Requests
1198	3	22.4.1.7 GetUserGroupListV2
1198	2	Request GET
1198	2	Endpoint /api/UserDetails/GetUserGroupList
1198	2	Version
1198	2	Release Version U9
1198	2	Pre Endpoint Call /arconToken
1198	2	Request Params - - - -
1198	2	Headers Content-Type application/json Mandatory -
1199	2	Query
1199	2	String
1199	2	Paramete
1199	2	LOBID=1
1200	2	Response
1200	2	"UserGroupName": "WINDOWS ADMINS"
1200	2	SSSSSSSSSSSSSSSSSSSSSSSSSSSSSSSSSSP"
1200	2	"UserGroupName": "IT Admin"
1200	2	"UserGroupName": "USER ONBOARDING
1200	2	PRODDGXDGGGGGGGGGGGGGGGGGGGGGGGGGGGGGGGGGGGGGGGGGGGGGGGGGGGGGGGGGG
1200	2	GGGGGGGGGGGGGGGGGL"
1200	2	"UserGroupName": "DEMO USERS"
1201	2	"UserGroupName": "SHAIL USERS"
1201	2	"UserGroupName": "JIT User Group Raise Request -294"
1201	2	"UserGroupName": "NISHANT GROUP"
1201	2	Post Endpoint Call None
1201	2	Supported Features NA
1201	3	22.4.1.7.1 Data Types of Request and Response
1201	2	Type Parameters Data Type Description
1202	3	22.4.1.7.2 Code Blocks for '/GetUserGroupList'
1202	2	Code For Javascript - Jquery Using AJAX
1202	2	Code For C# Using RestSharp
1203	2	Code For Java Using OkHttp
1203	2	Code For Python Using Requests
1203	3	22.4.1.8 GetUserListV2
1203	2	Type of Request POST
1203	2	Endpoint /api/UserDetails/GetUserList
1203	2	Version
1203	2	Release Version U10
1203	2	Pre Endpoint Call /arconToken
1203	2	Request Params - - - -
1203	2	Headers Content-Type application/json Mandatory -
1204	2	Body
1204	2	Response
1204	2	Post Endpoint Call All API's
1204	2	Supported Features NA
1204	3	22.4.1.8.1 Data Types of Request and Response
1204	2	Type Parameters Data Type Description
1204	2	ARCON PAM
1205	2	Type Parameters Data Type Description
1205	3	22.4.1.8.2 Code Blocks for '/GetUserList'
1205	2	Code For Javascript - Jquery Using AJAX
1205	2	Code For C# Using RestSharp
1206	2	Code For Java Using OkHttp
1206	2	Code For Python Using Requests
1206	3	22.4.2 UserDetailsV3
1207	3	22.4.2.1 GetAssignedServiceListToUsrV3
1207	2	Type of Request GET
1207	2	Endpoint /api/UserDetails/GetAssignedServiceListToUsr
1207	2	Version
1207	2	Release Version U13
1207	2	Pre Endpoint Call /arconToken
1207	2	Request Params - - - -
1207	2	Headers Content-Type application/json Mandatory -
1207	2	Query
1207	2	String
1207	2	Paramete
1207	2	GetAssignedServiceListToUsr?UserId=35
1207	1	1. For C# using Rest-Sharp, https://www.nuget.org/packages/RestSharp/105.2.3
1207	1	2. For Java using OK HTTP: https://square.github.io/okhttp/
1207	1	3. For Python
1208	2	Response
1244	2	Post Endpoint Call None
1244	2	Supported Features NA
1245	3	22.4.2.1.1 Data Types of Request and Response
1245	2	Type Parameters Data Type Description
1245	2	ARCON PAM
1245	2	ARCON PAM
1245	3	22.4.2.1.2 Code Blocks for '/GetAssignedServiceListToUsr'
1245	2	Code For Javascript - Jquery Using AJAX
1246	2	Code For C# Using RestSharp
1246	2	Code For Java Using OkHttp
1246	2	UserId=35")
1246	2	Code For Python Using Requests
1246	2	UserId=35"
1247	3	22.4.2.2 GetUserListV3
1247	2	Type of Request GET
1247	2	Endpoint /api/UserDetails/GetUserList
1247	2	Version
1247	2	Release Version U3
1247	2	Pre Endpoint Call /arconToken
1247	2	Request Params - - - -
1247	2	Headers Content-Type application/json Mandatory -
1247	2	Query
1247	2	String
1247	2	Paramete
1247	2	UserGroupId=64
1247	2	Response
1247	2	Post Endpoint Call All API's
1247	2	Supported Features NA
1248	3	22.4.2.2.1 Data Types of Request and Response
1248	2	Type Parameters Data Type Description
1248	2	ARCON PAM
1248	3	22.4.2.2.2 Code Blocks for '/GetUserList'
1248	2	Code For Javascript - Jquery Using AJAX
1248	2	Code For C# Using RestSharp
1249	2	Code For Java Using OkHttp
1249	2	Code For Python Using Requests
1249	3	22.4.2.3 GetDomainsV3
1249	2	Request GET
1249	2	Endpoint /api/UserDetails/GetDomains
1249	2	Version
1249	2	Release Version U16
1249	2	Pre Endpoint Call /arconToken
1249	2	Request Params - - - -
1249	2	Headers Content-Type application/json Mandatory -
1250	2	Response
1251	2	Post Endpoint Call None
1251	2	Supported Features NA
1251	3	22.4.2.3.1 Data Types of Request and Response
1251	2	Type Parameters Data Type Description
1251	2	Request No Parameters
1251	2	ARCON PAM
1251	3	22.4.2.3.2 Code Blocks for '/GetDomains'
1251	2	Code For Javascript - Jquery Using AJAX
1252	2	Code For C# Using RestSharp
1252	2	Code For Java Using OkHttp
1253	2	Code For Python Using Requests
1253	3	22.4.2.4 SetUserDetailsV3
1253	2	Request POST
1253	2	Endpoint /api/UserDetails/SetUserDetails
1253	2	Version
1253	2	Release Version U16
1253	2	Pre Endpoint Call /arconToken
1253	2	Request Params - - - -
1253	2	Headers Content-Type application/json Mandatory -
1254	2	Body
1254	2	Response
1254	2	Post Endpoint Call None
1254	2	Supported Features NA
1254	3	22.4.2.4.1 Data Types of Request and Response
1254	2	Type Parameters Data Type Description
1254	2	ARCON PAM
1255	2	Type Parameters Data Type Description
1255	3	22.4.2.4.2 Code Blocks for '/SetUserDetails'
1255	2	Code For Javascript - Jquery Using AJAX
1255	2	"data": JSON.stringify({
1256	2	Code For C# Using RestSharp
1257	2	Code For Java Using OkHttp
1257	2	Code For Python Using Requests
1258	3	22.4.3 UserDetailsV1
1258	3	22.4.3.1 GetUserList
1258	2	Type of Request POST
1258	2	Endpoint /api/UserDetails/GetUserList
1258	2	Version
1258	2	Release Version U3
1258	2	Pre Endpoint Call /arconToken
1258	2	Request Params - - - -
1258	2	Headers Content-Type application/json Mandatory -
1258	2	Body
1259	2	Response
1259	2	Post Endpoint Call All API's
1259	2	Supported Features NA
1259	3	22.4.3.1.1 Data Types of Request and Response
1259	2	Type Parameters Data Type Description
1260	2	Type Parameters Data Type Description
1260	2	ARCON PAM
1260	3	22.4.3.1.2 Code Blocks for '/GetUserList'
1260	2	Code For Javascript - Jquery Using AJAX
1260	2	Code For C# Using RestSharp
1261	2	Code For Java Using OkHttp
1261	2	Code For Python Using Requests
1261	3	22.4.3.2 DisableUser
1261	2	Type of Request POST
1261	2	Endpoint /api/UserDetails/DisableUser
1261	2	Version
1261	2	Release Version U4
1261	2	Pre Endpoint Call /arconToken
1261	2	Request Params - - - -
1262	2	Headers Content-Type application/json Mandatory -
1262	2	Body
1262	2	Response
1262	2	Post Endpoint Call None
1262	2	Supported Features NA
1262	3	22.4.3.2.1 Data Types of Request and Response
1262	2	Type Parameters Data Type Description
1262	2	ARCON PAM
1263	3	22.4.3.2.2 Code Blocks for '/DisableUser'
1263	2	Code For Javascript - Jquery Using AJAX
1263	2	Code For C# Using RestSharp
1264	2	Code For Java Using OkHttp
1264	2	Code For Python Using Requests
1264	3	22.4.3.3 SetServiceUserUnMapping
1264	2	Type of Request POST
1264	2	Endpoint /api/UserDetails/SetServiceUserUnMapping
1264	2	Version
1264	2	Release Version U3
1264	2	Pre Endpoint Call /arconToken
1264	2	Request Params - - - -
1264	2	Headers Content-Type application/json Mandatory -
1265	2	Body
1265	2	Response
1265	2	"ResultMessage": "Services Unmapped Successfully"
1265	2	Post Endpoint Call All API's
1265	2	Supported Features NA
1265	3	22.4.3.3.1 Data Types of Request and Response
1265	2	Type Parameters Data Type Description
1265	2	ARCON PAM
1265	2	ARCON PAM
1266	3	22.4.3.3.2 Code Blocks for '/SetServiceUserUnMapping'
1266	2	Code For Javascript - Jquery Using AJAX
1266	2	Code For C# Using RestSharp
1267	2	Code For Java Using OkHttp
1267	2	Code For Python Using Requests
1267	3	22.4.3.4 SetUsertoUserGroupUNMapping
1267	2	Type of Request POST
1267	2	Endpoint /api/UserDetails/SetUsertoUserGroupUNMapping
1267	2	Version
1267	2	Release Version U3
1267	2	Pre Endpoint Call /arconToken
1267	2	Request Params - - - -
1268	2	Headers Content-Type application/json Mandatory -
1268	2	Body
1268	2	Response
1268	2	Post Endpoint Call All API's
1268	2	Supported Features NA
1268	3	22.4.3.4.1 Data Types of Request and Response
1268	2	Type Parameters Data Type Description
1268	2	ARCON PAM
1269	3	22.4.3.4.2 Code Blocks for '/SetUsertoUserGroupUNMapping'
1269	2	Code For Javascript - Jquery Using AJAX
1269	2	Code For C# Using RestSharp
1270	2	Code For Java Using OkHttp
1270	2	Code For Python Using Requests
1270	3	22.4.3.5 SetUserDetails
1270	2	Type of Request POST
1270	2	Endpoint /api/UserDetails/SetUserDetails
1270	2	Version
1270	2	Release Version U3
1270	2	Pre Endpoint Call /arconToken
1270	2	Request Params - - - -
1271	2	Headers Content-Type application/json Mandatory -
1271	2	Body
1271	2	Response
1271	2	Post Endpoint Call All API's
1271	2	Supported Features NA
1271	3	22.4.3.5.1 Data Types of Request and Response
1271	2	Type Parameters Data Type Description
1271	2	ARCON PAM
1272	2	Type Parameters Data Type Description
1272	2	ARCON PAM
1273	3	22.4.3.5.2 Code Blocks for '/SetUserDetails'
1273	2	Code For Javascript - Jquery Using AJAX
1273	2	JSON.stringify({"LOBId":3,"UserGroupId":64,"DomainName":"DomainName","UserDisplayNam
1273	2	Name","UserId":"UserName12","Password":"password12","UserTypeId":2,"DualFactorTypeId
1273	2	Code For C# Using RestSharp
1274	2	Code For Java Using OkHttp
1274	2	Name\",\n \"UserId\":\"UserName12\",\n \"Password\":\"password12\",\n
1274	2	Code For Python Using Requests
1274	2	\n \"UserDisplayName\":\"Display Name\",\n \"UserId\":\"UserName12\",\n
1274	3	22.4.3.6 SetUserGroupServiceGroupMapping
1274	2	Type of Request POST
1274	2	Endpoint /api/UserDetails/SetUserGroupServiceGroupMapping
1274	2	Version
1275	2	Release Version U4
1275	2	Pre Endpoint Call /arconToken
1275	2	Request Params - - - -
1275	2	Headers Content-Type application/json Mandatory -
1275	2	Body
1275	2	Response
1275	2	Post Endpoint Call None
1275	2	Supported Features NA
1275	3	22.4.3.6.1 Data Types of Request and Response
1275	2	Type Parameters Data Type Description
1276	3	22.4.3.6.2 Code Blocks for '/SetUserGroupServiceGroupMapping'
1276	2	Code For Javascript - Jquery Using AJAX
1276	2	Code For C# Using RestSharp
1277	2	Code For Java Using OkHttp
1277	2	Code For Python Using Requests
1277	3	22.4.3.7 EnableUser
1277	2	Type of Request POST
1277	2	Endpoint /api/UserDetails/EnableUser
1277	2	Version
1277	2	Release Version U4
1277	2	Pre Endpoint Call /arconToken
1277	2	Request Params - - - -
1278	2	Headers Content-Type application/json Mandatory -
1278	2	Body
1278	2	Response
1278	2	Post Endpoint Call None
1278	2	Supported Features NA
1278	3	22.4.3.7.1 Data Types of Request and Response
1278	2	Type Parameters Data Type Description
1278	2	ARCON PAM
1279	3	22.4.3.7.2 Code Blocks for '/EnableUser'
1279	2	Code For Javascript - Jquery Using AJAX
1279	2	Code For C# Using RestSharp
1280	2	Code For Java Using OkHttp
1280	2	Code For Python Using Requests
1280	3	22.4.3.8 SetServiceUserMapping
1280	2	Type of Request POST
1280	2	Endpoint /api/UserDetails/SetServiceUserMapping
1280	2	Version
1280	2	Release Version U3
1280	2	Pre Endpoint Call /arconToken
1280	2	Request Params - - - -
1280	2	Headers Content-Type application/json Mandatory -
1281	2	Body
1281	2	Response
1281	2	"ResultMessage": "Services Mapped Successfully"
1281	2	Post Endpoint Call All API's
1281	2	Supported Features NA
1281	3	22.4.3.8.1 Data Types of Request and Response
1281	2	Type Parameters Data Type Description
1281	2	ARCON PAM
1282	3	22.4.3.8.2 Code Blocks for '/SetServiceUserMapping'
1282	2	Code For Javascript - Jquery Using AJAX
1282	2	Code For C# Using RestSharp
1283	2	Code For Java Using OkHttp
1283	2	Code For Python Using Requests
1283	3	22.4.3.9 GetUserDetailsBySession
1283	2	Request POST
1283	2	Endpoint /api/UserDetails/GetUserDetailsBySession
1283	2	Version
1283	2	Release Version U4
1283	2	Pre Endpoint Call /arconToken
1283	2	Request Params - - - -
1284	2	Headers Content-Type application/json Mandatory -
1284	2	Query
1284	2	String
1284	2	Paramete
1284	2	GetUserDetailsBySession?sessionId=1
1284	2	Response
1284	2	Post Endpoint Call None
1284	2	Supported Features NA
1284	3	22.4.3.9.1 Data Types of Request and Response
1284	2	Type Parameters Data Type Description
1285	2	Type Parameters Data Type Description
1285	2	ARCON PAM
1285	2	SessionTimeoutTim
1285	3	22.4.3.9.2 Code Blocks for '/GetUserDetailsBySession'
1285	2	Code For Javascript - Jquery Using AJAX
1285	2	Code For C# Using RestSharp
1286	2	Code For Java Using OkHttp
1286	2	Code For Python Using Requests
1286	3	22.4.3.10 UpdateUserPreferences
1286	2	Request POST
1286	2	Endpoint /api/UserDetails/UpdateUserPreferences
1286	2	Version
1286	2	Release Version U4
1286	2	Pre Endpoint Call /arconToken
1286	2	Request Params - - - -
1287	2	Headers Content-Type application/json Mandatory -
1287	2	Body
1287	2	Response
1287	2	Post Endpoint Call None
1287	2	Supported Features NA
1287	3	22.4.3.10.1 Data Types of Request and Response
1287	2	Type Parameters Data Type Description
1287	2	LoggedInUserSessi
1288	2	Type Parameters Data Type Description
1288	2	ServiceTypeDescri
1288	2	ARCON PAM
1288	3	22.4.3.10.2 Code Blocks for '/UpdateUserPreferences'
1288	2	Code For Javascript - Jquery Using AJAX
1288	2	JSON.stringify({"UserID":35,"ServiceTypeID":141,"LoggedInUserSessionID":1,"ServiceTy
1289	2	Code For C# Using RestSharp
1289	2	Code For Java Using OkHttp
1290	2	Code For Python Using Requests
1290	3	22.4.3.11 GetUserPreferences
1290	2	Request POST
1290	2	Endpoint /api/UserDetails/GetUserPreferences
1290	2	Version
1290	2	Release Version U4
1290	2	Pre Endpoint Call /arconToken
1290	2	Request Params - - - -
1290	2	Headers Content-Type application/json Mandatory -
1291	2	Body
1291	2	Response
1291	2	Post Endpoint Call None
1291	2	Supported Features NA
1291	3	22.4.3.11.1 Data Types of Request and Response
1291	2	Type Parameters Data Type Description
1291	2	ARCON PAM
1292	2	Type Parameters Data Type Description
1292	2	LoggedInUserSessi
1292	2	ServiceTypeDescri
1292	2	ARCON PAM
1292	3	22.4.3.11.2 Code Blocks for '/GetUserPreferences'
1292	2	Code For Javascript - Jquery Using AJAX
1293	2	Code For C# Using RestSharp
1293	2	Code For Java Using OkHttp
1294	2	Code For Python Using Requests
1294	3	22.4.3.12 UpdateUserInfo
1294	2	Request POST
1294	2	Endpoint /api/UserDetails/UpdateUserInfo
1294	2	Version
1294	2	Release Version U4
1294	2	Pre Endpoint Call /arconToken
1294	2	Request Params - - - -
1294	2	Headers Content-Type application/json Mandatory -
1295	2	Body
1295	2	Response
1295	2	Post Endpoint Call None
1295	2	Supported Features NA
1295	3	22.4.3.12.1 Data Types of Request and Response
1295	2	Type Parameters Data Type Description
1295	2	ARCON PAM
1296	2	Type Parameters Data Type Description
1296	1	1 for Admin
1296	1	0 for Client
1297	3	22.4.3.12.2 Code Blocks for '/UpdateUserInfo'
1297	2	Code For Javascript - Jquery Using AJAX
1297	2	JSON.stringify({"UserId":35,"UserDisplayName":"USER01","DomainName":"ARCOS01","Valid
1297	2	Till":"01/01/2059
1297	2	Code For C# Using RestSharp
1298	2	Code For Java Using OkHttp
1298	2	Code For Python Using Requests
1298	3	22.4.3.13 UpdateUserDetails
1298	2	Request POST
1298	2	Endpoint /api/UserDetails/UpdateUserDetails
1299	2	Version
1299	2	Release Version U4
1299	2	Pre Endpoint Call /arconToken
1299	2	Request Params - - - -
1299	2	Headers Content-Type application/json Mandatory -
1299	2	Body
1299	2	Response
1299	2	Post Endpoint Call None
1299	2	Supported Features NA
1299	3	22.4.3.13.1 Data Types of Request and Response
1299	2	Type Parameters Data Type Description
1300	2	Type Parameters Data Type Description
1300	3	22.4.3.13.2 Code Blocks for '/UpdateUserDetails'
1300	2	Code For Javascript - Jquery Using AJAX
1300	2	JSON.stringify({"UserId":35,"UserDisplayName":"ARCOSADMIN","EmailId":"test@gmail.com
1300	1	1 for Admin
1300	1	0 for Client
1301	2	Code For C# Using RestSharp
1301	2	Code For Java Using OkHttp
1302	2	Code For Python Using Requests
1302	3	22.4.3.14 SetUserAndMultipleLOBMapping
1302	2	Request POST
1302	2	Endpoint /api/UserDetails/SetUserAndMultipleLOBMapping
1302	2	Version
1302	2	Release Version U4
1302	2	Pre Endpoint Call /arconToken
1302	2	Request Params - - - -
1302	2	Headers Content-Type application/json Mandatory -
1302	2	Body
1303	2	Response
1303	2	Post Endpoint Call None
1303	2	Supported Features NA
1303	3	22.4.3.14.1 Data Types of Request and Response
1303	2	Type Parameters Data Type Description
1303	3	22.4.3.14.2 Code Blocks for '/SetUserAndMultipleLOBMapping'
1303	2	Code For Javascript - Jquery Using AJAX
1304	2	Code For C# Using RestSharp
1304	2	Code For Java Using OkHttp
1304	2	Code For Python Using Requests
1305	3	22.4.3.15 SetUserAndSingleLOBMapping
1305	2	Request POST
1305	2	Endpoint /api/UserDetails/SetUserAndSingleLOBMapping
1305	2	Version
1305	2	Release Version U4
1305	2	Pre Endpoint Call /arconToken
1305	2	Request Params - - - -
1305	2	Headers Content-Type application/json Mandatory -
1305	2	Body
1305	2	Response
1305	2	Post Endpoint Call None
1305	2	Supported Features NA
1306	3	22.4.3.15.1 Data Types of Request and Response
1306	2	Type Parameters Data Type Description
1306	3	22.4.3.15.2 Code Blocks for '/SetUserAndSingleLOBMapping'
1306	2	Code For Javascript - Jquery Using AJAX
1306	2	Code For C# Using RestSharp
1307	2	Code For Java Using OkHttp
1307	2	Code For Python Using Requests
1307	3	22.4.3.16 SetDualFactorAuthorization
1307	2	Request POST
1307	2	Endpoint /api/UserDetails/SetDualFactorAuthorization
1307	2	Version
1307	2	Release Version U4
1307	2	Pre Endpoint Call /arconToken
1307	2	Request Params - - - -
1308	2	Headers Content-Type application/json Mandatory -
1308	2	Body
1308	2	Response
1308	2	"Dual Factor Settings Updated"
1308	2	Post Endpoint Call None
1308	2	Supported Features NA
1308	3	22.4.3.16.1 Data Types of Request and Response
1308	2	Type Parameters Data Type Description
1309	2	Type Parameters Data Type Description
1309	3	22.4.3.16.2 Code Blocks for '/SetDualFactorAuthorization'
1309	2	Code For Javascript - Jquery Using AJAX
1309	2	Code For C# Using RestSharp
1310	2	Code For Java Using OkHttp
1310	2	Code For Python Using Requests
1310	3	22.4.3.17 GetUserType
1310	2	Type of Request POST
1310	2	Endpoint /api/UserDetails/GetUserType
1310	2	Version
1310	2	Release Version U4
1310	2	Pre Endpoint Call /arconToken
1310	2	Request Params - - - -
1311	2	Headers Content-Type application/json Mandatory -
1311	2	Mandatory
1311	2	Response
1311	2	Post Endpoint Call All API's
1311	2	Supported Features NA
1311	3	22.4.3.17.1 Data Types of Request and Response
1311	2	Type Parameters Data Type Description
1311	2	Request No Parameters
1312	3	22.4.3.17.2 Code Blocks for '/GetUserType'
1312	2	Code For Javascript - Jquery Using AJAX
1312	2	Code For C# Using RestSharp
1312	2	Code For Java Using OkHttp
1313	2	Code For Python Using Requests
1313	3	22.4.3.18 GetUserServiceDetails
1313	2	Request POST
1313	2	Endpoint /api/UserDetails/GetUserServiceDetails
1313	2	Version
1313	2	Release Version U4
1313	2	Pre Endpoint Call /arconToken
1313	2	Request Params - - - -
1313	2	Headers Content-Type application/json Mandatory -
1313	2	Body
1314	2	Response
1314	2	Post Endpoint Call None
1315	2	Supported Features NA
1315	3	22.4.3.18.1 Data Types of Request and Response
1315	2	Type Parameters Data Type Description
1315	2	ARCON PAM
1315	3	22.4.3.18.2 Code Blocks for '/GetUserServiceDetails'
1315	2	Code For Javascript - Jquery Using AJAX
1315	2	Code For C# Using RestSharp
1316	2	Code For Java Using OkHttp
1316	2	Code For Python Using Requests
1316	3	22.4.3.19 GetUserPreference
1316	2	Request POST
1316	2	Endpoint /api/UserDetails/GetUserPreference
1316	2	Version
1316	2	Release Version U4
1316	2	Pre Endpoint Call /arconToken
1316	2	Request Params - - - -
1316	2	Headers Content-Type application/json Mandatory -
1317	2	Query
1317	2	String
1317	2	Paramete
1317	2	Response
1317	2	Post Endpoint Call None
1317	2	Supported Features NA
1317	3	22.4.3.19.1 Data Types of Request and Response
1317	2	Type Parameters Data Type Description
1318	3	22.4.3.19.2 Code Blocks for '/GetUserPreference'
1318	2	Code For Javascript - Jquery Using AJAX
1318	2	Code For C# Using RestSharp
1318	2	Code For Java Using OkHttp
1319	2	Code For Python Using Requests
1319	3	22.4.3.20 GetUserListByName
1319	2	Request POST
1319	2	Endpoint /api/UserDetails/GetUserListByName
1319	2	Version
1319	2	Release Version U4
1319	2	Pre Endpoint Call /arconToken
1319	2	Request Params - - - -
1319	2	Headers Content-Type application/json Mandatory -
1319	2	Body
1320	2	Response
1320	2	Post Endpoint Call None
1320	2	Supported Features NA
1320	3	22.4.3.20.1 Data Types of Request and Response
1320	2	Type Parameters Data Type Description
1321	2	Type Parameters Data Type Description
1321	2	ARCON PAM
1321	3	22.4.3.20.2 Code Blocks for '/GetUserListByName'
1321	2	Code For Javascript - Jquery Using AJAX
1321	2	Code For C# Using RestSharp
1322	2	Code For Java Using OkHttp
1322	2	Code For Python Using Requests
1322	3	22.4.3.21 GetUserGroupList
1322	2	Request POST
1322	2	Endpoint /api/UserDetails/GetUserGroupList
1322	2	Version
1322	2	Release Version U4
1322	2	Pre Endpoint Call /arconToken
1322	2	Request Params - - - -
1323	2	Headers Content-Type application/json Mandatory -
1323	2	Body
1324	2	Response
1324	2	"UserGroupName": "WINDOWS ADMINS"
1324	2	"UserGroupName": "IT Admin"
1324	2	"UserGroupName": "DEMO USERS"
1324	2	Post Endpoint Call None
1324	2	Supported Features NA
1325	3	22.4.3.21.1 Data Types of Request and Response
1325	2	Type Parameters Data Type Description
1325	3	22.4.3.21.2 Code Blocks for '/GetUserGroupList'
1325	2	Code For Javascript - Jquery Using AJAX
1325	2	Code For C# Using RestSharp
1326	2	Code For Java Using OkHttp
1326	2	Code For Python Using Requests
1326	3	22.4.3.22 GetServiceTypeList
1326	2	Type of Request POST
1326	2	Endpoint /api/UserDetails/GetServiceTypeList
1326	2	Version
1326	2	Release Version U4
1326	2	Pre Endpoint Call /arconToken
1326	2	Request Params - - - -
1326	2	Headers Content-Type application/json Mandatory -
1327	2	Mandatory
1328	2	Response
1328	2	"ServiceTypeName": "SSH Telnet"
1328	2	"ServiceTypeName": "Windows RDP"
1328	2	"ServiceTypeName": "MS SQL EM - Local"
1328	2	"ServiceTypeName": "Sybase QA"
1328	2	"ServiceTypeName": "MySQL QA"
1328	2	"ServiceTypeName": "Telnet ROUTER"
1328	2	"ServiceTypeName": "SSH UNIX"
1328	2	"ServiceTypeName": "SSH LINUX"
1328	2	"ServiceTypeName": "DB2 QA"
1329	2	"ServiceTypeName": "IBM AS 400"
1329	2	Post Endpoint Call All API's
1329	2	Supported Features NA
1329	3	22.4.3.22.1 Data Types of Request and Response
1329	2	Type Parameters Data Type Description
1329	2	Request No Parameters
1329	3	22.4.3.22.2 Code Blocks for '/GetServiceTypeList'
1329	2	Code For Javascript - Jquery Using AJAX
1330	2	Code For C# Using RestSharp
1330	2	Code For Java Using OkHttp
1330	2	Code For Python Using Requests
1330	3	22.4.3.23 GetPasswordPolicyList
1331	2	Type of Request POST
1331	2	Endpoint /api/UserDetails/GetPasswordPolicyList
1331	2	Version
1331	2	Release Version U4
1331	2	Pre Endpoint Call /arconToken
1331	2	Request Params - - - -
1331	2	Headers Content-Type application/json Mandatory -
1331	2	Mandatory
1332	2	Response
1332	2	"PwdPolicyName": "Default Profile"
1332	2	"PwdPolicyName": "ARCON PAM Policy"
1332	2	"PwdPolicyName": "Release Password Policy"
1332	2	"PwdPolicyName": "Win Password Policy"
1332	2	Post Endpoint Call All API's
1332	2	Supported Features NA
1332	3	22.4.3.23.1 Data Types of Request and Response
1332	2	Type Parameters Data Type Description
1332	2	Request No Parameters
1333	3	22.4.3.23.2 Code Blocks for '/GetPasswordPolicyList'
1333	2	Code For Javascript - Jquery Using AJAX
1333	2	Code For C# Using RestSharp
1333	2	Code For Java Using OkHttp
1334	2	Code For Python Using Requests
1334	3	22.4.3.24 GetNotAssignedServiceListToUsr
1334	2	Type of Request POST
1334	2	Endpoint /api/UserDetails/GetNotAssignedServiceListToUsr
1334	2	Version
1334	2	Release Version U4
1334	2	Pre Endpoint Call /arconToken
1334	2	Request Params - - - -
1334	2	Headers Content-Type application/json Mandatory -
1334	2	Body
1335	2	Response
1336	2	Post Endpoint Call None
1336	2	Supported Features NA
1336	3	22.4.3.24.1 Data Types of Request and Response
1336	2	Type Parameters Data Type Description
1336	2	ARCON PAM
1336	2	ARCON PAM
1337	3	22.4.3.24.2 Code Blocks for '/GetNotAssignedServiceListToUsr'
1337	2	Code For Javascript - Jquery Using AJAX
1337	2	Code For C# Using RestSharp
1338	2	Code For Java Using OkHttp
1338	2	Code For Python Using Requests
1338	3	22.4.3.25 GetDualFactorType
1338	2	Type of Request POST
1338	2	Endpoint /api/UserDetails/GetDualFactorType
1338	2	Version
1338	2	Release Version U4
1338	2	Pre Endpoint Call /arconToken
1338	2	Request Params - - - -
1338	2	Headers Content-Type application/json Mandatory -
1339	2	Mandatory
1339	2	Response
1339	2	"DFTName": "Mobile OTP"
1339	2	"DFTName": "Hardware Token"
1339	2	"DFTName": "SMS OTP"
1339	2	"DFTName": "Email OTP"
1339	2	"DFTName": "TOTP Authenticator"
1339	2	Post Endpoint Call All API's
1339	2	Supported Features NA
1339	3	22.4.3.25.1 Data Types of Request and Response
1339	2	Type Parameters Data Type Description
1339	2	Request No Parameters
1340	2	Type Parameters Data Type Description
1340	3	22.4.3.25.2 Code Blocks for '/GetDualFactorType'
1340	2	Code For Javascript - Jquery Using AJAX
1340	2	Code For C# Using RestSharp
1341	2	Code For Java Using OkHttp
1341	2	Code For Python Using Requests
1341	3	22.4.3.26 GetDomains
1341	2	Type of Request POST
1341	2	Endpoint /api/UserDetails/GetDomains
1341	2	Version
1341	2	Release Version U4
1341	2	Pre Endpoint Call /arconToken
1341	2	Request Params - - - -
1341	2	Headers Content-Type application/json Mandatory -
1342	2	Mandatory
1342	2	Response
1342	2	Post Endpoint Call All API's
1342	2	Supported Features NA
1342	3	22.4.3.26.1 Data Types of Request and Response
1342	2	Type Parameters Data Type Description
1342	2	Request No Parameters
1342	2	ARCON PAM
1343	3	22.4.3.26.2 Code Blocks for '/GetDomains'
1343	2	Code For Javascript - Jquery Using AJAX
1343	2	Code For C# Using RestSharp
1343	2	Code For Java Using OkHttp
1344	2	Code For Python Using Requests
1344	3	22.4.3.27 GetAllServerGroups
1344	2	Type of Request POST
1344	2	Endpoint /api/UserDetails/GetAllServerGroups
1344	2	Version
1344	2	Release Version U4
1344	2	Pre Endpoint Call /arconToken
1344	2	Request Params - - - -
1344	2	Headers Content-Type application/json Mandatory -
1344	2	Mandatory
1345	2	Response
1345	2	"ServerGroupName": "WINDOWS SERVERS"
1345	2	"ServerGroupName": "LINUX SERVERS"
1345	2	"ServerGroupName": "DATABASE SERVERS"
1345	2	"ServerGroupName": "NEWTWORK DEVICES"
1346	2	Post Endpoint Call All API's
1346	2	Supported Features NA
1346	3	22.4.3.27.1 Data Types of Request and Response
1346	2	Type Parameters Data Type Description
1346	2	Request No Parameters
1346	3	22.4.3.27.2 Code Blocks for '/GetAllServerGroups'
1346	2	Code For Javascript - Jquery Using AJAX
1347	2	Code For C# Using RestSharp
1347	2	Code For Java Using OkHttp
1347	2	Code For Python Using Requests
1347	3	22.4.3.28 GetAllActiveUserList
1348	2	Type of Request GET
1348	2	Endpoint /api/UserDetails/GetAllActiveUserList
1348	2	Version
1348	2	Release Version U4
1348	2	Pre Endpoint Call /arconToken
1348	2	Request Params - - - -
1348	2	Headers Content-Type application/json Mandatory -
1348	2	Mandatory
1349	2	Response
1350	2	"Status": "Account Dormant Because Of User Not Logged In
1350	2	"Status": "Account Dormant Because Of User Not Logged In
1350	2	"Status": "Account Dormant Because Of User Not Logged In
1351	2	"Status": "Account Dormant Because Of User Not Logged In
1351	2	Post Endpoint Call All API's
1351	2	Supported Features NA
1351	3	22.4.3.28.1 Data Types of Request and Response
1351	2	Type Parameters Data Type Description
1351	2	Request No Parameters
1351	2	ARCON PAM
1351	2	ARCON PAM
1352	2	Type Parameters Data Type Description
1352	3	22.4.3.28.2 Code Blocks for '/GetAllActiveUserList'
1352	2	Code For Javascript - Jquery Using AJAX
1353	2	Code For C# Using RestSharp
1353	2	Code For Java Using OkHttp
1353	2	Code For Python Using Requests
1353	3	22.4.3.29 GetAllActiveUserDetails
1354	2	Type of Request GET
1354	2	Endpoint /api/UserDetails/GetAllActiveUserDetails
1354	2	Version
1354	2	Release Version U4
1354	2	Pre Endpoint Call /arconToken
1354	2	Request Params - - - -
1354	2	Headers Content-Type application/json Mandatory -
1354	2	Mandatory
1355	2	Response
1355	2	"UserGroupName": "WINDOWS ADMINS"
1356	2	"UserGroupName": "WINDOWS ADMINS"
1356	2	"UserGroupName": "WINDOWS ADMINS"
1357	2	Post Endpoint Call All API's
1357	2	Supported Features NA
1357	3	22.4.3.29.1 Data Types of Request and Response
1357	2	Type Parameters Data Type Description
1357	2	Request No Parameters
1357	2	ARCON PAM
1357	2	ARCON PAM
1358	3	22.4.3.29.2 Code Blocks for '/GetAllActiveUserDetails'
1358	2	Code For Javascript - Jquery Using AJAX
1358	2	Code For C# Using RestSharp
1358	2	Code For Java Using OkHttp
1359	2	Code For Python Using Requests
1359	3	22.4.3.30 SetUsertoUserGroupMappingWithAutoMap
1359	2	Type of Request POST
1359	2	Endpoint /api/UserDetails/SetUsertoUserGroupMappingWithAutoMap
1359	2	Version
1359	2	Release Version U16_SP2
1359	2	Pre Endpoint Call /arconToken
1359	2	Request Params - - - -
1359	2	Headers Content-Type application/json Mandatory -
1359	2	Body
1360	2	Response
1360	2	Post Endpoint Call All API's
1360	2	Supported Features NA
1360	3	22.4.3.30.1 Data Types of Request and Response
1360	2	Type Parameters Data Type Description
1360	2	ARCON PAM
1360	2	PAM
1361	3	22.4.3.30.2 Code Blocks for '/SetUsertoUserGroupMapping'
1361	2	Code For Javascript - Jquery Using AJAX
1361	2	Code For C# Using RestSharp
1362	2	Code For Java Using OkHttp
1362	2	SetUsertoUserGroupMappingWithAutoMap")
1362	2	Code For Python Using Requests
1362	2	SetUsertoUserGroupMappingWithAutoMap"
1362	3	22.4.3.31 SetUsertoUserGroupMapping
1362	2	Type of Request POST
1362	2	Endpoint /api/UserDetails/SetUsertoUserGroupMapping
1362	2	Version
1362	2	Release Version U3
1362	2	Pre Endpoint Call /arconToken
1363	2	Request Params - - - -
1363	2	Headers Content-Type application/json Mandatory -
1363	2	Body
1363	2	Response
1363	2	Post Endpoint Call All API's
1363	2	Supported Features NA
1363	3	22.4.3.31.1 Data Types of Request and Response
1363	2	Type Parameters Data Type Description
1363	2	ARCON PAM
1364	3	22.4.3.31.2 Code Blocks for '/SetUsertoUserGroupMapping'
1364	2	Code For Javascript - Jquery Using AJAX
1364	2	Code For C# Using RestSharp
1365	2	Code For Java Using OkHttp
1365	2	Code For Python Using Requests
1365	3	22.4.3.32 GetLOBList v1
1365	2	Type of Request POST
1365	2	Endpoint /api/UserDetails/GetLOBList
1365	2	Version
1365	2	Release Version U4
1365	2	Pre Endpoint Call /arconToken
1365	2	Request Params - - - -
1366	2	Headers Content-Type application/json Mandatory -
1366	2	Response
1366	2	"LobName": "DEFAULT LOB 1"
1366	2	"LobName": "DEFAULT LOB 2"
1366	2	"LobName": "DEFAULT LOB 3"
1366	2	Post Endpoint Call None
1366	2	Supported Features NA
1366	3	22.4.3.32.1 Data Types of Request and Response
1366	2	Type Parameters Data Type Description
1366	2	Request No Parameters
1366	2	ARCON PAM
1367	3	22.4.3.32.2 Code Blocks for ‘/GetLOBList’
1367	2	Code For Javascript - Jquery Using AJAX
1367	2	Code For C# Using RestSharp
1367	2	Code For Java Using OkHttp
1368	2	Code For Python Using Requests
1368	3	22.4.3.33 GetServerGroupListV1
1368	2	Type of Request POST
1368	2	Endpoint /api/UserDetails/GetServerGroupList
1368	2	Version
1368	2	Release Version U10
1368	2	Pre Endpoint Call /arconToken
1368	2	Request Params - - - -
1368	2	Headers Content-Type application/json Mandatory -
1369	2	Response
1369	2	Post Endpoint Call None
1369	2	Supported Features NA
1369	3	22.4.3.33.1 Data Types of Request and Response
1369	2	Type Parameters Data Type Description
1369	2	PAM
1370	3	22.4.3.33.2 Code Blocks for ‘/GetServerGroupList’
1370	2	Code For Javascript - Jquery Using AJAX
1370	2	Code For C# Using RestSharp
1371	2	Code For Java Using OkHttp
1371	2	Code For Python Using Requests
1371	3	22.4.3.34 GetUserPreferenceByServiceTypeId
1371	2	Type of Request POST
1371	2	Endpoint /api/UserDetails/GetUserPreferenceByServiceTypeId
1371	2	Version
1371	2	Release Version U9
1371	2	Pre Endpoint Call /arconToken
1371	2	Request Params - - - -
1371	2	Headers Content-Type application/json Mandatory -
1372	2	Query
1372	2	String
1372	2	Paramete
1372	2	GetUserPreferenceByServiceTypeId?serviceTypeId=2&userId=35
1372	2	Response
1372	2	"Key":"MS SQL EM - Local (Local Path)"
1372	2	"Value":"C:\\Program Files (x86)\\Microsoft SQL Server
1372	2	Management Studio 18\\Common7\\IDE\\Ssms.exe"
1372	2	Post Endpoint Call All API's
1372	2	Supported Features ARCOS Log Archiver Service
1372	3	22.4.3.34.1 Data Types of Request and Response
1372	2	Type Parameters Data Type Description
1373	3	22.4.3.34.2 Code Blocks for '/GetUserPreferenceByServiceTypeId'
1373	2	Code For Javascript - Jquery Using AJAX
1373	2	Code For C# Using RestSharp
1373	2	Code For Java Using OkHttp
1374	2	Code For Python Using Requests
1374	3	22.4.3.35 SetServerServerGroupUnMapping
1374	2	Request POST
1374	2	Endpoint /api/UserDetails/SetServerServerGroupUnMapping
1374	2	Version
1374	2	Release Version U16
1374	2	Pre Endpoint Call /arconToken
1374	2	Request Params - - - -
1374	2	Headers Content-Type application/json Mandatory -
1374	2	Body
1375	2	Response
1375	2	Post Endpoint Call None
1375	2	Supported Features NA
1375	3	22.4.3.35.1 Data Types of Request and Response
1375	2	Type Parameters Data Type Description
1375	2	ARCON PAM
1375	2	PAM
1376	3	22.4.3.35.2 Code Blocks for '/SetServerServerGroupUnMapping'
1376	2	Code For Javascript - Jquery Using AJAX
1376	2	"data": JSON.stringify({
1377	2	Code For C# Using RestSharp
1377	2	Code For Java Using OkHttp
1377	2	SetServerServerGroupUnMapping")
1378	2	Code For Python Using Requests
1378	2	SetServerServerGroupUnMapping"
1378	3	22.4.3.36 GetUserGroupListWithoutMandateValue
1378	2	Type of Request POST
1378	2	Endpoint /api/UserDetails/GetUserGroupListWithoutMandateValue
1378	2	Version
1378	2	Release Version U16
1378	2	Pre Endpoint Call /arconToken
1378	2	Request Params - - - -
1378	2	Headers Content-Type application/json Mandatory -
1379	2	Body
1379	2	N/A
1379	2	Response
1379	2	"LOBName": "BULK LOB"
1379	2	"LOBName": "DEFAULT LOB 2"
1379	2	Post Endpoint Call All API's
1379	2	Supported Features NA
1379	3	22.4.3.36.1 Data Types of Request and Response
1379	2	Type Parameters Data Type Description
1379	2	Request NA NA NA
1380	3	22.4.3.36.2 Code Blocks for ‘/GetServiceType’
1380	2	Code For Javascript - Jquery
1380	2	Code For C# Using RestSharp
1381	2	Code For Java Using OkHttp
1381	2	GetUserGroupListWithoutMandateValue")
1381	2	Code For Python Using Requests
1381	2	GetUserGroupListWithoutMandateValue"
1381	3	22.4.3.37 SetServerServerGroupMapping
1382	2	Request POST
1382	2	Endpoint /api/UserDetails/SetServerServerGroupMapping
1382	2	Version
1382	2	Release Version U16
1382	2	Pre Endpoint Call /arconToken
1382	2	Request Params - - - -
1382	2	Headers Content-Type application/json Mandatory -
1382	2	Body
1382	2	Response
1382	2	Post Endpoint Call None
1382	2	Supported Features NA
1383	3	22.4.3.37.1 Data Types of Request and Response
1383	2	Type Parameters Data Type Description
1383	2	ARCON PAM
1383	2	PAM
1383	3	22.4.3.37.2 Code Blocks for '/SetServerServerGroupMapping'
1383	2	Code For Javascript - Jquery Using AJAX
1383	2	"data": JSON.stringify({
1384	2	Code For C# Using RestSharp
1384	2	Code For Java Using OkHttp
1384	2	SetServerServerGroupMapping")
1385	2	Code For Python Using Requests
1385	3	22.4.3.38 SetUserPrivilegesUnMapping
1385	2	Request POST
1385	2	Endpoint /api/UserDetails/SetUserPrivilegesUnMapping
1385	2	Version
1385	2	Release Version U16
1385	2	Pre Endpoint Call /arconToken
1385	2	Request Params - - - -
1385	2	Headers Content-Type application/json Mandatory -
1386	2	Body
1386	2	Response
1386	2	Post Endpoint Call None
1386	2	Supported Features NA
1386	3	22.4.3.38.1 Data Types of Request and Response
1386	2	Type Parameters Data Type Description
1386	2	PAM
1387	3	22.4.3.38.2 Code Blocks for '/SetUserPrivilegesUnMapping'
1387	2	Code For Javascript - Jquery Using AJAX
1387	2	"data": JSON.stringify({
1388	2	Code For C# Using RestSharp
1388	2	Code For Java Using OkHttp
1388	2	SetUserPrivilegesUnMapping")
1389	2	Code For Python Using Requests
1389	3	22.4.3.39 GetLOBDetailsByUserId
1389	2	Type of Request POST
1389	2	Endpoint /api/UserDetails/GetLOBDetailsByUserId
1389	2	Version
1389	2	Release Version U16_SP2
1389	2	Pre Endpoint Call /arconToken
1389	2	Request Params - - - -
1389	2	Headers Content-Type application/json Mandatory -
1390	2	QueryStri
1390	2	Paramete
1390	2	GetLOBDetailsByUserId?UserID=35
1390	2	Response
1390	2	"LOBName": "DEFAULT LOB 2"
1390	2	"LOBName": "MUMBAI ZONE"
1390	2	"LOBName": "DUBAI REGION"
1390	2	"LOBName": "DEFAULT TEST LOB"
1391	2	Post Endpoint Call All API's
1391	2	Supported Features NA
1391	3	22.4.3.39.1 Data Types of Request and Response
1391	2	Type Parameters Data Type Description
1391	2	ARCON PAM
1391	2	PAM
1391	2	ARCON PAM
1391	3	22.4.3.39.2 Code Blocks for '/GetLOBDetailsByUserId'
1391	2	Code For Javascript - Jquery Using AJAX
1391	2	Code For C# Using RestSharp
1392	2	Code For Java Using OkHttp
1392	2	UserID=35")
1392	3	22.4.3.39.3 Code For Python Using Requests
1392	2	UserID=35"
1392	3	22.4.3.40 SetUserPrivilegesMapping
1392	2	Request POST
1392	2	Endpoint /api/UserDetails/SetUserPrivilegesMapping
1392	2	Version
1392	2	Release Version U16_SP2
1392	2	Pre Endpoint Call /arconToken
1392	2	Request Params - - - -
1392	2	Headers Content-Type application/json Mandatory -
1393	2	Body
1393	2	Response
1393	2	Post Endpoint Call None
1393	2	Supported Features NA
1393	3	22.4.3.40.1 Data Types of Request and Response
1393	2	Type Parameters Data Type Description
1393	2	PAM
1394	2	Type Parameters Data Type Description
1394	3	22.4.3.40.2 Code Blocks for '/SetUserPrivilegesMapping'
1394	2	Code For Javascript - Jquery Using AJAX
1394	2	Code For C# Using RestSharp
1395	2	Code For Java Using OkHttp
1395	2	Code For Python Using Requests
1395	3	22.4.3.41 GetAllActiveUserDetailsMapping
1395	2	Type of Request POST
1395	2	Endpoint /api/UserDetails/GetAllActiveUserDetailsMapping
1395	2	Version
1395	2	Release Version U16_SP2
1395	2	Pre Endpoint Call /arconToken
1395	2	Request Params - - - -
1396	2	Headers Content-Type application/json Mandatory -
1396	2	Body
1397	2	Response
1397	2	"ServiceGroup": "WINDOWS SERVERS"
1397	2	"ServiceGroup": "WINDOWS SERVERS"
1398	2	"ServiceGroup": "SHAIL SERVERS"
1398	2	"ServiceGroup": "WINDOWS SERVERS"
1398	2	"ServiceGroup": "SHAIL SERVERS"
1398	2	"ServiceGroup": "WINDOWS SERVERS"
1399	2	"ServiceGroup": "WINDOWS SERVERS"
1399	2	"ServiceGroup": "SHAIL SERVERS"
1399	2	"ServiceGroup": "SHAIL SERVERS"
1400	2	"ServiceGroup": "WINDOWS SERVERS"
1400	2	Post Endpoint Call None
1400	2	Supported Features NA
1400	3	22.4.3.41.1 Data Types of Request and Response
1400	2	Type Parameters Data Type Description
1400	2	Request
1400	2	ARCON PAM
1400	2	ARCON PAM
1400	2	ARCON PAM
1400	2	Response
1400	2	ARCON PAM
1400	2	ARCON PAM
1401	2	Type Parameters Data Type Description
1401	2	ConfigCommandRe
1401	2	ARCON PAM
1401	3	22.4.3.41.2 Code Blocks for '/GetAllActiveUserDetailsMapping'
1401	2	Code For Javascript - Jquery Using AJAX
1401	2	Code For C# Using RestSharp
1402	2	Code For Java Using OkHttp
1402	2	Code For Python Using Requests
1402	3	22.4.3.42 GetAllUserDetails
1402	2	Type of Request GET
1402	2	Version
1402	2	Release Version U16
1402	2	Pre Endpoint Call /arconToken
1402	2	Request Params - - - -
1403	2	Headers Content-Type application/json Mandatory -
1403	2	Mandatory
1404	2	Response
1405	2	Post Endpoint Call All API's
1405	2	Supported Features NA
1405	3	22.4.3.42.1 Data Types of Request and Response
1405	2	Type Parameters Data Type Description
1405	2	Request No Parameters
1405	2	PAM
1405	2	ARCON PAM
1405	2	ARCON PAM
1405	2	ARCON PAM
1405	2	ARCON PAM
1405	2	UserDisplayNam
1405	2	Last_login_det
1406	2	Type Parameters Data Type Description
1406	3	22.4.3.42.2 Code Blocks for '/GetAllUserDetails'
1406	2	Code For Javascript - Jquery Using AJAX
1406	2	Code For C# Using RestSharp
1407	2	Code For Java Using OkHttp
1407	2	Code For Python Using Requests
1407	3	22.4.3.43 GetIndividualUserDetails
1407	2	Type of Request POST
1407	2	Version
1407	2	Release Version U16
1407	2	Pre Endpoint Call /arconToken
1407	2	Request Params - - - -
1408	2	Headers Content-Type application/json Mandatory -
1408	2	Mandatory
1408	2	Request
1409	2	Response
1410	2	Post Endpoint Call All API's
1410	2	Supported Features NA
1410	3	22.4.3.43.1 Data Types of Request and Response
1410	2	Type Parameters Data Type Description
1410	2	ARCON PAM
1410	2	UserDisplayNam
1410	2	PAM
1410	2	ARCON PAM
1410	2	ARCON PAM
1410	2	ARCON PAM
1410	2	ARCON PAM
1410	2	UserDisplayNam
1410	2	Last_login_det
1411	2	Type Parameters Data Type Description
1411	3	22.4.3.43.2 Code Blocks for '/GetAllUserDetails'
1411	2	Code For Javascript - Jquery Using AJAX
1411	2	"data": JSON.stringify({
1412	2	Code For C# Using RestSharp
1412	2	Code For Java Using OkHttp
1413	2	Code For Python Using Requests
1413	2	UserDetails/GetIndividualUserDetails"
1413	3	22.4.3.44 GetPreferencesMaster
1413	2	Request POST
1413	2	Endpoint /api/UserDetails/GetPreferencesMaster
1413	2	Version
1413	2	Release Version U16
1413	2	Pre Endpoint Call /arconToken
1413	2	Request Params - - - -
1413	2	Headers Content-Type application/json Mandatory -
1414	2	Response
1414	2	Post Endpoint Call None
1414	2	Supported Features NA
1414	3	22.4.3.44.1 Data Types of Request and Response
1414	2	Type Parameters Data Type Description
1414	2	Request No Parameters
1414	2	ARCON PAM
1414	2	LoggedInUserSessi
1415	2	Type Parameters Data Type Description
1415	2	ServiceTypeDescri
1415	2	UserServicePrefere
1415	2	UserServicePref
1415	2	IsSetPrefernceAvai
1415	2	Preferences in ARCON PAM
1415	3	22.4.3.44.2 Code Blocks for '/GetPreferencesMaster'
1415	2	Code For Javascript - Jquery Using AJAX
1415	2	Code For C# Using RestSharp
1416	2	Code For Java Using OkHttp
1416	2	Code For Python Using Requests
1416	3	22.4.3.45 LockOutById
1416	2	Type of Request POST
1416	2	Endpoint /api/UserDetails/LockOutById
1416	2	Release Version U4
1416	2	Pre Endpoint Call /arconToken
1417	2	Request Params
1417	2	Mandatory
1417	2	Mandatory
1417	2	Body Request JSON
1417	2	Response Response JSON
1417	2	Post Endpoint Call None
1417	2	Supported Features NA
1417	3	22.4.3.45.1 Data Types of Request and Response
1417	2	Type Parameters Data Type
1418	3	22.4.3.45.2 Code Blocks for 'UserDetails/LockOutById'
1418	2	C# Sample Code - (Using RestSharp)
1418	2	Token", "c01c1dad-
1418	2	Jyb2xlIjoiRGVm...XXXXcyI6Imh0dHA6Ly9sb2
1418	2	NhbGhvc3Q6ODg5MC8iLCJhdWQiOiI0MTRlMTkyN
1418	2	Java Code Sample - (Using OK HTTP)
1419	2	RequestBody.create(mediaType, "{\r\"Use
1419	2	UserDetails/LockOutById")
1419	2	Type", "application/json")
1419	2	Jyb2xlIjoiRGVm...XXXXcyI6Imh0dHA6Ly9sb2
1419	2	NhbGhvc3Q6ODg5MC8iLCJhdWQiOiI0MTRlMTkyN
1419	2	GOZMMRXs")
1419	2	Agent", "PostmanRuntime/7.19.0")
1419	2	Python Sample Code - (Using http.client Python 3)
1420	2	Jyb2xlIjoiRGVm...XXXXcyI6Imh0dHA6Ly9sb2
1420	2	NhbGhvc3Q6ODg5MC8iLCJhdWQiOiI0MTRlMTkyN
1420	2	Python Sample Code - (Using Python Request)
1421	2	UserDetails/LockOutById"
1421	2	Jyb2xlIjoiRGVm...XXXXcyI6Imh0dHA6Ly9sb2
1421	2	NhbGhvc3Q6ODg5MC8iLCJhdWQiOiI0MTRlMTkyN
1421	3	22.4.3.46 GetDisabledUsers
1421	2	Request GET
1421	2	Endpoint /api/UserDetails/GetDisabledUsers
1421	2	Version
1421	2	Release Version U16
1422	2	Pre Endpoint Call /arconToken
1422	2	Request Params - - - -
1422	2	Headers Content-Type application/json Mandatory -
1422	2	Body
1422	2	Response
1422	2	Post Endpoint Call None
1423	2	Supported Features NA
1423	3	22.4.3.46.1 Data Types of Request and Response
1423	2	Type Parameters Data Type Description
1423	2	PAM
1423	2	ARCON PAM
1424	3	22.4.3.46.2 Code Blocks for '/GetDisabledUsers'
1424	2	Code For Javascript - Jquery Using AJAX
1424	2	"data": JSON.stringify({
1425	2	Code For C# Using RestSharp
1425	2	Code For Java Using OkHttp
1425	2	KfEgsgJwnU8x4")
1426	2	Code For Python Using Requests
1426	3	22.4.3.47 GetDormantUsers
1426	2	Request GET
1426	2	Endpoint /api/UserDetails/GetDormantUsers
1426	2	Version
1426	2	Release Version U16
1426	2	Pre Endpoint Call /arconToken
1426	2	Request Params - - - -
1426	2	Headers Content-Type application/json Mandatory -
1427	2	Body
1427	2	N/A
1427	2	Response
1427	2	Post Endpoint Call None
1427	2	Supported Features NA
1427	3	22.4.3.47.1 Data Types of Request and Response
1427	2	Type Parameters Data Type Description
1427	2	ARCON PAM
1427	2	ARCON PAM
1428	2	Type Parameters Data Type Description
1428	3	22.4.3.47.2 Code Blocks for '/GetDormantUsers'
1428	2	Code For Javascript - Jquery Using AJAX
1428	2	"data": JSON.stringify({
1429	2	Code For C# Using RestSharp
1429	2	Code For Java Using OkHttp
1429	2	KfEgsgJwnU8x4")
1430	2	Code For Python Using Requests
1430	3	22.4.3.48 GetLockoutUsers
1430	2	Request POST
1430	2	Endpoint /api/UserDetails/GetLockoutUsers
1430	2	Version
1430	2	Release Version U16
1430	2	Pre Endpoint Call /arconToken
1430	2	Request Params - - - -
1430	2	Headers Content-Type application/json Mandatory -
1431	2	Body
1432	1	603 milliseconds, If records are found
1432	2	Post Endpoint Call None
1433	2	Supported Features NA
1433	3	22.4.3.48.1 Data Types of Request and Response
1433	2	Type Parameters Data Type Description
1433	2	ARCON PAM
1433	2	ARCON PAM
1434	3	22.4.3.48.2 Code Blocks for '/GetLockoutUsers'
1434	2	Code For Javascript - Jquery Using AJAX
1434	2	"data": JSON.stringify({
1435	2	Code For C# Using RestSharp
1435	2	Code For Java Using OkHttp
1436	2	Code For Python Using Requests
1436	3	22.4.3.49 GetPreferencesMasterDetails
1436	2	Request POST
1436	2	Endpoint /api/UserDetails/GetPreferencesMasterDetails
1436	2	Version
1436	2	Release Version U16
1436	2	Pre Endpoint Call /arconToken
1436	2	Request Params - - - -
1436	2	Headers Content-Type application/json Mandatory -
1437	2	Body
1437	2	Response
1437	2	"App SmarTerm - Telnet (Local Path)"
1437	2	Post Endpoint Call None
1437	2	Supported Features NA
1437	3	22.4.3.49.1 Data Types of Request and Response
1437	2	Type Parameters Data Type Description
1438	3	22.4.3.49.2 Code Blocks for '/GetPreferencesMasterDetails'
1438	2	Code For Javascript - Jquery Using AJAX
1438	2	"data": JSON.stringify({
1439	2	Code For C# Using RestSharp
1439	2	Code For Java Using OkHttp
1439	2	KfEgsgJwnU8x4")
1440	2	Code For Python Using Requests
1440	3	22.4.4 UserDetailsV4
1440	3	22.4.4.1 GetAssignedServiceListToUsrv4
1440	2	Type of Request POST
1440	2	Endpoint /api/UserDetails/GetAssignedServiceListToUsr
1440	2	Version
1440	2	Release Version U16_SP2
1440	2	Pre Endpoint Call /arconToken
1440	2	Request Params - - - -
1440	2	Headers Content-Type application/json Mandatory -
1441	2	Body
1442	2	Response
1442	2	"Parameter": "C:\\Program Files (x86)\\Microsoft SQL
1442	2	"Parameter": "C:\\Program Files (x86)\\Microsoft SQL
1443	2	"Parameter": "C:\\Program Files (x86)\\Microsoft SQL
1443	2	"Parameter": "C:\\Program Files (x86)\\Microsoft SQL
1511	2	"Parameter": "SYSDBA<DATA><FWH> - PL/SQL Developer</
1512	2	"Parameter": "SYSDBA<DATA><FWH> - PL/SQL Developer</
1514	2	"Parameter": "SYSDBA<DATA><FWH> - PL/SQL Developer</
1528	2	DkUvlyTlduUn4zSs1q_scY6Ye2SIMUjiv5Bgh0x_lBKf7aiN3rVjLzlaKSDBXR-
1528	2	ScY6oEC_S8p57taud7bSP9Npw7BtC7T9buuA7MlENa-
1528	2	YVkB_D-AwMzx7sR8fxOi-bjC-
1528	2	YmZkMDctNzlkNy00Nzc2LTg3NDEtNGY5MjNhM2VhYTYyZGFlNTk4Y2YtODFkMC00ZG
1528	2	Y0LWE2OWQtMWZmYWVmYTBjZTRi&redirect_uri=https%3A%2F%2Fportal.azure
1556	2	Post Endpoint Call None
1556	2	Supported Features NA
1556	3	22.4.4.1.1 Data Types of Request and Response
1556	2	Type Parameters Data Type Description
1556	2	ARCON PAM
1556	2	Response
1556	2	ARCON PAM
1557	2	Type Parameters Data Type Description
1557	2	AllowPasswordCha
1557	2	MinimumPassword
1557	2	Change
1557	2	MaximumPassword
1557	2	Change
1557	2	UserGlobalPasswor
1557	2	AllowScheduledPas
1557	3	22.4.4.1.2 Code Blocks for ‘/GetAssignedServiceListToUsr’
1557	2	Code For Javascript - Jquery Using AJAX
1558	2	Code For C# Using RestSharp
1558	2	Code For Java Using OkHttp
1559	2	Code For Python Using Requests
1559	2	22.5 UserLabels
1559	3	22.5.1 GetUserLabels
1559	2	Type of Request POST
1559	2	Endpoint /api/UserLabels/GetUserLabels
1559	2	Version
1559	2	Release Version U4
1559	2	Pre Endpoint Call /arconToken
1559	2	Request Params - - - -
1559	2	Headers Content-Type application/json Mandatory -
1560	2	Body
1561	2	Response
1562	2	Post Endpoint Call None
1562	2	Supported Features NA
1562	3	22.5.1.1 Data Types of Request and Response
1562	2	Type Parameters Data Type Description
1562	2	ARCON PAM
1562	2	ARCON PAM
1563	3	22.5.1.2 Code Blocks for ‘/GetUserLabels’
1563	2	Code For Javascript - Jquery Using AJAX
1563	2	Code For C# Using RestSharp
1564	2	Code For Java Using OkHttp
1564	2	Code For Python Using Requests
1564	3	22.5.2 UpdateUserLabels
1564	2	Type of Request POST
1564	2	Endpoint /api/UserLabels/UpdateUserLabels
1564	2	Version
1564	2	Release Version U4
1564	2	Pre Endpoint Call /arconToken
1564	2	Request Params - - - -
1565	2	Headers Content-Type application/json Mandatory -
1565	2	Body
1566	2	Response
1566	2	Post Endpoint Call None
1566	2	Supported Features NA
1566	3	22.5.2.1 Data Types of Request and Response
1566	2	Type Parameters Data Type Description
1566	2	ARCON PAM
1567	2	Type Parameters Data Type Description
1567	3	22.5.2.2 Code Blocks for ‘/UpdateUserLabels’
1567	2	Code For Javascript - Jquery Using AJAX
1568	2	Code For C# Using RestSharp
1568	2	Code For Java Using OkHttp
1569	2	Code For Python Using Requests
1569	3	22.5.3 GetUserLabelsTest
1569	2	Type of Request GET
1569	2	Endpoint /api/UserLabels/GetUserLabelsTest
1569	2	Version
1569	2	Release Version U4
1569	2	Pre Endpoint Call /arconToken
1569	2	Request Params - - - -
1569	2	Headers Content-Type application/json Mandatory -
1569	2	Query
1569	2	String
1569	2	Paramete
1569	2	UserId=36
1570	2	Response
1570	2	Post Endpoint Call None
1570	2	Supported Features NA
1570	3	22.5.3.1 Data Types of Request and Response
1570	2	Type Parameters Data Type Description
1570	2	ARCON PAM
1570	2	ARCON PAM
1571	3	22.5.3.2 Code Blocks for ‘/GetUserLabelsTest’
1571	2	Code For Javascript - Jquery Using AJAX
1571	2	Code For C# Using RestSharp
1571	2	Code For Java Using OkHttp
1572	2	Code For Python Using Requests
1572	2	22.6 UserFavourites
1572	3	22.6.1 GetUserFavourites
1572	2	Type of Request POST
1572	2	Endpoint /api/UserFavourites/GetUserFavourites
1572	2	Version
1572	2	Release Version U4
1572	2	Pre Endpoint Call /arconToken
1572	2	Request Params - - - -
1572	2	Headers Content-Type application/json Mandatory -
1572	2	Body
1573	2	Response
1573	2	Post Endpoint Call None
1573	2	Supported Features NA
1574	3	22.6.1.1 Data Types of Request and Response
1574	2	Type Parameters Data Type Description
1574	2	ARCON PAM
1574	2	ARCON PAM
1574	2	ARCON PAM
1574	3	22.6.1.2 Code Blocks for ‘/GetUserFavourites’
1574	2	Code For Javascript - Jquery Using AJAX
1575	2	Code For C# Using RestSharp
1575	2	Code For Java Using OkHttp
1576	2	Code For Python Using Requests
1576	3	22.6.2 UpdateUserFavourites
1576	2	Type of Request POST
1576	2	Endpoint /api/UserFavourites/UpdateUserFavourites
1576	2	Version
1576	2	Release Version U4
1576	2	Pre Endpoint Call /arconToken
1576	2	Request Params - - - -
1576	2	Headers Content-Type application/json Mandatory -
1576	2	Body
1577	2	Response
1577	2	Post Endpoint Call None
1577	2	Supported Features NA
1577	3	22.6.2.1 Data Types of Request and Response
1577	2	Type Parameters Data Type Description
1577	2	ARCON PAM
1577	2	ARCON PAM
1578	3	22.6.2.2 Code Blocks for ‘/UpdateUserFavourites’
1578	2	Code For Javascript - Jquery Using AJAX
1578	2	Code For C# Using RestSharp
1579	2	Code For Java Using OkHttp
1579	2	Code For Python Using Requests
1579	2	22.7 Configuration
1579	3	22.7.1 DecryptText
1579	2	Type of Request POST
1580	2	Version
1580	2	Release Version U16_SP2
1580	2	Pre Endpoint Call /arconToken
1580	2	Request Params - - - -
1580	2	Headers Content-Type application/json Mandatory -
1580	2	Body
1580	2	Response
1580	2	Post Endpoint Call None
1580	2	Supported Features NA
1580	3	22.7.1.1 Data Types of Request and Response
1580	2	Type Parameters Data Type Description
1581	3	22.7.1.2 Code Blocks for ‘/DecryptText’
1581	2	Code For Javascript - Jquery
1581	2	"data": JSON.stringify({
1582	2	Code For C# Using RestSharp
1582	2	Code For Java Using OkHttp
1583	2	Code For Python Using Requests
1583	3	22.7.2 GetArcosConfiguration
1583	2	Type of Request POST
1583	2	Endpoint /api/Configuration/GetArcosConfiguration
1583	2	Version
1583	2	Release Version U4
1583	2	Pre Endpoint Call /arconToken
1583	2	Request Params - - - -
1583	2	Headers Content-Type application/json Mandatory -
1584	2	Body
1584	2	Response
1584	2	"ArcosConfigDescription": "Real Time Session Monitoring With
1584	2	Post Endpoint Call None
1584	2	Supported Features NA
1584	3	22.7.2.1 Data Types of Request and Response
1584	2	Type Parameters Data Type Description
1584	2	ARCON PAM
1584	2	ArcosConfigDescri
1584	2	ArcosConfigDefaul
1584	2	ArcosConfigMinVal
1585	2	Type Parameters Data Type Description
1585	2	ArcosConfigMaxVa
1585	3	22.7.2.2 Code Blocks for ‘/GetArcosConfiguration’
1585	2	Code For Javascript - Jquery Using AJAX
1585	2	Code For C# Using RestSharp
1586	2	Code For Java Using OkHttp
1586	2	Code For Python Using Requests
1586	3	22.7.3 GetArcosConfigurations
1586	2	Type of Request POST
1586	2	Endpoint /api/Configuration/GetArcosConfigurations
1586	2	Version
1586	2	Release Version U4
1587	2	Pre Endpoint Call /arconToken
1587	2	Request Params - - - -
1587	2	Headers Content-Type application/json Mandatory -
1587	2	Body
1588	2	Response
1588	2	"ArcosConfigDescription": "Real Time Session Monitoring With
1588	2	Post Endpoint Call None
1588	2	Supported Features NA
1588	3	22.7.3.1 Data Types of Request and Response
1588	2	Type Parameters Data Type Description
1588	2	ARCON PAM
1588	2	ArcosConfigDescri
1589	2	Type Parameters Data Type Description
1589	2	ArcosConfigDefaul
1589	2	ArcosConfigMinVal
1589	2	ArcosConfigMaxVa
1589	3	22.7.3.2 Code Blocks for ‘/GetArcosConfigurations’
1589	2	Code For Javascript - Jquery Using AJAX
1589	2	Code For C# Using RestSharp
1590	2	Code For Java Using OkHttp
1590	2	Code For Python Using Requests
1590	3	22.7.4 GetUserTypeV1
1590	2	Type of Request POST
1590	2	Endpoint /api/Configuration/GetUserType
1590	2	Version
1590	2	Release Version U9
1590	2	Pre Endpoint Call /arconToken
1591	2	Request Params - - - -
1591	2	Headers Content-Type application/json Mandatory -
1591	2	Mandatory
1591	2	Response
1591	2	Response Time 132milliseconds
1591	2	Post Endpoint Call All API's
1591	2	Supported Features NA
1591	3	22.7.4.1 Data Types of Request and Response
1591	2	Type Parameters Data Type Description
1591	2	Request No Parameters
1592	3	22.7.4.2 Code Blocks for '/GetUserType'
1592	2	Code For Javascript - Jquery Using AJAX
1592	2	Code For C# Using RestSharp
1592	2	Code For Java Using OkHttp
1593	2	Code For Python Using Requests
1593	3	22.7.5 GetLOBList_Configuration
1593	2	Type of Request GET
1593	2	Endpoint /api/Configuration/GetLOBList
1593	2	Version
1593	2	Release Version U10
1593	2	Pre Endpoint Call /arconToken
1593	2	Request Params - - - -
1593	2	Headers Content-Type application/json Mandatory -
1594	2	Response
1594	2	"LobName": "DEFAULT LOB 1"
1594	2	"LobName": "MUMBAI ZONE"
1594	2	"LobName": "DEFAULT TEST LOB"
1594	2	"LobName": "DUBAI REGION"
1595	2	Post Endpoint Call None
1595	2	Supported Features NA
1595	3	22.7.5.1 Data Types of Request and Response
1595	2	Type Parameters Data Type Description
1595	2	Request No Parameters
1595	2	ARCON PAM
1596	2	Type Parameters Data Type Description
1596	3	22.7.5.2 Code Blocks for ‘/GetLOBList’
1596	2	Code For Javascript - Jquery Using AJAX
1596	2	Code For C# Using RestSharp
1597	2	Code For Java Using OkHttp
1597	2	Code For Python Using Requests
1597	2	22.8 ServicePassword
1597	3	22.8.1 GetTargetDevicePassKey
1597	2	Type of Request POST
1597	2	Endpoint /api/ServicePassword/GetTargetDevicePassKey
1597	2	Version
1598	2	Release Version U3
1598	2	Pre Endpoint Call /arconToken
1598	2	Request Params - - - -
1598	2	Headers Content-Type application/json Mandatory -
1598	2	Body
1599	2	Response
1599	2	Post Endpoint Call All API's
1599	2	Supported Features NA
1599	3	22.8.1.1 Data Types of Request and Response
1599	2	Type Parameters Data Type Description
1600	2	Type Parameters Data Type Description
1600	3	22.8.1.2 Code Blocks for ‘/GetTargetDevicePassKey’
1600	2	Code For Javascript - Jquery Using AJAX
1600	2	JSON.stringify([{"ServerIP":"10.10.1.111","ServicetypeID":"7","UserName":"UserName_1
1601	2	Code For C# Using RestSharp
1601	2	Code For Java Using OkHttp
1602	2	Code For Python Using Requests
1602	3	22.8.2 GetAllTargetTypes
1602	2	Type of Request GET
1602	2	Endpoint /api/ServicePassword/GetAllTargetTypes
1602	2	Version
1602	2	Release Version U3
1602	2	Pre Endpoint Call /arconToken
1602	2	Request Params - - - -
1602	2	Headers Content-Type application/json Mandatory -
1603	2	Response
1603	2	Post Endpoint Call All API's
1603	2	Supported Features NA
1603	3	22.8.2.1 Data Types of Request and Response
1603	2	Type Parameters Data Type Description
1603	2	Request No Parameters
1603	2	ARCON PAM
1604	3	22.8.2.2 Code Blocks for ‘/GetAllTargetTypes’
1604	2	Code For Javascript - Jquery Using AJAX
1604	2	Code For C# Using RestSharp
1604	2	Code For Java Using OkHttp
1605	2	Code For Python Using Requests
1605	3	22.8.3 ServicePasswordVaulting
1605	2	Type of Request POST
1605	2	Endpoint /api/ServicePassword/ServicePasswordVaulting
1605	2	Version
1605	2	Release Version U3
1605	2	Pre Endpoint Call /arconToken
1605	2	Request Params - - - -
1605	2	Headers Content-Type application/json Mandatory -
1605	2	Body
1606	2	Response
1606	2	"ResultMessage": "Password Changed Successfully."
1606	2	Post Endpoint Call All API's
1606	2	Supported Features NA
1606	3	22.8.3.1 Data Types of Request and Response
1606	2	Type Parameters Data Type Description
1606	2	ARCON PAM
1606	2	ARCON PAM
1607	2	Type Parameters Data Type Description
1607	3	22.8.3.2 Code Blocks for ‘/ServicePasswordVaulting’
1607	2	Code For Javascript - Jquery Using AJAX
1607	2	Code For C# Using RestSharp
1608	2	Code For Java Using OkHttp
1608	2	Code For Python Using Requests
1608	3	22.8.4 GetSingleTargetDevicePassKey
1608	2	Type of Request POST
1608	2	Endpoint /api/ServicePassword/GetSingleTargetDevicePassKey
1608	2	Version
1608	2	Release Version U3
1608	2	Pre Endpoint Call /arconToken
1608	2	Request Params - - - -
1609	2	Headers Content-Type application/json Mandatory -
1609	2	Body
1609	2	Response
1609	2	Post Endpoint Call All API's
1609	2	Supported Features NA
1609	3	22.8.4.1 Data Types of Request and Response
1609	2	Type Parameters Data Type Description
1610	2	Type Parameters Data Type Description
1610	3	22.8.4.2 Code Blocks for ‘/GetSingleTargetDevicePassKey’
1610	2	Code For Javascript - Jquery Using AJAX
1610	2	JSON.stringify({"ServerIP":"10.10.1.111","TargetType":"Linux","UserName":"UserName_1
1611	2	Code For C# Using RestSharp
1611	2	Code For Java Using OkHttp
1611	2	GetSingleTargetDevicePassKey")
1612	2	Code For Python Using Requests
1612	3	22.8.5 GetServiceType
1612	2	Type of Request POST
1612	2	Endpoint /api/ServicePassword/GetServiceType
1612	2	Version
1612	2	Release Version U3
1612	2	Pre Endpoint Call /arconToken
1612	2	Request Params - - - -
1612	2	Headers Content-Type application/json Mandatory -
1613	2	Response
1613	2	"ServiceTypeName": "App 3Par Mgmt"
1613	2	"ServiceTypeName": "App AbInitioGDE"
1613	2	"ServiceTypeName": "App Account and Voucher Info Manager"
1613	2	"ServiceTypeName": "App Air Rating Manager"
1613	2	"ServiceTypeName": "App Air Signaling Manager"
1613	2	Post Endpoint Call All API's
1613	2	Supported Features NA
1613	3	22.8.5.1 Data Types of Request and Response
1613	2	Type Parameters Data Type Description
1613	2	Request No Parameters
1614	3	22.8.5.2 Code Blocks for ‘/GetServiceType’
1614	2	Code For Javascript - Jquery Using AJAX
1614	2	Code For C# Using RestSharp
1614	2	Code For Java Using OkHttp
1615	2	Code For Python Using Requests
1615	3	22.8.6 GetServicePassword (Security Issue)
1615	2	Type of Request POST
1615	2	Endpoint /api/ServicePassword/GetServicePassword
1615	2	Version
1615	2	Release Version U3
1615	2	Pre Endpoint Call /arconToken
1615	2	Request Params - - - -
1615	2	Headers Content-Type application/json Mandatory -
1615	2	Body
1616	2	Response
1616	2	Post Endpoint Call All API's
1616	2	Supported Features NA
1616	3	22.8.6.1 Data Types of Request and Response
1616	2	Type Parameters Data Type Description
1617	2	Type Parameters Data Type Description
1617	3	22.8.6.2 Code Blocks for ‘/GetServicePassword’
1617	2	Code For Javascript - Jquery Using AJAX
1617	2	JSON.stringify({"ServiceTypeId":10,"UserName":"arcos007","Password":null,"DomainName
1617	2	Code For C# Using RestSharp
1618	2	Code For Java Using OkHttp
1618	2	Code For Python Using Requests
1618	3	22.8.7 GetRootCredentials
1618	2	Type of Request POST
1618	2	Endpoint /api/ServicePassword/GetRootCredentials
1618	2	Version
1619	2	Release Version U3
1619	2	Pre Endpoint Call /arconToken
1619	2	Request Params - - - -
1619	2	Headers Content-Type application/json Mandatory -
1619	2	Query
1619	2	String
1619	2	Paramete
1619	2	ServerIp=10.10.0.211&ServiceType=windows
1619	2	Response
1619	2	Post Endpoint Call All API's
1619	2	Supported Features NA
1619	3	22.8.7.1 Data Types of Request and Response
1619	2	Type Parameters Data Type Description
1619	2	ARCON PAM
1620	3	22.8.7.2 Code Blocks for ‘/GetRootCredentials’
1620	2	Code For Javascript - Jquery Using AJAX
1620	2	Code For C# Using RestSharp
1621	2	Code For Java Using OkHttp
1621	2	ServerIp=10.10.0.211&ServiceType=windows")
1621	2	Code For Python Using Requests
1621	2	ServerIp=10.10.0.211&ServiceType=windows"
1621	3	22.8.8 GetRootCredentialsV2
1621	2	Type of Request POST
1621	2	Endpoint /api/ServicePassword/GetRootCredentials
1621	2	Version
1621	2	Release Version U10
1621	2	Pre Endpoint Call /arconToken
1622	2	Request Params - - - -
1622	2	Headers Content-Type application/json Mandatory -
1622	2	Query
1622	2	String
1622	2	Paramete
1622	2	ServerIp=10.10.0.211&ServiceType=windows
1622	2	Response
1622	2	Post Endpoint Call All API's
1622	2	Supported Features NA
1622	3	22.8.8.1 Data Types of Request and Response
1622	2	Type Parameters Data Type Description
1622	2	ARCON PAM
1623	3	22.8.8.2 Code Blocks for ‘/GetRootCredentials’
1623	2	Code For Javascript - Jquery Using AJAX
1623	2	Code For C# Using RestSharp
1624	2	Code For Java Using OkHttp
1624	2	ServerIp=10.10.0.211&ServiceType=windows")
1624	2	Code For Python Using Requests
1624	2	ServerIp=10.10.0.211&ServiceType=windows"
1624	3	22.8.9 GetTargetDevicePassKeyV2
1624	2	Type of Request POST
1624	2	Endpoint /api/ServicePassword/GetTargetDevicePassKey
1624	2	Version
1624	2	Release Version U13
1625	2	Pre Endpoint Call /arconToken
1625	2	Request Params - - - -
1625	2	Headers Content-Type application/json Mandatory -
1625	2	Body
1626	2	Response
1626	2	Post Endpoint Call All API's
1626	2	Supported Features NA
1626	3	22.8.9.1 Data Types of Request and Response
1626	2	Type Parameters Data Type Description
1627	2	Type Parameters Data Type Description
1627	3	22.8.9.2 Code Blocks for ‘/GetTargetDevicePassKey’
1627	2	Code For Javascript - Jquery Using AJAX
1627	2	JSON.stringify([{"ServerIP":"10.10.1.111","TargetType":"Linux","UserName":"UserName_
1628	2	Code For C# Using RestSharp
1628	2	Code For Java Using OkHttp
1629	2	Code For Python Using Requests
1629	3	22.8.10 GetSecretServicePassword
1629	2	Type of Request POST
1629	2	Endpoint /api/ServicePassword/GetSecretServicePassword
1629	2	Version
1629	2	Release Version U3
1629	2	Pre Endpoint Call /arconToken
1629	2	Request Params - - - -
1629	2	Headers Content-Type application/json Mandatory -
1630	2	Body
1630	2	Response
1630	2	Post Endpoint Call All API's
1630	2	Supported Features NA
1630	3	22.8.10.1 Data Types of Request and Response
1630	2	Type Parameters Data Type Description
1630	2	Request
1630	2	Response
1631	3	22.8.10.2 Code Blocks for ‘/GetSecretServicePassword’
1631	2	Code For Javascript - Jquery Using AJAX
1631	2	Code For C# Using RestSharp
1632	2	Code For Java Using OkHttp
1632	2	Code For Python Using Requests
1632	3	22.8.11 GetSecretServiceList
1632	2	Type of Request POST
1632	2	Endpoint /api/ServicePassword/GetSecretServiceList
1632	2	Version
1632	2	Release Version U10
1633	2	Pre Endpoint Call /arconToken
1633	2	Request Params - - - -
1633	2	Headers Content-Type application/json Mandatory -
1633	2	Body
1633	2	Response
1633	2	Post Endpoint Call All API's
1633	2	Supported Features NA
1634	3	22.8.11.1 Data Types of Request and Response
1634	2	Type Parameters Data Type Description
1634	3	22.8.11.2 Code Blocks for '/GetSecretServiceList'
1634	2	Code For Javascript - Jquery Using AJAX
1635	2	Code For C# Using RestSharp
1635	2	Code For Java Using OkHttp
1636	2	Code For Python Using Requests
1636	3	22.8.12 GetSecretServiceDetails
1636	2	Type of Request POST
1636	2	Endpoint /api/ServicePassword/GetSecretServiceDetails
1636	2	Version
1636	2	Release Version U10
1636	2	Pre Endpoint Call /arconToken
1636	2	Request Params - - - -
1636	2	Headers Content-Type application/json Mandatory -
1636	2	Body
1637	2	Response
1637	2	Post Endpoint Call All API's
1637	2	Supported Features NA
1637	3	22.8.12.1 Data Types of Request and Response
1637	2	Type Parameters Data Type Description
1637	2	ARCON PAM
1638	3	22.8.12.2 Code Blocks for '/GetSecretServiceDetails'
1638	2	Code For Javascript - Jquery Using AJAX
1638	2	Code For C# Using RestSharp
1639	2	Code For Java Using OkHttp
1639	2	Code For Python Using Requests
1639	3	22.8.13 RequestForServicePassword
1639	2	Type of Request POST
1639	2	Endpoint /api/ServicePassword/RequestForServicePassword
1639	2	Version
1639	2	Release Version U9
1639	2	Pre Endpoint Call /arconToken
1640	2	Request Params - - - -
1640	2	Headers Content-Type application/json Mandatory -
1640	2	Body
1640	2	Response
1640	2	Post Endpoint Call All API's
1640	2	Supported Features NA
1640	3	22.8.13.1 Data Types of Request and Response
1640	2	Type Parameters Data Type Description
1640	2	Request
1641	2	Type Parameters Data Type Description
1641	2	ARCON PAM
1641	3	22.8.13.2 Code Blocks for ‘/RequestForServicePassword’
1641	2	Code For Javascript - Jquery Using AJAX
1641	2	JSON.stringify({"ServerIP":"192.168.0.241","ServiceTypeID":1,"UserName":"Administrat
1642	2	Code For C# Using RestSharp
1642	2	Code For Java Using OkHttp
1643	2	Code For Python Using Requests
1643	3	22.8.14 GetPasswordWithoutIP
1643	2	Type of Request POST
1643	2	Endpoint /api/ServicePassword/GetPasswordWithoutIP
1643	2	Version
1643	2	Release Version U9
1643	2	Pre Endpoint Call /arconToken
1643	2	Request Params - - - -
1643	2	Headers Content-Type application/json Mandatory -
1644	2	Body
1644	2	Response
1644	2	Post Endpoint Call All API's
1644	2	Supported Features ARCOS Log Archiver Service
1644	3	22.8.14.1 Data Types of Request and Response
1644	2	Type Parameters Data Type Description
1645	2	Type Parameters Data Type Description
1645	2	ARCON PAM
1646	3	22.8.14.2 Code Blocks for '/GetPasswordWithoutIP'
1646	2	Code For Javascript - Jquery Using AJAX
1646	2	JSON.stringify({"ServerIP":"192.168.0.241","ServiceTypeID":"1","UserName":"Administr
1646	2	Code For C# Using RestSharp
1647	2	Code For Java Using OkHttp
1647	2	Code For Python Using Requests
1647	3	22.8.15 SyncServicePassword
1647	2	Type of Request POST
1648	2	Endpoint /api/ServicePassword/SyncServicePassword
1648	2	Version
1648	2	Release Version U9
1648	2	Pre Endpoint Call /arconToken
1648	2	Request Params - - - -
1648	2	Headers Content-Type application/json Mandatory -
1648	2	Body
1649	2	Response
1649	2	"ResultMessage": "Password Changed Successfully."
1649	2	"ResultMessage": "Password Changed Successfully."
1649	2	"ResultMessage": "Password Changed Successfully."
1649	2	"ResultMessage": "Password Changed Successfully."
1650	2	"ResultMessage": "Password Changed Successfully."
1650	2	"ResultMessage": "Password Changed Successfully."
1650	2	"ResultMessage": "Password Changed Successfully."
1650	2	"ResultMessage": "Password Changed Successfully."
1650	2	"ResultMessage": "Password Changed Successfully."
1651	2	"ResultMessage": "Password Changed Successfully."
1651	2	Post Endpoint Call All API's
1651	2	Supported Features ARCOS Log Archiver Service
1651	3	22.8.15.1 Data Types of Request and Response
1651	2	Type Parameters Data Type Description
1651	2	ARCON PAM
1652	2	Type Parameters Data Type Description
1652	3	22.8.15.2 Code Blocks for '/SyncServicePassword'
1652	2	Code For Javascript - Jquery Using AJAX
1652	2	JSON.stringify({"Password":"CteyFeK0fnC7vHf6hj4yxw==","UserName":"CteyFeK0fnC7vHf6hj
1652	2	Code For C# Using RestSharp
1653	2	Code For Java Using OkHttp
1653	2	Code For Python Using Requests
1653	3	22.8.16 GetSyncFailedServices
1653	2	Type of Request GET
1653	2	Endpoint /api/ServicePassword/GetSyncFailedServices
1653	2	Release Version U9
1654	2	Pre Endpoint Call /arconToken
1654	2	Request Params - - - -
1654	2	Headers Content-Type application/json Mandatory -
1654	2	Mandatory
1655	2	Response
1656	2	Post Endpoint Call All API's
1656	2	Supported Features NA
1656	3	22.8.16.1 Data Types of Request and Response
1656	2	Type Parameters Data Type Description
1656	2	Request No Parameters
1656	2	ARCON PAM
1657	3	22.8.16.2 Code Blocks for '/GetSyncFailedServices'
1657	2	Code For Javascript - Jquery Using AJAX
1657	2	Code For C# Using RestSharp
1658	2	Code For Java Using OkHttp
1658	2	Code For Python Using Requests
1658	3	22.8.17 UpdateSyncFailedServicesFlag
1658	2	Type of Request POST
1658	2	Endpoint /api/ServicePassword/UpdateSyncFailedServicesFlag
1658	2	Version
1658	2	Release Version U7
1658	2	Pre Endpoint Call /arconToken
1658	2	Request Params - - - -
1659	2	Headers Content-Type application/json Mandatory -
1659	2	Body
1659	2	Response
1659	2	Post Endpoint Call All API's
1659	2	Supported Features NA
1659	3	22.8.17.1 Data Types of Request and Response
1659	2	Type Parameters Data Type Description
1659	2	Request
1659	2	ARCON PAM
1660	3	22.8.17.2 Code Blocks for ‘/UpdateSyncFailedServicesFlag’
1660	2	Code For Javascript - Jquery Using AJAX
1660	2	Code For C# Using RestSharp
1661	2	Code For Java Using OkHttp
1661	2	UpdateSyncFailedServicesFlag")
1661	2	Code For Python Using Requests
1661	3	22.8.18 PostSecretServicePassword
1661	2	Type of Request POST
1661	2	Endpoint /api/ServicePassword/PostSecretServicePassword
1661	2	Version
1661	2	Release Version U9
1662	2	Pre Endpoint Call /arconToken
1662	2	Request Params - - - -
1662	2	Headers Content-Type application/json Mandatory -
1662	2	Body
1662	2	Response
1662	2	"Result": "Data Inserted Successfully"
1662	2	Post Endpoint Call All API's
1662	2	Supported Features NA
1662	3	22.8.18.1 Data Types of Request and Response
1662	2	Type Parameters Data Type Description
1662	2	Request
1663	2	Type Parameters Data Type Description
1663	2	Response
1663	3	22.8.18.2 Code Blocks for ‘/PostSecretServicePassword’
1663	2	Code For Javascript - Jquery Using AJAX
1663	2	"data": JSON.stringify({"URL":"http://
1664	2	Code For C# Using RestSharp
1664	2	Code For Java Using OkHttp
1665	2	Code For Python Using Requests
1665	3	22.8.19 GetTargetDeviceOpenSSHKey
1665	2	Type of Request POST
1665	2	Endpoint /api/ServicePassword/GetTargetDeviceOpenSSHKey
1665	2	Version
1665	2	Release Version U16_SP2
1665	2	Pre Endpoint Call /arconToken
1665	2	Request Params - - - -
1665	2	Headers Content-Type application/json Mandatory -
1666	2	Body
1666	2	Response
1666	2	"Result": "-----BEGIN RSA PRIVATE KEY----- [Removed for
1666	2	Post Endpoint Call All API's
1666	3	22.8.19.1 Data Types of Request and Response
1666	2	Type Parameters Data Type Description
1667	3	22.8.19.2 Code Blocks for ‘/GetTargetDeviceOpenSSHKey’
1667	2	Code For Javascript - Jquery Using AJAX
1667	2	"data": JSON.stringify({
1668	2	Code For C# Using RestSharp
1668	2	Code For Java Using OkHttp
1669	2	Code For Python Using Requests
1669	3	22.8.20 GetTargetDevicePassKeyByID
1669	2	Type of Request POST
1669	2	Endpoint /api/ServicePassword/GetTargetDevicePassKeyByID
1669	2	Version
1669	2	Release Version U16_SP1
1669	2	Pre Endpoint Call /arconToken
1669	2	Request Params - - - -
1669	2	Headers Content-Type application/json Mandatory -
1670	2	Body
1670	2	ServiceID:11435
1670	2	Response
1670	2	Post Endpoint Call All API's
1670	2	Supported Features NA
1670	3	22.8.20.1 Data Types of Request and Response
1670	2	Type Parameters Data Type Description
1670	2	ARCON PAM
1670	2	Response
1670	2	ARCON PAM
1671	2	Type Parameters Data Type Description
1671	3	22.8.20.2 Code Blocks for ‘/GetTargetDevicePassKeyByID’
1671	2	Code For Javascript - Jquery
1671	2	Code For C# Using RestSharp
1672	2	Code For Java Using OkHttp
1672	2	Code For Python Using Requests
1672	3	22.8.21 GetAwsSTS
1672	2	Request POST
1672	2	Endpoint /api/ServicePassword/GetAwsSTS
1672	2	Version
1672	2	Release Version U16
1672	2	Pre Endpoint Call /arconToken
1672	2	Request Params - - - -
1673	2	Headers Content-Type application/json Mandatory -
1673	2	Body
1673	2	Response
1673	2	FWqu3MXcTupT05n65qvQ0sMJMeL6IBoU6xS7rPYsRRLWXGBoB74ezTEYbq1plV+Hts
1673	2	DpMO+KeqhBx2dMUp82jh9HXdqZfK8uMp951CizjdaGBjItas3rMTrAwE9VkPU9+RQ4
1673	2	Post Endpoint Call None
1674	2	Supported Features NA
1674	3	22.8.21.1 Data Types of Request and Response
1674	2	Type Parameters Data Type Description
1675	3	22.8.21.2 Code Blocks for '/GetAwsSTS'
1675	2	Code For Javascript - Jquery Using AJAX
1675	2	"data": JSON.stringify([
1676	2	Code For C# Using RestSharp
1677	2	Code For Java Using OkHttp
1678	2	Code For Python Using Requests
1678	2	22.9 ADbridging
1678	1	1. For C# using Rest-Sharp, https://www.nuget.org/packages/RestSharp/105.2.3
1678	1	2. For Java using OK HTTP: https://square.github.io/okhttp/
1678	1	3. For Python
1679	3	22.9.1 AddServerInformationAdDomain
1679	2	Type of Request POST
1679	2	Endpoint /api/ADbridging/AddServerInformationAdDomain
1679	2	Version
1679	2	Release Version U4
1679	2	Pre Endpoint Call /arconToken
1679	2	Request Params - - - -
1679	2	Headers Content-Type application/json Mandatory -
1679	2	Body
1680	2	Response
1680	2	Post Endpoint Call None
1680	2	Supported Features NA
1680	3	22.9.1.1 Data Types of Request and Response
1680	2	Type Parameters Data Type Description
1680	2	ARCON PAM
1681	2	Type Parameters Data Type Description
1681	2	ARCON PAM
1681	2	ARCON PAM
1682	2	Type Parameters Data Type Description
1682	2	ARCON PAM
1682	3	22.9.1.2 Code Blocks for '/AddServerInformationAdDomain'
1682	2	Code For Javascript - Jquery Using AJAX
1682	2	JSON.stringify({"ServerDetailID":"5","ServerIP":"10.11.2.111","ServerHostName":"10.1
1683	2	Code For C# Using RestSharp
1683	2	Code For Java Using OkHttp
1684	2	Code For Python Using Requests
1684	3	22.9.2 CheckRulesOnMappingID
1684	2	Type of Request POST
1684	2	Endpoint /api/ADbridging/CheckRulesOnMappingID
1684	2	Version
1684	2	Release Version U3
1684	2	Pre Endpoint Call /arconToken
1684	2	Request Params - - - -
1684	2	Mandatory -
1685	2	Body
1685	2	Response
1685	2	Post Endpoint Call All API's
1685	2	Supported Features ARCOS Log Archiver Service
1685	3	22.9.2.1 Data Types of Request and Response
1685	2	Type Parameters Data Type Description
1685	2	ARCON PAM
1686	2	Type Parameters Data Type Description
1686	2	PAMLobMappingN
1686	2	ARCON PAM
1686	2	PAMLobMappingN
1686	3	22.9.2.2 Code Blocks for '/CheckRulesOnMappingID'
1686	2	Code For Javascript - Jquery Using AJAX
1686	2	JSON.stringify({"RuleID":"47","RuleName":"TestRule3","Description":"","Date":"08/14/
1687	2	Code For C# Using RestSharp
1687	2	Code For Java Using OkHttp
1688	2	Code For Python Using Requests
1688	3	22.9.3 DeleteAdDomain
1688	2	Type of Request POST
1688	2	Endpoint /api/ADbridging/DeleteAdDomain
1688	2	Version
1688	2	Release Version U3
1688	2	Pre Endpoint Call /arconToken
1688	2	Request Params - - - -
1688	2	Mandatory -
1688	2	Body
1689	2	Response
1689	2	Post Endpoint Call All API's
1689	2	Supported Features ARCOS Log Archiver Service
1689	3	22.9.3.1 Data Types of Request and Response
1689	2	Type Parameters Data Type Description
1689	2	ARCON PAM
1690	3	22.9.3.2 Code Blocks for '/DeleteAdDomain'
1690	2	Code For Javascript - Jquery Using AJAX
1690	2	Code For C# Using RestSharp
1691	2	Code For Java Using OkHttp
1691	2	Code For Python Using Requests
1691	3	22.9.4 DeleteLOBFromLobMappingId
1691	2	Type of Request POST
1691	2	Endpoint /api/ADbridging/DeleteLOBFromLobMappingId
1691	2	Version
1691	2	Release Version U3
1691	2	Pre Endpoint Call /arconToken
1691	2	Request Params - - - -
1692	2	Mandatory -
1692	2	Body
1692	2	Response
1692	2	Post Endpoint Call All API's
1692	2	Supported Features ARCOS Log Archiver Service
1692	3	22.9.4.1 Data Types of Request and Response
1692	2	Type Parameters Data Type Description
1693	3	22.9.4.2 Code Blocks for '/DeleteLOBFromLobMappingId'
1693	2	Code For Javascript - Jquery Using AJAX
1693	2	Code For C# Using RestSharp
1694	2	Code For Java Using OkHttp
1694	2	Code For Python Using Requests
1694	3	22.9.5 DeleteRule
1694	2	Type of Request POST
1694	2	Endpoint /api/ADbridging/DeleteRule
1694	2	Version
1694	2	Release Version U3
1694	2	Pre Endpoint Call /arconToken
1694	2	Request Params - - - -
1695	2	Mandatory -
1695	2	Body
1695	2	Response
1695	2	Post Endpoint Call All API's
1695	2	Supported Features ARCOS Log Archiver Service
1696	3	22.9.5.1 Data Types of Request and Response
1696	2	Type Parameters Data Type Description
1696	2	ARCON PAM
1696	3	22.9.5.2 Code Blocks for '/DeleteRule'
1696	2	Code For Javascript - Jquery Using AJAX
1696	2	Code For C# Using RestSharp
1697	2	Code For Java Using OkHttp
1697	2	Code For Python Using Requests
1697	3	22.9.6 DeleteRuleFromRuleId
1697	2	Type of Request POST
1697	2	Endpoint /api/ADbridging/DeleteRuleFromRuleId
1697	2	Version
1697	2	Release Version U3
1697	2	Pre Endpoint Call /arconToken
1698	2	Request Params - - - -
1698	2	Mandatory -
1698	2	Query
1698	2	String
1698	2	Paramete
1698	2	RuleId=1
1698	2	Response
1698	2	Post Endpoint Call All API's
1698	2	Supported Features ARCOS Log Archiver Service
1698	3	22.9.6.1 Data Types of Request and Response
1698	2	Type Parameters Data Type Description
1698	2	ARCON PAM
1699	3	22.9.6.2 Code Blocks for '/DeleteRuleFromRuleId'
1699	2	Code For Javascript - Jquery Using AJAX
1699	2	Code For C# Using RestSharp
1699	2	Code For Java Using OkHttp
1700	2	Code For Python Using Requests
1700	3	22.9.7 ExistingDomainIntegration
1700	2	Type of Request POST
1700	2	Endpoint /api/ADbridging/ExistingDomainIntegration
1700	2	Version
1700	2	Release Version U3
1700	2	Pre Endpoint Call /arconToken
1700	2	Request Params - - - -
1700	2	Mandatory -
1701	2	Body
1701	2	Response
1701	2	Post Endpoint Call All API's
1701	2	Supported Features ARCOS Log Archiver Service
1701	3	22.9.7.1 Data Types of Request and Response
1701	2	Type Parameters Data Type Description
1701	2	ARCON PAM
1702	2	Type Parameters Data Type Description
1702	2	OrganisationalUnit
1702	2	Name
1703	3	22.9.7.2 Code Blocks for '/ExistingDomainIntegration'
1703	2	Code For Javascript - Jquery Using AJAX
1703	2	COM","DomainExtension":".COM","LDAPDomainString":"","HostName":"HOST1","DomainUserNa
1703	2	Code For C# Using RestSharp
1704	2	Code For Java Using OkHttp
1704	2	Code For Python Using Requests
1704	3	22.9.8 GetAllADUserDetails
1704	2	Type of Request POST
1704	2	Endpoint /api/ADbridging/GetAllADUserDetails
1705	2	Version
1705	2	Release Version U3
1705	2	Pre Endpoint Call /arconToken
1705	2	Request Params - - - -
1705	2	Mandatory -
1705	2	Response
1705	2	Post Endpoint Call All API's
1705	2	Supported Features ARCOS Log Archiver Service
1705	3	22.9.8.1 Data Types of Request and Response
1705	2	Type Parameters Data Type Description
1705	2	Request No Parameters
1706	3	22.9.8.2 Code Blocks for '/GetAllADUserDetails'
1706	2	Code For Javascript - Jquery Using AJAX
1706	2	Code For C# Using RestSharp
1706	2	Code For Java Using OkHttp
1707	2	Code For Python Using Requests
1707	3	22.9.9 GetAllConnectedUsers
1707	2	Type of Request POST
1707	2	Endpoint /api/ADbridging/GetAllConnectedUsers
1707	2	Version
1707	2	Release Version U3
1707	2	Pre Endpoint Call /arconToken
1707	2	Request Params - - - -
1707	2	Mandatory -
1707	2	Body
1708	2	Response
1708	2	Post Endpoint Call All API's
1708	2	Supported Features ARCOS Log Archiver Service
1708	3	22.9.9.1 Data Types of Request and Response
1708	2	Type Parameters Data Type Description
1709	2	Type Parameters Data Type Description
1709	2	ARCON PAM
1709	2	ARCON PAM
1709	3	22.9.9.2 Code Blocks for '/GetAllConnectedUsers'
1709	2	Code For Javascript - Jquery Using AJAX
1710	2	Code For C# Using RestSharp
1710	2	Code For Java Using OkHttp
1711	2	Code For Python Using Requests
1711	3	22.9.10 GetAllDBLOBData
1711	2	Type of Request POST
1711	2	Endpoint /api/ADbridging/GetAllDBLOBData
1711	2	Version
1711	2	Release Version U3
1711	2	Pre Endpoint Call /arconToken
1711	2	Request Params - - - -
1711	2	Mandatory -
1712	2	Response
1712	2	Post Endpoint Call All API's
1712	2	Supported Features ARCOS Log Archiver Service
1712	3	22.9.10.1 Data Types of Request and Response
1712	2	Type Parameters Data Type Description
1712	2	Request No Parameters
1712	2	ARCON PAM
1713	2	Type Parameters Data Type Description
1713	2	ARCON PAM
1713	2	ActiveDirectoryGr
1713	2	ARCON PAM
1713	3	22.9.10.2 Code Blocks for '/GetAllDBLOBData'
1713	2	Code For Javascript - Jquery Using AJAX
1713	2	Code For C# Using RestSharp
1714	2	Code For Java Using OkHttp
1714	2	Code For Python Using Requests
1714	3	22.9.11 GetAllLOB
1714	2	Type of Request POST
1714	2	Endpoint /api/ADbridging/GetAllLOB
1714	2	Version
1714	2	Release Version U3
1714	2	Pre Endpoint Call /arconToken
1714	2	Request Params - - - -
1715	2	Mandatory -
1715	2	Response
1715	2	Post Endpoint Call All API's
1715	2	Supported Features ARCOS Log Archiver Service
1715	3	22.9.11.1 Data Types of Request and Response
1715	2	Type Parameters Data Type Description
1715	2	Request No Parameters
1715	2	ARCON PAM
1716	2	Type Parameters Data Type Description
1716	2	ARCON PAM
1716	2	ActiveDirectoryGr
1716	2	ARCON PAM
1716	3	22.9.11.2 Code Blocks for '/GetAllLOB'
1716	2	Code For Javascript - Jquery Using AJAX
1716	2	Code For C# Using RestSharp
1717	2	Code For Java Using OkHttp
1717	2	Code For Python Using Requests
1717	3	22.9.12 GetAllServerDetails
1717	2	Type of Request POST
1717	2	Endpoint /api/ADbridging/GetAllServerDetails
1717	2	Version
1717	2	Release Version U3
1717	2	Pre Endpoint Call /arconToken
1717	2	Request Params - - - -
1718	2	Mandatory -
1718	2	Response
1718	2	Post Endpoint Call All API's
1718	2	Supported Features ARCOS Log Archiver Service
1718	3	22.9.12.1 Data Types of Request and Response
1718	2	Type Parameters Data Type Description
1718	2	Request No Parameters
1718	2	ARCON PAM
1719	2	Type Parameters Data Type Description
1719	3	22.9.12.2 Code Blocks for '/GetAllServerDetails'
1719	2	Code For Javascript - Jquery Using AJAX
1720	2	Code For C# Using RestSharp
1720	2	Code For Java Using OkHttp
1720	2	Code For Python Using Requests
1721	3	22.9.13 GetDbLOBByMappingId
1721	2	Type of Request POST
1721	2	Endpoint /api/ADbridging/GetDbLOBByMappingId
1721	2	Version
1721	2	Release Version U3
1721	2	Pre Endpoint Call /arconToken
1721	2	Request Params - - - -
1721	2	Mandatory -
1721	2	Body
1722	2	Response
1722	2	Post Endpoint Call All API's
1722	2	Supported Features ARCOS Log Archiver Service
1722	3	22.9.13.1 Data Types of Request and Response
1722	2	Type Parameters Data Type Description
1722	2	ARCON PAM
1722	2	ARCON PAM
1722	2	ActiveDirectoryGr
1723	2	Type Parameters Data Type Description
1723	2	ARCON PAM
1723	3	22.9.13.2 Code Blocks for '/GetDbLOBByMappingId'
1723	2	Code For Javascript - Jquery Using AJAX
1723	2	Code For C# Using RestSharp
1724	2	Code For Java Using OkHttp
1724	2	Code For Python Using Requests
1724	3	22.9.14 GetDomainDetailByServerIP
1724	2	Type of Request POST
1724	2	Endpoint /api/ADbridging/GetDomainDetailByServerIP
1724	2	Version
1724	2	Release Version U3
1724	2	Pre Endpoint Call /arconToken
1724	2	Request Params - - - -
1725	2	Mandatory -
1725	2	Body
1725	2	Response
1725	2	Post Endpoint Call All API's
1726	2	Supported Features ARCOS Log Archiver Service
1726	3	22.9.14.1 Data Types of Request and Response
1726	2	Type Parameters Data Type Description
1726	2	OrganisationalUnit
1726	2	Name
1727	3	22.9.14.2 Code Blocks for '/GetDomainDetailByServerIP'
1727	2	Code For Javascript - Jquery Using AJAX
1727	2	Code For C# Using RestSharp
1728	2	Code For Java Using OkHttp
1728	2	Code For Python Using Requests
1728	3	22.9.15 GetDomainIPAddressList
1728	2	Type of Request POST
1728	2	Endpoint /api/ADbridging/GetDomainIPAddressList
1728	2	Version
1728	2	Release Version U3
1728	2	Pre Endpoint Call /arconToken
1728	2	Request Params - - - -
1729	2	Mandatory -
1729	2	Response
1729	2	Post Endpoint Call All API's
1729	2	Supported Features ARCOS Log Archiver Service
1729	3	22.9.15.1 Data Types of Request and Response
1729	2	Type Parameters Data Type Description
1729	2	Request No Parameters
1730	2	Type Parameters Data Type Description
1730	2	OrganisationalUnit
1730	2	Name
1730	3	22.9.15.2 Code Blocks for '/GetDomainIPAddressList'
1730	2	Code For Javascript - Jquery Using AJAX
1731	2	Code For C# Using RestSharp
1731	2	Code For Java Using OkHttp
1731	2	Code For Python Using Requests
1732	3	22.9.16 GetRuleDetails
1732	2	Type of Request POST
1732	2	Endpoint /api/ADbridging/GetRuleDetails
1732	2	Version
1732	2	Release Version U3
1732	2	Pre Endpoint Call /arconToken
1732	2	Request Params - - - -
1732	2	Mandatory -
1733	2	Response
1734	2	Post Endpoint Call All API's
1734	2	Supported Features ARCOS Log Archiver Service
1734	3	22.9.16.1 Data Types of Request and Response
1734	2	Type Parameters Data Type Description
1734	2	Request No Parameters
1734	2	ARCON PAM
1734	2	ARCON PAM
1734	2	ARCON PAM
1734	2	ARCON PAM
1734	2	PAM
1734	2	ARCON PAM
1734	2	PAMLobMappingN
1735	3	22.9.16.2 Code Blocks for '/GetRuleDetails'
1735	2	Code For Javascript - Jquery Using AJAX
1735	2	Code For C# Using RestSharp
1735	2	Code For Java Using OkHttp
1736	2	Code For Python Using Requests
1736	3	22.9.17 GetRuleGroupsAssocByRuleId
1736	2	Type of Request POST
1736	2	Endpoint /api/ADbridging/GetRuleGroupsAssocByRuleId
1736	2	Version
1736	2	Release Version U3
1736	2	Pre Endpoint Call /arconToken
1736	2	Request Params - - - -
1736	2	Mandatory -
1736	2	Body
1737	2	Response
1737	2	Post Endpoint Call All API's
1737	2	Supported Features ARCOS Log Archiver Service
1737	3	22.9.17.1 Data Types of Request and Response
1737	2	Type Parameters Data Type Description
1737	2	PAM
1737	2	PAM
1737	2	ARCON PAM
1737	2	PAM
1737	2	Date DateTime
1737	2	PAM
1738	3	22.9.17.2 Code Blocks for '/GetRuleGroupsAssocByRuleId'
1738	2	Code For Javascript - Jquery Using AJAX
1738	2	Code For C# Using RestSharp
1739	2	Code For Java Using OkHttp
1739	2	Code For Python Using Requests
1739	3	22.9.18 GetRuleUserAssocByRuleId
1739	2	Type of Request POST
1739	2	Endpoint /api/ADbridging/GetRuleUserAssocByRuleId
1739	2	Version
1739	2	Release Version U3
1739	2	Pre Endpoint Call /arconToken
1739	2	Request Params - - - -
1740	2	Mandatory -
1740	2	Body
1740	2	Response
1740	2	Post Endpoint Call All API's
1741	2	Supported Features ARCOS Log Archiver Service
1741	3	22.9.18.1 Data Types of Request and Response
1741	2	Type Parameters Data Type Description
1741	2	PAM
1741	2	PAM
1741	2	PAM
1741	2	PAM
1741	2	Date DateTime
1741	2	PAM
1741	3	22.9.18.2 Code Blocks for '/GetRuleUserAssocByRuleId'
1741	2	Code For Javascript - Jquery Using AJAX
1742	2	Code For C# Using RestSharp
1742	2	Code For Java Using OkHttp
1742	2	Code For Python Using Requests
1743	3	22.9.19 InsertAdDomain
1743	2	Type of Request POST
1743	2	Endpoint /api/ADbridging/InsertAdDomain
1743	2	Version
1743	2	Release Version U3
1743	2	Pre Endpoint Call /arconToken
1743	2	Request Params - - - -
1743	2	Mandatory -
1743	2	Body
1744	2	Response
1744	2	Post Endpoint Call All API's
1744	2	Supported Features ARCOS Log Archiver Service
1744	3	22.9.19.1 Data Types of Request and Response
1744	2	Type Parameters Data Type Description
1745	2	Type Parameters Data Type Description
1745	2	OrganisationalUnit
1745	2	Name
1745	2	OrganisationalUnit
1745	2	Name
1746	3	22.9.19.2 Code Blocks for '/InsertAdDomain'
1746	2	Code For Javascript - Jquery Using AJAX
1746	2	JSON.stringify({"DomainServerIP":"10.11.1.11","DomainName":"DOMAIN1.COM","DomainExte
1746	2	Code For C# Using RestSharp
1747	2	Code For Java Using OkHttp
1747	2	Code For Python Using Requests
1747	3	22.9.20 RemoveUserStatusDetails
1747	2	Type of Request POST
1747	2	Endpoint /api/ADbridging/RemoveUserStatusDetails
1748	2	Version
1748	2	Release Version U3
1748	2	Pre Endpoint Call /arconToken
1748	2	Request Params - - - -
1748	2	Mandatory -
1748	2	Body
1748	2	Response
1748	2	Post Endpoint Call All API's
1748	2	Supported Features ARCOS Log Archiver Service
1749	3	22.9.20.1 Data Types of Request and Response
1749	2	Type Parameters Data Type Description
1749	2	ARCON PAM
1749	2	PAM
1749	2	ARCON PAM
1749	3	22.9.20.2 Code Blocks for '/RemoveUserStatusDetails'
1749	2	Code For Javascript - Jquery Using AJAX
1750	2	Code For C# Using RestSharp
1750	2	Code For Java Using OkHttp
1751	2	Code For Python Using Requests
1751	3	22.9.21 ValidateUserRoleMappingDetails
1751	2	Type of Request POST
1751	2	Endpoint /api/ADbridging/ValidateUserRoleMappingDetails
1751	2	Version
1751	2	Release Version U3
1751	2	Pre Endpoint Call /arconToken
1751	2	Request Params - - - -
1751	2	Mandatory -
1751	2	Body
1752	2	Response
1752	2	Post Endpoint Call All API's
1752	2	Supported Features ARCOS Log Archiver Service
1752	3	22.9.21.1 Data Types of Request and Response
1752	2	Type Parameters Data Type Description
1752	2	ARCON PAM
1752	3	22.9.21.2 Code Blocks for '/ValidateUserRoleMappingDetails'
1752	2	Code For Javascript - Jquery Using AJAX
1753	2	Code For C# Using RestSharp
1753	2	Code For Java Using OkHttp
1754	2	Code For Python Using Requests
1754	3	22.9.22 UpdateADLinuxForConnectedServer
1754	2	Type of Request POST
1754	2	Endpoint /api/ADbridging/UpdateADLinuxForConnectedServer
1754	2	Version
1754	2	Release Version U3
1754	2	Pre Endpoint Call /arconToken
1754	2	Request Params - - - -
1754	2	Mandatory -
1755	2	Body
1755	2	Response
1755	2	Post Endpoint Call All API's
1756	2	Supported Features ARCOS Log Archiver Service
1756	3	22.9.22.1 Data Types of Request and Response
1756	2	Type Parameters Data Type Description
1756	2	PAM
1757	3	22.9.22.2 Code Blocks for '/UpdateADLinuxForConnectedServer'
1757	2	Code For Javascript - Jquery Using AJAX
1757	2	JSON.stringify({"ServerDetailID":"2","ServerIP":"10.11.1.11","ServerHostName":"10.11
1757	2	Code For C# Using RestSharp
1758	2	Code For Java Using OkHttp
1758	2	Code For Python Using Requests
1758	3	22.9.23 UpdateBridgedUsersToServer
1758	2	Type of Request POST
1759	2	Endpoint /api/ADbridging/UpdateBridgedUsersToServer
1759	2	Version
1759	2	Release Version U3
1759	2	Pre Endpoint Call /arconToken
1759	2	Request Params - - - -
1759	2	Mandatory -
1759	2	Body
1759	2	Response
1759	2	"pamGroup": "Testing Group"
1759	2	Post Endpoint Call All API's
1759	2	Supported Features ARCOS Log Archiver Service
1760	3	22.9.23.1 Data Types of Request and Response
1760	2	Type Parameters Data Type Description
1760	3	22.9.23.2 Code Blocks for '/UpdateBridgedUsersToServer'
1760	2	Code For Javascript - Jquery Using AJAX
1760	2	"data": JSON.stringify({"ServerIP":"10.11.1.11","PAMGroup":"Testing
1761	2	Code For C# Using RestSharp
1761	2	\"PAMGroup\":\"Testing Group\",\r\n    \"newUsers\":\"user1\",\r\n
1761	2	Code For Java Using OkHttp
1762	2	Code For Python Using Requests
1762	2	Group\",\r\n    \"newUsers\":\"user1\",\r\n    \"removeUsers\":\"\"\r\n}"
1762	3	22.9.24 UpdateLOBDetails
1762	2	Type of Request POST
1762	2	Endpoint /api/ADbridging/UpdateLOBDetails
1762	2	Version
1762	2	Release Version U3
1762	2	Pre Endpoint Call /arconToken
1762	2	Request Params - - - -
1762	2	Mandatory -
1763	2	Body
1763	2	Response
1763	2	Post Endpoint Call All API's
1763	2	Supported Features ARCOS Log Archiver Service
1763	3	22.9.24.1 Data Types of Request and Response
1763	2	Type Parameters Data Type Description
1764	2	Type Parameters Data Type Description
1764	2	ARCON PAM
1764	2	PAM
1764	2	ActiveDirectoryGr
1764	2	ARCON PAM
1764	3	22.9.24.2 Code Blocks for '/UpdateLOBDetails'
1764	2	Code For Javascript - Jquery Using AJAX
1764	2	"data": JSON.stringify({"Id":"1","DomainName":"10.11.1.11","LobName":"LOB
1764	2	Group","ActiveDirectoryOU":"TEST","ActiveDirectoryGroup":"PAM","LobId":"1","MappingN
1765	2	Code For C# Using RestSharp
1765	2	\"Testing Group\",\r\n    \"ActiveDirectoryOU\":\"TEST\",\r\n
1765	2	Code For Java Using OkHttp
1765	2	\"Testing Group\",\r\n    \"ActiveDirectoryOU\":\"TEST\",\r\n
1766	2	Code For Python Using Requests
1766	2	\"LobName\":\"LOB 1\",\r\n    \"PAMGroup\":\"Testing Group\",\r\n
1766	3	22.9.25 UpdateRuleAssocUserStatus
1766	2	Type of Request POST
1766	2	Endpoint /api/ADbridging/UpdateRuleAssocUserStatus
1766	2	Version
1766	2	Release Version U3
1766	2	Pre Endpoint Call /arconToken
1766	2	Request Params - - - -
1766	2	Mandatory -
1767	2	Body
1767	2	Response
1767	2	Post Endpoint Call All API's
1767	2	Supported Features ARCOS Log Archiver Service
1767	3	22.9.25.1 Data Types of Request and Response
1767	2	Type Parameters Data Type Description
1767	2	ARCON PAM
1767	2	PAM
1768	2	Type Parameters Data Type Description
1768	2	ARCON PAM
1768	2	ARCON PAM
1768	3	22.9.25.2 Code Blocks for '/UpdateRuleAssocUserStatus'
1768	2	Code For Javascript - Jquery Using AJAX
1768	2	JSON.stringify({"Id":"3","RuleTypeId":"1","RuleId":"1","UserId":"user1","IsConnected
1769	2	Code For C# Using RestSharp
1769	2	Code For Java Using OkHttp
1770	2	Code For Python Using Requests
1770	3	22.9.26 SaveUserRoleMappingDetails
1770	2	Type of Request POST
1770	2	Endpoint /api/ADbridging/SaveUserRoleMappingDetails
1770	2	Version
1770	2	Release Version U3
1770	2	Pre Endpoint Call /arconToken
1770	2	Request Params - - - -
1770	2	Mandatory -
1771	2	Body
1772	2	Response
1772	2	Post Endpoint Call All API's
1772	2	Supported Features ARCOS Log Archiver Service
1772	3	22.9.26.1 Data Types of Request and Response
1772	2	Type Parameters Data Type Description
1772	2	PAM
1772	2	ARCON PAM
1773	2	Type Parameters Data Type Description
1773	2	ARCON PAM
1773	2	ARCON PAM
1773	2	ARCON PAM
1773	2	ARCON PAM
1773	3	22.9.26.2 Code Blocks for '/SaveUserRoleMappingDetails'
1773	2	Code For Javascript - Jquery Using AJAX
1773	2	JSON.stringify({"RuleId":"1","RuleName":"","Description":"","RoleId":"1","UserId":"u
1774	2	Code For C# Using RestSharp
1774	2	Code For Java Using OkHttp
1775	2	Code For Python Using Requests
1775	3	22.9.27 GetAllADUserDetailsV2
1775	2	Type of Request POST
1775	2	Endpoint /api/ADbridging/GetAllADUserDetails
1775	2	Version
1775	2	Release Version U3
1775	2	Pre Endpoint Call /arconToken
1775	2	Request Params - - - -
1775	2	Mandatory -
1776	2	Response
1776	2	Post Endpoint Call All API's
1776	2	Supported Features ARCOS Log Archiver Service
1776	3	22.9.27.1 Data Types of Request and Response
1776	2	Type Parameters Data Type Description
1776	2	Request No Parameters
1777	3	22.9.27.2 Code Blocks for '/GetAllADUserDetails'
1777	2	Code For Javascript - Jquery Using AJAX
1777	2	Code For C# Using RestSharp
1778	2	Code For Java Using OkHttp
1778	2	Code For Python Using Requests
1778	3	22.9.28 InsertServerDomainMapping
1778	2	Type of Request POST
1778	2	Endpoint /api/ADBridging/InsertServerDomainMapping
1778	2	Version
1778	2	Release Version U13
1778	2	Pre Endpoint Call /arconToken
1779	2	Request Params - - - -
1779	2	Headers Content-Type application/json Mandatory -
1779	2	Body
1779	2	Response
1779	2	"Result": "Password Changed Successfully"
1779	2	Post Endpoint Call All API's
1779	2	Supported Features ARCOS Log Archiver Service
1779	3	22.9.28.1 Data Types of Request and Response
1779	2	Type Parameters Data Type Description
1779	2	WindowsDomainN
1780	2	Type Parameters Data Type Description
1780	2	WindowsDomainN
1781	3	22.9.28.2 Code Blocks for '/InsertServerDomainMapping'
1781	2	Code For Javascript - Jquery Using AJAX
1781	2	JSON.stringify({"LinuxServerIP":"10.10.2.42","WindowsServerIP":"10.10.0.71","Windows
1781	2	DomainName":"ATSTESTDC.COM","IsConfigured":true,"CreateDateTime":"","CreatedBy":"roo
1781	2	Code For C# Using RestSharp
1782	2	Code For Java Using OkHttp
1782	2	Code For Python Using Requests
1782	3	22.9.29 InsertUserDetails
1782	2	Type of Request POST
1782	2	Endpoint /api/ADbridging/InsertUserDetails
1783	2	Version
1783	2	Release Version U10
1783	2	Pre Endpoint Call /arconToken
1783	2	Request Params - - - -
1783	2	Headers Content-Type application/json Mandatory -
1783	2	Body
1783	2	Response
1783	2	Post Endpoint Call All API's
1783	2	Supported Features NA
1784	3	22.9.29.1 Data Types of Request and Response
1784	2	Type Parameters Data Type Description
1784	3	22.9.29.2 Code Blocks for '/InsertUserDetails'
1784	2	Code For Javascript - Jquery Using AJAX
1785	2	Code For C# Using RestSharp
1785	2	Code For Java Using OkHttp
1786	2	Code For Python Using Requests
1786	3	22.9.30 CheckUserDetails
1786	2	Type of Request POST
1786	2	Endpoint /api/ADbridging/CheckUserDetails
1786	2	Version
1786	2	Release Version U9
1786	2	Pre Endpoint Call /arconToken
1786	2	Request Params - - - -
1786	2	Headers Content-Type application/json Mandatory -
1786	2	Body
1787	2	Response
1787	2	Post Endpoint Call All API's
1787	2	Supported Features NA
1787	3	22.9.30.1 Data Types of Request and Response
1787	2	Type Parameters Data Type Description
1788	3	22.9.30.2 Code Blocks for '/CheckUserDetails'
1788	2	Code For Javascript - Jquery Using AJAX
1788	2	Code For C# Using RestSharp
1789	2	Code For Java Using OkHttp
1789	2	Code For Python Using Requests
1789	3	22.9.31 InsertLOBDetails
1789	2	Type of Request POST
1789	2	Endpoint /api/ADbridging/InsertLOBDetails
1789	2	Version
1789	2	Release Version U10
1790	2	Pre Endpoint Call /arconToken
1790	2	Request Params - - - -
1790	2	Headers Content-Type application/json Mandatory -
1790	2	Body
1790	2	Response
1790	2	Post Endpoint Call All API's
1791	2	Supported Features NA
1791	3	22.9.31.1 Data Types of Request and Response
1791	2	Type Parameters Data Type Description
1791	2	ActiveDirectoryGr
1791	2	ActiveDirectoryGr
1792	3	22.9.31.2 Code Blocks for '/InsertLOBDetails'
1792	2	Code For Javascript - Jquery Using AJAX
1792	2	Code For C# Using RestSharp
1792	2	InsertLOBDetails
1793	2	Code For Java Using OkHttp
1793	2	Code For Python Using Requests
1793	3	22.9.32 GetDbLOBByLobIdAndPAMGroup
1793	2	Type of Request GET(Default)
1793	2	Endpoint /api/ADbridging/GetDbLOBByLobIdAndPAMGroup
1793	2	Version
1794	2	Release Version U13
1794	2	Pre Endpoint Call /arconToken
1794	2	Request Params - - - -
1794	2	Headers Content-Type application/json Mandatory -
1794	2	Body
1795	2	Response
1795	2	Post Endpoint Call All API's
1795	2	Supported Features NA
1795	3	22.9.32.1 Data Types of Request and Response
1795	2	Type Parameters Data Type Description
1795	2	ARCON PAM
1796	2	Type Parameters Data Type Description
1796	2	ActiveDirector
1796	2	ActiveDirector
1796	2	PAM
1796	2	ARCON PAM
1796	2	ActiveDirector
1796	2	ActiveDirector
1796	2	PAM
1797	3	22.9.32.2 Code Blocks for '/GetDbLOBByLobIdAndPAMGroup'
1797	2	Code For Javascript - Jquery Using AJAX
1797	2	Code For C# Using RestSharp
1797	2	GetDbLOBByLobIdAndPAMGroup
1798	2	Code For Java Using OkHttp
1798	2	Code For Python Using Requests
1798	2	Request POST
1798	2	Endpoint /api/ADbridging/GetLOBList
1798	2	Version
1799	2	Release Version U16
1799	2	Pre Endpoint Call /arconToken
1799	2	Request Params - - - -
1799	2	Headers Content-Type application/json Mandatory -
1800	2	Response
1800	2	"LobName": "DEFAULT LOB 1"
1800	2	"LobName": "MUMBAI ZONE"
1800	2	"LobName": "DEFAULT TEST LOB"
1800	2	"LobName": "DUBAI REGION"
1802	2	Post Endpoint Call None
1802	2	Supported Features NA
1802	3	22.9.33.1 Data Types of Request and Response
1802	2	Type Parameters Data Type Description
1802	2	Request No Parameters
1802	2	ARCON PAM
1802	3	22.9.33.2 Code Blocks for '/GetLOBList'
1802	2	Code For Javascript - Jquery Using AJAX
1803	2	Code For C# Using RestSharp
1803	2	Code For Java Using OkHttp
1803	2	Code For Python Using Requests
1804	2	Request POST
1804	2	Endpoint /api/ADbridging/GetServerGroupList
1804	2	Version
1804	2	Release Version U16
1804	2	Pre Endpoint Call /arconToken
1804	2	Request Params - - - -
1804	2	Headers Content-Type application/json Mandatory -
1804	2	Body
1804	2	Response
1804	2	Post Endpoint Call None
1804	2	Supported Features NA
1805	3	22.9.34.1 Data Types of Request and Response
1805	2	Type Parameters Data Type Description
1805	2	ARCON PAM
1805	3	22.9.34.2 Code Blocks for '/GetServerGroupList'
1805	2	Code For Javascript - Jquery Using AJAX
1805	2	"data": JSON.stringify({
1806	2	Code For C# Using RestSharp
1806	2	Code For Java Using OkHttp
1807	2	Code For Python Using Requests
1808	1	23 License
1808	2	23.1 UserDetails
1808	2	Type of Request GET
1808	2	Endpoint /api/License/UserDetails
1808	2	Version
1808	2	Release Version U8
1808	2	Pre Endpoint Call /arconToken
1808	2	Request Params - - - -
1808	2	Headers Content-Type application/json Mandatory -
1808	2	Response
1808	2	Post Endpoint Call All API's
1809	2	Supported Features NA
1809	3	23.1.1 Data Types of Request and Response
1809	2	Type Parameters Data Type Description
1809	2	Request No Parameters
1809	2	Response AllowedUsersCoun
1809	3	23.1.2 Code Blocks for ‘/UserDetails’
1809	2	Code For Javascript - Jquery Using AJAX
1809	2	Greater
1809	2	Lesser
1809	2	Equal
1810	2	Code For C# Using RestSharp
1810	2	Code For Java Using OkHttp
1810	2	Code For Python Using Requests
1811	2	23.2 ServiceDetails
1811	2	Type of Request GET
1811	2	Endpoint /api/License/ServiceDetails
1811	2	Version
1811	2	Release Version U8
1811	2	Pre Endpoint Call /arconToken
1811	2	Request Params - - - -
1811	2	Headers Content-Type application/json Mandatory -
1811	2	Response
1811	2	Post Endpoint Call All API's
1811	2	Supported Features NA
1812	3	23.2.1 Data Types of Request and Response
1812	2	Type Parameters Data Type Description
1812	2	Request No Parameters
1812	2	Response AllowedServiceCou
1812	2	CurrentServiceCou
1812	3	23.2.2 Code Blocks for ‘/ServiceDetails’
1812	2	Code For Javascript - Jquery Using AJAX
1812	2	Greater
1812	2	Lesser
1812	2	Equal
1813	2	Code For C# Using RestSharp
1813	2	Code For Java Using OkHttp
1813	2	Code For Python Using Requests
1814	1	24 LobandService
1814	2	24.1 GetLOBandServiceTypeList
1814	2	Type of Request POST
1814	2	Endpoint /api/LobandService/GetLOBandServiceTypeList
1814	2	Version
1814	2	Release Version U4
1814	2	Pre Endpoint Call /arconToken
1814	2	Request Params - - - -
1814	2	Headers Content-Type application/json Mandatory -
1814	1	1. For C# using Rest-Sharp, https://www.nuget.org/packages/RestSharp/105.2.3
1814	1	2. For Java using OK HTTP: https://square.github.io/okhttp/
1814	1	3. For Python
1815	2	Response
1815	2	"ServiceGroupName": "WINDOWS SRV"
1815	2	"ServiceGroupName": "QA Testing Group_ADM"
1815	2	"ServiceGroupName": "SERVER GROUP JAPANESE"
1816	2	Post Endpoint Call None
1816	2	Supported Features NA
1816	3	24.1.1 Data Types of Request and Response
1816	2	Type Parameters Data Type Description
1816	2	Request No Parameters
1816	2	ARCON PAM
1816	3	24.1.2 Code Blocks for ‘/GetLOBandServiceTypeList’
1816	2	Code For Javascript - Jquery Using AJAX
1817	2	Code For C# Using RestSharp
1817	2	Code For Java Using OkHttp
1817	2	Code For Python Using Requests
1818	2	24.2 GetDomainServices
1818	2	Type of Request POST
1818	2	Endpoint /api/LobandService/GetDomainServices
1818	2	Version
1818	2	Release Version U4
1818	2	Pre Endpoint Call /arconToken
1818	2	Request Params - - - -
1818	2	Headers Content-Type application/json Mandatory -
1818	2	Body
1819	2	Response
1820	2	Post Endpoint Call None
1820	2	Supported Features NA
1820	3	24.2.1 Data Types of Request and Response
1820	2	Type Parameters Data Type Description
1820	2	ARCON PAM
1821	3	24.2.2 Code Blocks for ‘/GetDomainServices’
1821	2	Code For Javascript - Jquery Using AJAX
1821	2	Code For C# Using RestSharp
1822	2	Code For Java Using OkHttp
1822	2	Code For Python Using Requests
1822	2	24.3 GetUserByGroup
1822	2	Type of Request POST
1822	2	Endpoint /api/LobandService/GetUserByGroup
1822	2	Version
1822	2	Release Version U4
1822	2	Pre Endpoint Call /arconToken
1823	2	Request Params - - - -
1823	2	Headers Content-Type application/json Mandatory -
1823	2	Body
1823	2	Response
1823	2	Post Endpoint Call None
1823	2	Supported Features NA
1824	3	24.3.1 Data Types of Request and Response
1824	2	Type Parameters Data Type Description
1824	3	24.3.2 Code Blocks for ‘/GetUserByGroup’
1824	2	Code For Javascript - Jquery Using AJAX
1824	2	Code For C# Using RestSharp
1825	2	Code For Java Using OkHttp
1825	2	Code For Python Using Requests
1825	2	24.4 GetDomainServicesBytype
1825	2	Request POST
1825	2	Endpoint /api/LobandService/GetDomainServicesBytype
1825	2	Version
1825	2	Release Version U16
1825	2	Pre Endpoint Call /arconToken
1826	2	Request Params - - - -
1826	2	Headers Content-Type application/json Mandatory -
1826	2	Body
1826	2	Response
1826	2	Response Time
1826	2	Post Endpoint Call None
1826	2	Supported Features NA
1826	3	24.4.1 Data Types of Request and Response
1826	2	Type Parameters Data Type Description
1826	2	Request
1826	2	Response
1826	3	24.4.2 Code Blocks for '/GetDomainServicesBytype'
1826	2	Code For Javascript - Jquery Using AJAX
1826	2	Code For C# Using RestSharp
1827	2	Code For Java Using OkHttp
1827	2	Code For Python Using Requests
1827	2	24.5 CreateAzureService
1827	2	Request POST
1827	2	Endpoint /api/LobandService/CreateAzureService
1827	2	Version
1827	2	Release Version U16
1827	2	Pre Endpoint Call /arconToken
1827	2	Request Params - - - -
1827	2	Headers Content-Type application/json Mandatory -
1827	2	Body
1827	2	Response
1827	2	Response Time
1827	2	Post Endpoint Call None
1827	2	Supported Features NA
1828	3	24.5.1 Data Types of Request and Response
1828	2	Type Parameters Data Type Description
1828	2	Request
1828	2	Response
1828	3	24.5.2 Code Blocks for '/CreateAzureService'
1828	2	Code For Javascript - Jquery Using AJAX
1828	2	Code For C# Using RestSharp
1828	2	Code For Java Using OkHttp
1828	2	Code For Python Using Requests
1828	2	24.6 CreateAWSService
1828	2	Request POST
1828	2	Endpoint /api/LobandService/CreateAWSService
1828	2	Version
1828	2	Release Version U16
1828	2	Pre Endpoint Call /arconToken
1828	2	Request Params - - - -
1828	2	Headers Content-Type application/json Mandatory -
1829	2	Body
1829	2	Response
1829	2	Response Time
1829	2	Post Endpoint Call None
1829	2	Supported Features NA
1829	3	24.6.1 Data Types of Request and Response
1829	2	Type Parameters Data Type Description
1829	2	Request
1829	2	Response
1829	3	24.6.2 Code Blocks for '/CreateAWSService'
1829	2	Code For Javascript - Jquery Using AJAX
1829	2	Code For C# Using RestSharp
1829	2	Code For Java Using OkHttp
1830	2	Code For Python Using Requests
1830	2	24.7 CreatePamService
1830	2	Request POST
1830	2	Endpoint /api/LobandService/CreatePamService
1830	2	Version
1830	2	Release Version U16
1830	2	Pre Endpoint Call /arconToken
1830	2	Request Params - - - -
1830	2	Headers Content-Type application/json Mandatory -
1830	2	Body
1830	2	Response
1830	2	Response Time
1830	2	Post Endpoint Call None
1830	2	Supported Features NA
1830	3	24.7.1 Data Types of Request and Response
1830	2	Type Parameters Data Type Description
1830	2	Request
1830	2	Response
1831	3	24.7.2 Code Blocks for '/CreatePamService'
1831	2	Code For Javascript - Jquery Using AJAX
1831	2	Code For C# Using RestSharp
1831	2	Code For Java Using OkHttp
1831	2	Code For Python Using Requests
1831	2	24.8 CreateAzureUserService
1831	2	Request POST
1831	2	Endpoint /api/LobandService/CreateAzureUserService
1831	2	Version
1831	2	Release Version U16
1831	2	Pre Endpoint Call /arconToken
1831	2	Request Params - - - -
1831	2	Headers Content-Type application/json Mandatory -
1832	2	Body
1832	2	Response
1832	2	Response Time
1832	2	Post Endpoint Call None
1832	2	Supported Features NA
1832	3	24.8.1 Data Types of Request and Response
1832	2	Type Parameters Data Type Description
1832	2	Request
1832	2	Response
1832	3	24.8.2 Code Blocks for '/CreateAzureUserService'
1832	2	Code For Javascript - Jquery Using AJAX
1832	2	Code For C# Using RestSharp
1832	2	Code For Java Using OkHttp
1832	2	Code For Python Using Requests
1833	2	24.9 DropPamservices
1833	2	Request POST
1833	2	Endpoint /api/LobandService/DropPamservices
1833	2	Version
1833	2	Release Version U16
1833	2	Pre Endpoint Call /arconToken
1833	2	Request Params - - - -
1833	2	Headers Content-Type application/json Mandatory -
1833	2	Body
1833	2	Response
1833	2	Response Time
1833	2	Post Endpoint Call None
1833	2	Supported Features NA
1833	3	24.9.1 Data Types of Request and Response
1833	2	Type Parameters Data Type Description
1833	2	Request
1833	2	Response
1833	3	24.9.2 Code Blocks for '/DropPamservices'
1833	2	Code For Javascript - Jquery Using AJAX
1834	2	Code For C# Using RestSharp
1834	2	Code For Java Using OkHttp
1834	2	Code For Python Using Requests
1834	2	24.10 GetDiscoveryServices
1834	2	Request POST
1834	2	Endpoint /api/LobandService/GetDiscoveryServices
1834	2	Version
1834	2	Release Version U16
1834	2	Pre Endpoint Call /arconToken
1834	2	Request Params - - - -
1834	2	Headers Content-Type application/json Mandatory -
1834	2	Body
1834	2	Response
1835	2	Response Time
1835	2	Post Endpoint Call None
1835	2	Supported Features NA
1835	3	24.10.1 Data Types of Request and Response
1835	2	Type Parameters Data Type Description
1835	2	Request
1835	2	Response
1835	3	24.10.2 Code Blocks for '/GetDiscoveryServices'
1835	2	Code For Javascript - Jquery Using AJAX
1835	2	Code For C# Using RestSharp
1835	2	Code For Java Using OkHttp
1835	2	Code For Python Using Requests
1836	1	25 Logs
1836	2	25.1 GetLogDetails
1836	2	Type of Request GET
1836	2	Endpoint /api/Logs/GetLogDetails
1836	2	Version
1836	2	Release Version U16
1836	2	Pre Endpoint Call /arconToken
1836	2	Request Params - - - -
1836	2	Headers Content-Type application/json Mandatory -
1836	2	Request
1836	2	Response
1836	2	Post Endpoint Call All API's
1836	2	Supported Features NA
1837	3	25.1.1 Data Types of Request and Response
1837	2	Type Parameters Data Type Description
1837	2	OperationTypeId int Operation Type Id
1837	2	ARCON PAM
1837	2	Timestamp DateTime Timestamp
1838	3	25.1.2 Code Blocks for '/GetLogDetails'
1838	2	Code For Javascript - Jquery Using AJAX
1838	2	"data": JSON.stringify({
1838	2	Code For C# Using RestSharp
1839	2	Code For Java Using OkHttp
1839	2	Code For Python Using Requests
1839	2	25.2 GetAllObjectType
1839	2	Type of Request GET
1839	2	Endpoint /api/Logs/GetAllObjectType
1840	2	Version
1840	2	Release Version U16
1840	2	Pre Endpoint Call /arconToken
1840	2	Request Params - - - -
1840	2	Headers Content-Type application/json Mandatory -
1840	2	Response
1840	2	"Object_description": "Group Transactions"
1840	2	"Object_description": "User Transactions"
1840	2	"Object_description": "Service Transactions"
1840	2	Post Endpoint Call All API's
1840	2	Supported Features NA
1841	3	25.2.1 Data Types of Request and Response
1841	2	Type Parameters Data Type Description
1841	2	Request No Parameters
1841	2	Object_descrip
1841	3	25.2.2 Code Blocks for '/GetAllObjectType'
1841	2	Code For Javascript - Jquery Using AJAX
1841	2	Code For C# Using RestSharp
1842	2	Code For Java Using OkHttp
1842	2	Code For Python Using Requests
1842	2	25.3 GetAllObjectOperationType
1842	2	Type of Request GET
1842	2	Version
1842	2	Release Version U16
1842	2	Pre Endpoint Call /arconToken
1842	2	Request Params - - - -
1842	2	Headers Content-Type application/json Mandatory -
1843	2	Response
1843	2	Post Endpoint Call All API's
1843	2	Supported Features NA
1843	3	25.3.1 Data Types of Request and Response
1843	2	Type Parameters Data Type Description
1843	2	Request No Parameters
1843	2	Response ObjectOperatio
1844	2	Type Parameters Data Type Description
1844	2	ObjectOperatio
1844	3	25.3.2 Code Blocks for '/GetAllObjectOperationType'
1844	2	Code For Javascript - Jquery Using AJAX
1844	2	Code For C# Using RestSharp
1845	2	Code For Java Using OkHttp
1845	2	Code For Python Using Requests
1846	1	26 MouseKeysActivityLogs
1846	2	26.1 InsertMouseKeysActivityLogs
1846	2	Request POST
1846	2	Endpoint /api/MouseKeysActivityLogs/InsertMouseKeysActivityLogs
1846	2	Version
1846	2	Release Version U16
1846	2	Pre Endpoint Call /arconToken
1846	2	Request Params - - - -
1846	2	Headers Content-Type application/json Mandatory -
1846	2	Body
1846	2	Response
1846	2	Response Time
1846	2	Post Endpoint Call None
1846	2	Supported Features NA
1846	3	26.1.1 Data Types of Request and Response
1846	2	Type Parameters Data Type Description
1846	2	Request
1846	2	Response
1847	3	26.1.2 Code Blocks for '/InsertMouseKeysActivityLogs'
1847	2	Code For Javascript - Jquery Using AJAX
1847	2	Code For C# Using RestSharp
1847	2	Code For Java Using OkHttp
1847	2	Code For Python Using Requests
1847	2	26.2 InsertMouseKeysActivityBulkLogs
1847	2	Request POST
1847	2	Endpoint /api/MouseKeysActivityLogs/InsertMouseKeysActivityBulkLogs
1847	2	Version
1847	2	Release Version U16
1847	2	Pre Endpoint Call /arconToken
1847	2	Request Params - - - -
1847	2	Headers Content-Type application/json Mandatory -
1848	2	Body
1848	2	Response
1848	2	Response Time
1848	2	Post Endpoint Call None
1848	2	Supported Features NA
1848	3	26.2.1 Data Types of Request and Response
1848	2	Type Parameters Data Type Description
1848	2	Request
1848	2	Response
1848	3	26.2.2 Code Blocks for '/InsertMouseKeysActivityBulkLogs'
1848	2	Code For Javascript - Jquery Using AJAX
1848	2	Code For C# Using RestSharp
1848	2	Code For Java Using OkHttp
1849	2	Code For Python Using Requests
1850	1	27 NotificationDetails
1850	2	27.1 GetPendingNotificationsCount
1850	2	Type of Request POST
1850	2	Endpoint /api/NotificationDetails/GetPendingNotificationsCount
1850	2	Version
1850	2	Release Version U3
1850	2	Pre Endpoint Call /arconToken
1850	2	Request Params - - - -
1850	2	Headers Content-Type application/json Mandatory -
1850	2	Body
1850	1	1. For C# using Rest-Sharp, https://www.nuget.org/packages/RestSharp/105.2.3
1850	1	2. For Java using OK HTTP: https://square.github.io/okhttp/
1850	1	3. For Python
1851	2	Response
1851	2	Post Endpoint Call All API's
1851	2	Supported Features NA
1851	3	27.1.1 Data Types of Request and Response
1851	2	Type Parameters Data Type Description
1852	2	Type Parameters Data Type Description
1852	3	27.1.2 Code Blocks for '/GetPendingNotificationsCount'
1852	2	Code For Javascript - Jquery Using AJAX
1852	2	Code For C# Using RestSharp
1853	2	Code For Java Using OkHttp
1853	2	GetPendingNotificationsCount")
1853	2	Code For Python Using Requests
1853	2	GetPendingNotificationsCount"
1853	2	27.2 GetServiceAccessRequestNotification
1853	2	Type of Request POST
1853	2	Endpoint /api/NotificationDetails/GetServiceAccessRequestNotification
1853	2	Version
1853	2	Release Version U3
1853	2	Pre Endpoint Call /arconToken
1854	2	Request Params - - - -
1854	2	Headers Content-Type application/json Mandatory -
1854	2	Body
1854	2	Response
1854	2	Post Endpoint Call All API's
1854	2	Supported Features NA
1854	3	27.2.1 Data Types of Request and Response
1854	2	Type Parameters Data Type Description
1855	3	27.2.2 Code Blocks for '/GetServiceAccessRequestNotification'
1855	2	Code For Javascript - Jquery Using AJAX
1855	2	Code For C# Using RestSharp
1856	2	Code For Java Using OkHttp
1856	2	GetServiceAccessRequestNotification")
1856	2	Code For Python Using Requests
1856	2	GetServiceAccessRequestNotification"
1856	2	27.3 ServiceAccessRequestApproveReject
1856	2	Type of Request POST
1856	2	Endpoint /api/NotificationDetails/ServiceAccessRequestApproveReject
1856	2	Version
1856	2	Release Version U3
1856	2	Pre Endpoint Call /arconToken
1857	2	Request Params - - - -
1857	2	Headers Content-Type application/json Mandatory -
1857	2	Body
1857	2	Response
1857	2	Post Endpoint Call All API's
1857	2	Supported Features NA
1857	3	27.3.1 Data Types of Request and Response
1857	2	Type Parameters Data Type Description
1858	2	Type Parameters Data Type Description
1858	3	27.3.2 Code Blocks for '/ServiceAccessRequestApproveReject'
1858	2	Code For Javascript - Jquery Using AJAX
1859	2	Code For C# Using RestSharp
1859	2	Code For Java Using OkHttp
1859	2	ServiceAccessRequestApproveReject")
1860	2	Code For Python Using Requests
1860	2	ServiceAccessRequestApproveReject"
1860	2	27.4 ViewServiceAccessRequest
1860	2	Type of Request POST
1860	2	Endpoint /api/NotificationDetails/ViewServiceAccessRequest
1860	2	Version
1860	2	Release Version U3
1860	2	Pre Endpoint Call /arconToken
1860	2	Request Params - - - -
1860	2	Headers Content-Type application/json Mandatory -
1861	2	Body
1861	2	Response
1861	2	"ErrorMessage": "No Record Found"
1861	2	Post Endpoint Call All API's
1861	2	Supported Features NA
1861	3	27.4.1 Data Types of Request and Response
1861	2	Type Parameters Data Type Description
1862	2	Type Parameters Data Type Description
1862	2	CurrentApprovalLe
1862	2	AccessDurationFro
1862	2	ToBeAccessedBet
1862	2	ToBeAccessedBet
1862	2	SessionDurationHo
1862	2	SessionDurationMi
1862	2	IsBetweenAllowed
1862	2	Time
1863	3	27.4.2 Code Blocks for '/ViewServiceAccessRequest'
1863	2	Code For Javascript - Jquery Using AJAX
1863	2	"data": JSON.stringify({"UserID":36,"TransID":"04adaf4f-f9aa-48c4-
1863	2	Code For C# Using RestSharp
1864	2	Code For Java Using OkHttp
1864	2	ViewServiceAccessRequest")
1864	2	Code For Python Using Requests
1864	2	27.5 GetServicePasswordRequestNotification
1864	2	Type of Request POST
1864	2	Endpoint /api/NotificationDetails/GetServicePasswordRequestNotification
1864	2	Version
1864	2	Release Version U3
1865	2	Pre Endpoint Call /arconToken
1865	2	Request Params - - - -
1865	2	Headers Content-Type application/json Mandatory -
1865	2	Body
1865	2	Response
1865	2	Post Endpoint Call All API's
1865	2	Supported Features NA
1865	3	27.5.1 Data Types of Request and Response
1865	2	Type Parameters Data Type Description
1866	3	27.5.2 Code Blocks for '/GetServicePasswordRequestNotification'
1866	2	Code For Javascript - Jquery Using AJAX
1866	2	Code For C# Using RestSharp
1867	2	Code For Java Using OkHttp
1867	2	GetServicePasswordRequestNotification")
1867	2	Code For Python Using Requests
1867	2	GetServicePasswordRequestNotification"
1867	2	27.6 ServicePasswordRequestApproveReject
1867	2	Type of Request POST
1867	2	Endpoint /api/NotificationDetails/ServicePasswordRequestApproveReject
1867	2	Version
1867	2	Release Version U3
1867	2	Pre Endpoint Call /arconToken
1868	2	Request Params - - - -
1868	2	Headers Content-Type application/json Mandatory -
1868	2	Body
1868	2	Response
1868	2	Post Endpoint Call All API's
1868	2	Supported Features NA
1868	3	27.6.1 Data Types of Request and Response
1868	2	Type Parameters Data Type Description
1869	2	Type Parameters Data Type Description
1869	3	27.6.2 Code Blocks for '/ServicePasswordRequestApproveReject'
1869	2	Code For Javascript - Jquery Using AJAX
1869	2	Code For C# Using RestSharp
1870	2	Code For Java Using OkHttp
1870	2	ServicePasswordRequestApproveReject")
1870	2	Code For Python Using Requests
1870	2	ServicePasswordRequestApproveReject"
1870	2	27.7 ViewServicePasswordRequest
1870	2	Type of Request POST
1870	2	Endpoint /api/NotificationDetails/ViewServicePasswordRequest
1871	2	Version
1871	2	Release Version U3
1871	2	Pre Endpoint Call /arconToken
1871	2	Request Params - - - -
1871	2	Headers Content-Type application/json Mandatory -
1871	2	Body
1871	2	Response
1871	2	"Message": "No Record Found"
1871	2	Post Endpoint Call All API's
1871	2	Supported Features NA
1872	3	27.7.1 Data Types of Request and Response
1872	2	Type Parameters Data Type Description
1872	2	Response CurrentApprovalLe
1872	3	27.7.2 Code Blocks for '/ViewServicePasswordRequest'
1872	2	Code For Javascript - Jquery Using AJAX
1873	2	Code For C# Using RestSharp
1873	2	Code For Java Using OkHttp
1873	2	ViewServicePasswordRequest")
1874	2	Code For Python Using Requests
1874	2	ViewServicePasswordRequest"
1874	2	27.8 GetTicketRequestNotification
1874	2	Type of Request POST
1874	2	Endpoint /api/NotificationDetails/GetTicketRequestNotification
1874	2	Version
1874	2	Release Version U3
1874	2	Pre Endpoint Call /arconToken
1874	2	Request Params - - - -
1874	2	Headers Content-Type application/json Mandatory -
1875	2	Body
1875	2	Response
1875	2	Post Endpoint Call All API's
1875	2	Supported Features NA
1875	3	27.8.1 Data Types of Request and Response
1875	2	Type Parameters Data Type Description
1876	3	27.8.2 Code Blocks for '/GetTicketRequestNotification'
1876	2	Code For Javascript - Jquery Using AJAX
1876	2	Code For C# Using RestSharp
1877	2	Code For Java Using OkHttp
1877	2	GetTicketRequestNotification")
1877	2	Code For Python Using Requests
1877	2	GetTicketRequestNotification"
1877	2	27.9 ApproveRejectTicketRequest
1877	2	Type of Request POST
1877	2	Endpoint /api/NotificationDetails/ApproveRejectTicketRequest
1877	2	Version
1877	2	Release Version U3
1877	2	Pre Endpoint Call /arconToken
1878	2	Request Params - - - -
1878	2	Headers Content-Type application/json Mandatory -
1878	2	Body
1878	2	Response
1878	2	Post Endpoint Call All API's
1878	2	Supported Features NA
1878	3	27.9.1 Data Types of Request and Response
1878	2	Type Parameters Data Type Description
1879	2	Type Parameters Data Type Description
1879	3	27.9.2 Code Blocks for '/ApproveRejectTicketRequest'
1879	2	Code For Javascript - Jquery Using AJAX
1879	2	Code For C# Using RestSharp
1880	2	Code For Java Using OkHttp
1880	2	ApproveRejectTicketRequest")
1880	2	Code For Python Using Requests
1880	2	ApproveRejectTicketRequest"
1880	2	27.10 CloseTicketRequest
1880	2	Type of Request POST
1880	2	Endpoint /api/NotificationDetails/CloseTicketRequest
1880	2	Version
1880	2	Release Version U3
1881	2	Pre Endpoint Call /arconToken
1881	2	Request Params - - - -
1881	2	Headers Content-Type application/json Mandatory -
1881	2	Body
1881	2	Response
1881	2	Post Endpoint Call All API's
1881	2	Supported Features NA
1881	3	27.10.1 Data Types of Request and Response
1881	2	Type Parameters Data Type Description
1882	2	Type Parameters Data Type Description
1882	3	27.10.2 Code Blocks for '/CloseTicketRequest'
1882	2	Code For Javascript - Jquery Using AJAX
1882	2	JSON.stringify({"UserID":35,"TicketId":"9","Comment":"Testing","StartTime":"19/11/20
1882	1	19 12:30","EndTime":"20/11/2019
1883	2	Code For C# Using RestSharp
1883	2	Code For Java Using OkHttp
1884	2	Code For Python Using Requests
1884	2	27.11 ViewTicketRequest
1884	2	Type of Request POST
1884	2	Endpoint /api/NotificationDetails/ViewTicketRequest
1884	2	Version
1884	2	Release Version U3
1884	2	Pre Endpoint Call /arconToken
1884	2	Request Params - - - -
1884	2	Headers Content-Type application/json Mandatory -
1885	2	Body
1885	2	Response
1885	2	Post Endpoint Call All API's
1885	2	Supported Features NA
1886	3	27.11.1 Data Types of Request and Response
1886	2	Type Parameters Data Type Description
1886	2	CurrentApprovalLe
1887	2	Type Parameters Data Type Description
1887	2	Attachment1FileSt
1887	2	Attachment2FileSt
1887	3	27.11.2 Code Blocks for '/ViewTicketRequest'
1887	2	Code For Javascript - Jquery Using AJAX
1887	2	JSON.stringify({"UserID":35,"TicketId":"9","TicketNo":"DEFAULTLOB1_PE_SA_SHAILSERVER
1887	2	Code For C# Using RestSharp
1888	2	Code For Java Using OkHttp
1888	2	Code For Python Using Requests
1888	2	27.12 GetDownloadTicketAttachmentDetails
1888	2	Type of Request POST
1888	2	Endpoint /api/NotificationDetails/GetDownloadTicketAttachmentDetails
1888	2	Version
1888	2	Release Version U3
1889	2	Pre Endpoint Call /arconToken
1889	2	Request Params - - - -
1889	2	Headers Content-Type application/json Mandatory -
1889	2	Body
1889	2	Response
1889	2	Post Endpoint Call All API's
1889	2	Supported Features NA
1890	3	27.12.1 Data Types of Request and Response
1890	2	Type Parameters Data Type Description
1890	2	ARCON PAM
1890	2	ARCON PAM
1890	2	StorageReferenceN
1890	2	ARCON PAM
1890	2	ARCON PAM
1891	3	27.12.2 Code Blocks for '/GetDownloadTicketAttachmentDetails'
1891	2	Code For Javascript - Jquery Using AJAX
1891	2	Code For C# Using RestSharp
1892	2	Code For Java Using OkHttp
1892	2	GetDownloadTicketAttachmentDetails")
1892	2	Code For Python Using Requests
1892	2	GetDownloadTicketAttachmentDetails"
1892	2	27.13 DownloadTicketAttachment
1892	2	Type of Request POST
1892	2	Endpoint /api/NotificationDetails/DownloadTicketAttachment
1892	2	Version
1892	2	Release Version U3
1893	2	Pre Endpoint Call /arconToken
1893	2	Request Params - - - -
1893	2	Headers Content-Type application/json Mandatory -
1893	2	Body
1893	2	Response
1893	2	Post Endpoint Call All API's
1893	2	Supported Features NA
1893	3	27.13.1 Data Types of Request and Response
1893	2	Type Parameters Data Type Description
1894	3	27.13.2 Code Blocks for '/DownloadTicketAttachment'
1894	2	Code For Javascript - Jquery Using AJAX
1894	2	Code For C# Using RestSharp
1895	2	Code For Java Using OkHttp
1895	2	DownloadTicketAttachment")
1895	2	Code For Python Using Requests
1895	2	27.14 GetMailBoxNotification
1895	2	Type of Request POST
1895	2	Endpoint /api/NotificationDetails/GetMailBoxNotification
1895	2	Version
1895	2	Release Version U3
1895	2	Pre Endpoint Call /arconToken
1896	2	Request Params - - - -
1896	2	Headers Content-Type application/json Mandatory -
1896	2	Body
1897	2	Response
1897	2	"smi_mailsubject": "Service Password Requested On
1897	2	"smi_mailsubject": "Service Password Requested On
1897	2	5/7/2018 12:53:57 PM For (WindowsRDP)
1897	2	"smi_mailsubject": "Service Password Requested On
1897	2	5/7/2018 12:50:27 PM For (WindowsRDP)
1898	2	Post Endpoint Call All API's
1898	2	Supported Features NA
1898	3	27.14.1 Data Types of Request and Response
1898	2	Type Parameters Data Type Description
1899	3	27.14.2 Code Blocks for '/GetMailBoxNotification'
1899	2	Code For Javascript - Jquery Using AJAX
1899	2	Code For C# Using RestSharp
1900	2	Code For Java Using OkHttp
1900	2	Code For Python Using Requests
1900	2	27.15 DeleteMailBox
1900	2	Type of Request POST
1900	2	Endpoint /api/NotificationDetails/DeleteMailBox
1900	2	Version
1900	2	Release Version U3
1900	2	Pre Endpoint Call /arconToken
1900	2	Request Params - - - -
1901	2	Headers Content-Type application/json Mandatory -
1901	2	Body
1901	2	Response
1901	2	Post Endpoint Call All API's
1901	2	Supported Features NA
1901	3	27.15.1 Data Types of Request and Response
1901	2	Type Parameters Data Type Description
1902	3	27.15.2 Code Blocks for '/DeleteMailBox'
1902	2	Code For Javascript - Jquery Using AJAX
1902	2	Code For C# Using RestSharp
1903	2	Code For Java Using OkHttp
1903	2	Code For Python Using Requests
1903	2	27.16 OpenMail
1903	2	Type of Request POST
1903	2	Endpoint /api/NotificationDetails/OpenMail
1903	2	Version
1903	2	Release Version U3
1903	2	Pre Endpoint Call /arconToken
1904	2	Request Params - - - -
1904	2	Headers Content-Type application/json Mandatory -
1904	2	Body
1904	2	Response
1904	2	"InfoHeader": "Service Password Requested On 4/6/2018
1904	2	Post Endpoint Call All API's
1904	2	Supported Features NA
1904	3	27.16.1 Data Types of Request and Response
1904	2	Type Parameters Data Type Description
1905	2	Type Parameters Data Type Description
1905	2	IsDownloadSSHKe
1905	2	IsVaultPasswordVi
1905	3	27.16.2 Code Blocks for '/OpenMail'
1905	2	Code For Javascript - Jquery Using AJAX
1906	2	Code For C# Using RestSharp
1906	2	Code For Java Using OkHttp
1907	2	Code For Python Using Requests
1907	2	27.17 VaultPasswordMailBox
1907	2	Type of Request POST
1907	2	Endpoint /api/NotificationDetails/VaultPasswordMailBox
1907	2	Version
1907	2	Release Version U3
1907	2	Pre Endpoint Call /arconToken
1907	2	Request Params - - - -
1907	2	Headers Content-Type application/json Mandatory -
1907	2	Body
1908	2	Response
1908	2	Post Endpoint Call All API's
1908	2	Supported Features NA
1908	3	27.17.1 Data Types of Request and Response
1908	2	Type Parameters Data Type Description
1908	3	27.17.2 Code Blocks for '/VaultPasswordMailBox'
1908	2	Code For Javascript - Jquery Using AJAX
1909	2	Code For C# Using RestSharp
1909	2	Code For Java Using OkHttp
1910	2	Code For Python Using Requests
1910	2	27.18 DownloadSSHKey
1910	2	Type of Request POST
1910	2	Endpoint /api/NotificationDetails/DownloadSSHKey
1910	2	Version
1910	2	Release Version U3
1910	2	Pre Endpoint Call /arconToken
1910	2	Request Params - - - -
1910	2	Headers Content-Type application/json Mandatory -
1910	2	Body
1911	2	Response
1911	2	Post Endpoint Call All API's
1911	2	Supported Features NA
1911	3	27.18.1 Data Types of Request and Response
1911	2	Type Parameters Data Type Description
1911	3	27.18.2 Code Blocks for '/DownloadSSHKey'
1911	2	Code For Javascript - Jquery Using AJAX
1912	2	Code For C# Using RestSharp
1912	2	Code For Java Using OkHttp
1913	2	Code For Python Using Requests
1913	2	27.19 GetPasswordChangeScheduledDDL
1913	2	Type of Request POST
1913	2	Endpoint /api/NotificationDetails/GetPasswordChangeScheduledDDL
1913	2	Version
1913	2	Release Version U3
1913	2	Pre Endpoint Call /arconToken
1913	2	Request Params - - - -
1913	2	Headers Content-Type application/json Mandatory -
1913	2	Body
1914	2	Response
1914	2	"Name": "---- All ----"
1914	2	"Name": "DATABASE SERVERS"
1914	2	"Name": "Dev Tester_ADM"
1914	2	"Name": "Dev Tester_PWR"
1915	2	"Name": "LINUX SERVERS"
1915	2	"Name": "NEWTWORK DEVICES"
1915	2	"Name": "QA Testing Group_ADM"
1915	2	"Name": "QA Testing Group_PWR"
1915	2	"Name": "SHAIL SERVERS"
1916	2	"Name": "WINDOWS SERVERS"
1916	2	Post Endpoint Call All API's
1916	2	Supported Features NA
1916	3	27.19.1 Data Types of Request and Response
1916	2	Type Parameters Data Type Description
1916	2	ARCON PAM
1917	3	27.19.2 Code Blocks for '/GetPasswordChangeScheduledDDL'
1917	2	Code For Javascript - Jquery Using AJAX
1917	2	Code For C# Using RestSharp
1918	2	Code For Java Using OkHttp
1918	2	GetPasswordChangeScheduledDDL")
1918	2	Code For Python Using Requests
1918	2	GetPasswordChangeScheduledDDL"
1918	2	27.20 GetPasswordChangeScheduledList
1918	2	Type of Request POST
1918	2	Endpoint /api/NotificationDetails/GetPasswordChangeScheduledList
1918	2	Version
1918	2	Release Version U4
1919	2	Pre Endpoint Call /arconToken
1919	2	Request Params - - - -
1919	2	Headers Content-Type application/json Mandatory -
1919	2	Body
1920	2	Response
1920	2	"ServiceType": "SSH LINUX"
1920	2	"ServiceType": "SSH LINUX"
1920	2	"ServiceType": "SSH LINUX"
1921	2	"ServiceType": "SSH LINUX"
1921	2	"ServiceType": "Windows RDP"
1921	2	"ServiceType": "Windows RDP"
1921	2	"ServiceType": "Windows RDP"
1921	2	"ServiceType": "SSH LINUX"
1922	2	"ServiceType": "App Web Browser"
1922	2	"ServiceType": "SSH LINUX"
1922	2	"ServiceType": "SSH LINUX"
1922	2	"ServiceType": "SSH LINUX"
1923	2	"ServiceType": "Windows RDP"
1923	2	"ServiceType": "Windows RDP"
1923	2	"ServiceType": "App ArcSight Console"
1923	2	"ServiceType": "App Sybase Central"
1924	2	"ServiceType": "App Cisco ASDM"
1924	2	"ServiceType": "App ASE Client"
1924	2	"ServiceType": "App SQL Advantage"
1924	2	"ServiceType": "Windows RDP"
1924	2	"ServiceType": "IBM AS 400"
1925	2	"ServiceType": "App Mysql Connector"
1925	2	"ServiceType": "App Web Browser"
1925	2	"ServiceType": "SSH LINUX"
1925	2	"ServiceType": "SSH LINUX"
1925	2	"ServiceType": "App SAPHana"
1926	2	"ServiceType": "SSH LINUX"
1926	2	"ServiceType": "SSH LINUX"
1926	2	"ServiceType": "SSH LINUX"
1926	2	"ServiceType": "ARCON Desk Insight"
1927	2	"ServiceType": "App UNIX GUI"
1927	2	"ServiceType": "App DameWare"
1927	2	"ServiceType": "App DameWare"
1927	2	"ServiceType": "SSH LINUX"
1927	2	"ServiceType": "SSH LINUX"
1928	2	"ServiceType": "MS SQL EM - RDP"
1928	2	"ServiceType": "Windows RDP"
1928	2	"ServiceType": "App UNIX GUI"
1928	2	"ServiceType": "Windows RDP"
1928	2	"ServiceType": "App UNIX GUI"
1929	2	"ServiceType": "ARCON Desk Insight"
1929	2	"ServiceType": "App UNIX GUI"
1929	2	"ServiceType": "App MySQL Administrator"
1929	2	"ServiceType": "App MySQL Work Bench"
1930	2	"ServiceType": "Windows RDP"
1930	2	"ServiceType": "App UNIX GUI"
1930	2	"ServiceType": "Windows RDP"
1930	2	"ServiceType": "Windows RDP"
1930	2	"ServiceType": "Windows RDP"
1931	2	"ServiceType": "Windows RDP"
1931	2	"ServiceType": "App WinSCP"
1931	2	"ServiceType": "SSH LINUX"
1931	2	"ServiceType": "Windows RDP"
1932	2	"ServiceType": "App SAN Switch"
1932	2	"ServiceType": "Windows RDP"
1932	2	"ServiceType": "Windows RDP"
1932	2	"ServiceType": "SSH Router"
1932	2	"ServiceType": "SSH Router"
1933	2	"ServiceType": "SSH Telnet"
1933	2	"ServiceType": "Windows RDP"
1933	2	"ServiceType": "App IBM Data Studio"
1933	2	"ServiceType": "App FileZilla"
1933	2	"ServiceType": "SSH LINUX"
1934	2	"ServiceType": "App TeraTerm"
1934	2	"ServiceType": "App Dbeaver"
1934	2	"ServiceType": "App Embarcadero DBArtisan"
1934	2	"ServiceType": "App PLSQL Developer - Oracle"
1934	2	"ServiceType": "App SQL Developer - Oracle"
1935	2	"ServiceType": "Oracle QA"
1935	2	"ServiceType": "App SQL Developer - Oracle"
1935	2	"ServiceType": "App Toad - Oracle"
1935	2	"ServiceType": "Oracle QA"
1935	2	"ServiceType": "App SQL Developer - Oracle"
1936	2	"ServiceType": "Windows RDP"
1936	2	"ServiceType": "App SAP Logon"
1936	2	"ServiceType": "App SAP Logon"
1936	2	"ServiceType": "App SAP Logon"
1937	2	"ServiceType": "App SAP Logon"
1937	2	"ServiceType": "MySQL QA"
1937	2	"ServiceType": "Windows RDP"
1938	2	"ServiceType": "Windows RDP"
1938	2	"ServiceType": "Windows RDP"
1938	2	"ServiceType": "App X-RDP"
1938	2	"ServiceType": "Windows RDP"
1938	2	"ServiceType": "App MySQL Administrator"
1939	2	"ServiceType": "MySQL QA"
1939	2	"ServiceType": "Windows RDP"
1939	2	"ServiceType": "SSH LINUX"
1939	2	"ServiceType": "App MobaXterm"
1939	2	"ServiceType": "App SecureCRT"
1940	2	"ServiceType": "App WinSCP"
1940	2	"ServiceType": "SSH Router"
1940	2	"ServiceType": "SSH Mysql"
1940	2	"ServiceType": "SSH LINUX"
1940	2	"ServiceType": "App Web Browser"
1941	2	"ServiceType": "SSH LINUX"
1941	2	"ServiceType": "SSH UNIX"
1941	2	"ServiceType": "IBM AS 400"
1941	2	"ServiceType": "SSH LINUX"
1941	2	"ServiceType": "SSH UNIX"
1942	2	"ServiceType": "App McAfee Proxy"
1942	2	"ServiceType": "App ReflectionX"
1942	2	"ServiceType": "App SolaceRouter"
1942	2	"ServiceType": "Windows RDP"
1943	2	"ServiceType": "Windows RDP"
1943	2	"ServiceType": "App 3Par Mgmt"
1943	2	"ServiceType": "App FileZilla"
1943	2	"ServiceType": "Windows RDP"
1943	2	"ServiceType": "MS SQL EM - Local"
1944	2	"ServiceType": "Windows RDP"
1944	2	"ServiceType": "Sybase QA"
1944	2	"ServiceType": "App Embarcadero DBArtisan"
1944	2	"ServiceType": "SSH MongoDb"
1944	2	"ServiceType": "SSH LINUX"
1945	2	"ServiceType": "Windows RDP"
1945	2	"ServiceType": "Windows RDP"
1945	2	"ServiceType": "Windows RDP"
1945	2	"ServiceType": "Windows RDP"
1945	2	"ServiceType": "Windows RDP"
1946	2	"ServiceType": "Windows RDP"
1946	2	"ServiceType": "Windows RDP"
1946	2	"ServiceType": "Windows RDP"
1946	2	"ServiceType": "Windows RDP"
1947	2	"ServiceType": "Windows RDP"
1947	2	"ServiceType": "App X-RDP"
1947	2	"ServiceType": "Windows RDP"
1949	2	"ServiceType": "App Barracuda Firewall Admin "
1949	2	"ServiceType": "App Web Browser"
1950	2	"ServiceType": "SSH LINUX"
1950	2	"ServiceType": "SSH LINUX"
1950	2	"ServiceType": "SSH Oracle SQLPlus"
1950	2	"ServiceType": "SSH LINUX"
1951	2	"ServiceType": "SSH LINUX"
1951	2	"ServiceType": "SSH Oracle SQLPlus"
1951	2	"ServiceType": "SSH Oracle SQLPlus"
1951	2	"ServiceType": "SSH LINUX"
1951	2	"ServiceType": "SSH LINUX"
1952	2	"ServiceType": "Oracle QA"
1952	2	"ServiceType": "SSH LINUX"
1952	2	"ServiceType": "Windows RDP"
1952	2	"ServiceType": "Windows RDP"
1952	2	"ServiceType": "ARCON Desk Insight"
1953	2	"ServiceType": "Windows RDP"
1953	2	"ServiceType": "Windows RDP"
1953	2	"ServiceType": "App SqlDbx"
1954	2	"ServiceType": "MS SQL EM - Local"
1954	2	"ServiceType": "App Embarcadero DBArtisan"
1954	2	"ServiceType": "MS SQL EM - Local"
1954	2	"ServiceType": "App Huawei LMT Client"
1954	2	"ServiceType": "Windows RDP"
1955	2	"ServiceType": "App HeidiSQL"
1955	2	"ServiceType": "Windows RDP"
1955	2	"ServiceType": "Windows RDP"
1955	2	"ServiceType": "Windows RDP"
1955	2	"ServiceType": "MS SQL EM - Local"
1956	2	"ServiceType": "MS SQL EM - Local"
1956	2	"ServiceType": "MS SQL QA"
1956	2	"ServiceType": "MS SQL EM - Local"
1956	2	"ServiceType": "App Check Point"
1956	2	"ServiceType": "App Dbeaver"
1957	2	"ServiceType": "MS SQL EM - Local"
1957	2	"ServiceType": "App Cyberduck"
1957	2	"ServiceType": "MS SQL EM - Local"
1957	2	"ServiceType": "SSH Switch"
1958	2	"ServiceType": "SSH LINUX"
1958	2	"ServiceType": "SSH MongoDb"
1958	2	"ServiceType": "App Web Browser"
1958	2	"ServiceType": "Windows RDP"
1958	2	"ServiceType": "Windows RDP"
1959	2	"ServiceType": "Windows RDP"
1959	2	"ServiceType": "Windows RDP"
1959	2	"ServiceType": "SSH LINUX"
1959	2	Post Endpoint Call None
1959	2	Supported Features NA
1959	3	27.20.1 Data Types of Request and Response
1959	2	Type Parameters Data Type Description
1959	2	ARCON PAM
1959	2	LOBId
1959	2	ServiceGroupId
1960	2	Type Parameters Data Type Description
1960	2	ServiceTyeId
1960	2	CurrentPasswordA
1960	2	ARCON PAM
1960	3	27.20.2 Code Blocks for '/GetPasswordChangeScheduledList'
1960	2	Code For Javascript - Jquery Using AJAX
1961	2	Code For C# Using RestSharp
1961	2	Code For Java Using OkHttp
1961	2	ViewServiceAccessRequest")
1962	2	Code For Python Using Requests
1963	1	28 OfflineSync
1963	2	28.1 GetColor
1963	2	Request POST
1963	2	Version
1963	2	Release Version U6
1963	2	Pre Endpoint Call /arconToken
1963	2	Request Params - - - -
1963	2	Headers Content-Type application/json Mandatory -
1963	2	Query
1963	2	String
1963	2	Paramete
1963	2	Response
1963	2	Post Endpoint Call None
1963	2	Supported Features NA
1964	3	28.1.1 Data Types of Request and Response
1964	2	Type Parameters Data Type Description
1964	3	28.1.2 Code Blocks for '/GetColor'
1964	2	Code For Javascript - Jquery Using AJAX
1964	2	Code For C# Using RestSharp
1965	2	Code For Java Using OkHttp
1965	2	Code For Python Using Requests
1966	1	29 OutsideARCONPAMAccess
1966	2	29.1 GetConfigurationDetails
1966	2	Request POST
1966	2	Endpoint /api/OutsideARCONPAMAccess/GetConfigurationDetails
1966	2	Version
1966	2	Release Version U16
1966	2	Pre Endpoint Call /arconToken
1966	2	Request Params - - - -
1966	2	Headers Content-Type application/json Mandatory -
1966	2	Body
1966	2	Response
1966	2	Response Time
1966	2	Post Endpoint Call None
1966	2	Supported Features NA
1966	3	29.1.1 Data Types of Request and Response
1966	2	Type Parameters Data Type Description
1966	2	Request
1966	2	Response
1966	3	29.1.2 Code Blocks for '/GetConfigurationDetails'
1966	2	Code For Javascript - Jquery Using AJAX
1967	2	Code For C# Using RestSharp
1967	2	Code For Java Using OkHttp
1967	2	Code For Python Using Requests
1968	1	30 Pending_LogRequests
1968	2	30.1 GetServiceAccessPendingLogRequest
1968	2	Type of Request POST
1968	2	Endpoint /api/Pending_LogRequests/GetServiceAccessPendingLogRequest
1968	2	Version
1968	2	Release Version U3
1968	2	Pre Endpoint Call /arconToken
1968	2	Request Params - - - -
1968	2	Headers Content-Type application/json Mandatory -
1968	2	Body
1968	1	1. For C# using Rest-Sharp, https://www.nuget.org/packages/RestSharp/105.2.3
1968	1	2. For Java using OK HTTP: https://square.github.io/okhttp/
1968	1	3. For Python
1969	2	Response
1970	2	Post Endpoint Call All API's
1970	2	Supported Features NA
1970	3	30.1.1 Data Types of Request and Response
1970	2	Type Parameters Data Type Description
1970	2	Pending
1970	2	All
1971	3	30.1.2 Code Blocks for '/GetServiceAccessPendingLogRequest'
1971	2	Code For Javascript - Jquery Using AJAX
1971	2	Code For C# Using RestSharp
1972	2	Code For Java Using OkHttp
1972	2	GetServiceAccessPendingLogRequest")
1972	2	Code For Python Using Requests
1972	2	GetServiceAccessPendingLogRequest"
1972	2	30.2 GetServicePasswordPendingLogRequest
1972	2	Type of Request POST
1972	2	Endpoint /api/Pending_LogRequests/GetServicePasswordPendingLogRequest
1972	2	Version
1972	2	Release Version U3
1973	2	Pre Endpoint Call /arconToken
1973	2	Request Params - - - -
1973	2	Headers Content-Type application/json Mandatory -
1973	2	Body
1974	2	Response
1975	2	Post Endpoint Call All API's
1975	2	Supported Features NA
1975	3	30.2.1 Data Types of Request and Response
1975	2	Type Parameters Data Type Description
1975	2	Pending
1975	2	All
1976	3	30.2.2 Code Blocks for '/GetServicePasswordPendingLogRequest'
1976	2	Code For Javascript - Jquery Using AJAX
1976	2	Code For C# Using RestSharp
1977	2	Code For Java Using OkHttp
1977	2	GetServicePasswordPendingLogRequest")
1977	2	Code For Python Using Requests
1977	2	GetServicePasswordPendingLogRequest"
1977	2	30.3 GetTicketdPendingLogRequest
1977	2	Type of Request POST
1977	2	Endpoint /api/Pending_LogRequests/GetTicketdPendingLogRequest
1977	2	Version
1977	2	Release Version U3
1978	2	Pre Endpoint Call /arconToken
1978	2	Request Params - - - -
1978	2	Headers Content-Type application/json Mandatory -
1978	2	Body
1978	2	Response
1979	2	Post Endpoint Call All API's
1979	2	Supported Features NA
1979	3	30.3.1 Data Types of Request and Response
1979	2	Type Parameters Data Type Description
1979	2	ServerDomainNam
1979	2	Pending
1979	2	All
1980	3	30.3.2 Code Blocks for '/GetTicketdPendingLogRequest'
1980	2	Code For Javascript - Jquery Using AJAX
1980	2	Code For C# Using RestSharp
1981	2	Code For Java Using OkHttp
1981	2	GetTicketdPendingLogRequest")
1981	2	Code For Python Using Requests
1981	2	GetTicketdPendingLogRequest"
1981	2	30.4 ViewServiceAcessPendingLogRequest
1981	2	Type of Request POST
1981	2	Endpoint /api/Pending_LogRequests/ViewServiceAcessPendingLogRequest
1981	2	Version
1981	2	Release Version U3
1982	2	Pre Endpoint Call /arconToken
1982	2	Request Params - - - -
1982	2	Headers Content-Type application/json Mandatory -
1982	2	Body
1983	2	Response
1983	2	"Value": "User : PARAM.SANNAKKE Changed From
1983	2	"Value": "User : PARAM.SANNAKKE Changed To [ ( Access
1984	2	Post Endpoint Call All API's
1984	2	Supported Features NA
1984	3	30.4.1 Data Types of Request and Response
1984	2	Type Parameters Data Type Description
1984	3	30.4.2 Code Blocks for '/GetTicketdPendingLogRequest'
1984	2	Code For Javascript - Jquery Using AJAX
1985	2	Code For C# Using RestSharp
1985	2	Code For Java Using OkHttp
1985	2	ViewServiceAcessPendingLogRequest")
1986	2	Code For Python Using Requests
1986	2	ViewServiceAcessPendingLogRequest"
1986	2	30.5 ViewServiceAccessPendingLogRequest
1986	2	Type of Request POST
1986	2	Endpoint /api/Pending_LogRequests/ViewServiceAccessPendingLogRequest
1986	2	Version
1986	2	Release Version U3
1986	2	Pre Endpoint Call /arconToken
1986	2	Request Params - - - -
1986	2	Headers Content-Type application/json Mandatory -
1986	2	Body
1987	2	Response
1987	2	Post Endpoint Call All API's
1987	2	Supported Features NA
1987	3	30.5.1 Data Types of Request and Response
1987	2	Type Parameters Data Type Description
1987	2	Response
1987	3	30.5.2 Code Blocks for '/GetPasswordChangeScheduledDDL'
1987	2	Code For Javascript - Jquery Using AJAX
1988	2	Code For C# Using RestSharp
1988	2	Code For Java Using OkHttp
1988	2	ViewServiceAccessPendingLogRequest")
1989	2	Code For Python Using Requests
1989	2	ViewServiceAccessPendingLogRequest"
1990	1	31 Policy
1990	2	31.1 GetPolicy
1990	2	Type of Request POST
1990	2	Endpoint /api/Policy/GetPolicy
1990	2	Version
1990	2	Release Version U4
1990	2	Pre Endpoint Call /arconToken
1990	2	Request Params - - - -
1990	2	Headers Content-Type application/json Mandatory -
1990	2	Query
1990	2	String
1990	2	Paramete
1990	1	1. For C# using Rest-Sharp, https://www.nuget.org/packages/RestSharp/105.2.3
1990	1	2. For Java using OK HTTP: https://square.github.io/okhttp/
1990	1	3. For Python
1991	2	Response
1991	2	"name": "Default Profile"
1991	2	"name": "ARCON PAM Policy"
1991	2	"name": "Test Profile"
1991	2	Post Endpoint Call None
1991	2	Supported Features NA
1991	3	31.1.1 Data Types of Request and Response
1991	2	Type Parameters Data Type Description
1992	2	Type Parameters Data Type Description
1992	2	ARCON PAM
1992	3	31.1.2 Code Blocks for ‘/GetPolicy’
1992	2	Code For Javascript - Jquery Using AJAX
1992	2	Code For C# Using RestSharp
1993	2	Code For Java Using OkHttp
1993	2	Code For Python Using Requests
1994	1	32 ProfileManagement
1994	2	32.1 PsrGetProfileByIp
1994	2	Type of Request POST
1994	2	Endpoint /api/ProfileManagement/PsrGetProfileByIp
1994	2	Version
1994	2	Release Version U4
1994	2	Pre Endpoint Call /arconToken
1994	2	Request Params - - - -
1994	2	Headers Content-Type application/json Mandatory -
1994	2	Body
1994	1	1. For C# using Rest-Sharp, https://www.nuget.org/packages/RestSharp/105.2.3
1994	1	2. For Java using OK HTTP: https://square.github.io/okhttp/
1994	1	3. For Python
1995	2	Response
1995	2	Post Endpoint Call None
1995	2	Supported Features NA
1995	3	32.1.1 Data Types of Request and Response
1995	2	Type Parameters Data Type Description
1995	2	ARCON PAM
1996	2	Type Parameters Data Type Description
1996	3	32.1.2 Code Blocks for ‘/PsrGetProfileByIp’
1996	2	Code For Javascript - Jquery Using AJAX
1997	2	Code For C# Using RestSharp
1997	2	Code For Java Using OkHttp
1998	2	Code For Python Using Requests
1998	2	32.2 FWGetProfileByIp
1998	2	Type of Request POST
1998	2	Endpoint /api/ProfileManagement/FWGetProfileByIp
1998	2	Version
1998	2	Release Version U4
1998	2	Pre Endpoint Call /arconToken
1998	2	Request Params - - - -
1998	2	Headers Content-Type application/json Mandatory -
1998	2	Body
1999	2	Response
1999	2	Post Endpoint Call None
1999	2	Supported Features NA
1999	3	32.2.1 Data Types of Request and Response
1999	2	Type Parameters Data Type Description
1999	2	ARCON PAM
2000	2	Type Parameters Data Type Description
2000	3	32.2.2 Code Blocks for ‘/FWGetProfileByIp’
2000	2	Code For Javascript - Jquery Using AJAX
2001	2	Code For C# Using RestSharp
2001	2	Code For Java Using OkHttp
2002	2	Code For Python Using Requests
2003	1	33 RASyn
2003	2	33.1 GetUserLogID
2003	2	Type of Request POST
2003	2	Endpoint /api/RASyn/GetUserLogID
2003	2	Version
2003	2	Release Version U3
2003	2	Pre Endpoint Call /arconToken
2003	2	Request Params - - - -
2003	2	Headers Content-Type application/json Mandatory -
2003	2	Body
2003	1	1. For C# using Rest-Sharp, https://www.nuget.org/packages/RestSharp/105.2.3
2003	1	2. For Java using OK HTTP: https://square.github.io/okhttp/
2003	1	3. For Python
2004	2	Response
2004	2	Post Endpoint Call All API's
2004	2	Supported Features NA
2004	3	33.1.1 Data Types of Request and Response
2004	2	Type Parameters Data Type Description
2004	2	ARCON PAM
2005	3	33.1.2 Code Blocks for '/GetUserLogID'
2005	2	Code For Javascript - Jquery Using AJAX
2005	2	JSON.stringify({"UserID":"35","UserIPMAC":"10.11.0.101","sul_active_from":"11/09/202
2005	1	0 12:04:00","sul_active_till":"12/09/2020 12:04:00","sul_timestamped_on":"11/09/2020
2005	2	Code For C# Using RestSharp
2006	2	Code For Java Using OkHttp
2006	2	Code For Python Using Requests
2006	2	33.2 SyncUserLoginAttempt
2006	2	Type of Request POST
2006	2	Endpoint /api/RASyn/SyncUserLoginAttempt
2006	2	Version
2007	2	Release Version U3
2007	2	Pre Endpoint Call /arconToken
2007	2	Request Params - - - -
2007	2	Headers Content-Type application/json Mandatory -
2007	2	Body
2007	2	Response
2007	2	Post Endpoint Call All API's
2007	2	Supported Features NA
2008	3	33.2.1 Data Types of Request and Response
2008	2	Type Parameters Data Type Description
2009	3	33.2.2 Code Blocks for '/SyncUserLoginAttempt'
2009	2	Code For Javascript - Jquery Using AJAX
2009	2	JSON.stringify({"UserName":"User12","Domain":"DevDomain","IPAddress":"10.11.0.101","
2009	2	Modulename":"TestModeule","IsUser":"1","UserID":"35","IsSuccess":"1","Dualfactortype
2009	2	Code For C# Using RestSharp
2010	2	Code For Java Using OkHttp
2010	2	Code For Python Using Requests
2010	2	33.3 SyncUserDetails
2010	2	Type of Request POST
2010	2	Endpoint /api/RASyn/SyncUserDetails
2011	2	Version
2011	2	Release Version U3
2011	2	Pre Endpoint Call /arconToken
2011	2	Request Params - - - -
2011	2	Headers Content-Type application/json Mandatory -
2011	2	Body
2011	2	Response
2011	2	Post Endpoint Call All API's
2011	2	Supported Features NA
2011	3	33.3.1 Data Types of Request and Response
2011	2	Type Parameters Data Type Description
2012	2	Type Parameters Data Type Description
2012	2	PasswordChanged
2012	2	PasswordChangeLe
2012	3	33.3.2 Code Blocks for '/SyncUserDetails'
2012	2	Code For Javascript - Jquery Using AJAX
2012	2	"data": JSON.stringify({"UserID":"35","ModifiedOn":"11/09/2020
2012	2	Code For C# Using RestSharp
2013	2	Code For Java Using OkHttp
2013	2	Code For Python Using Requests
2013	2	33.4 InsServiceReferenceLog
2013	2	Type of Request POST
2013	2	Endpoint /api/RASyn/InsServiceReferenceLog
2013	2	Version
2013	2	Release Version U3
2014	2	Pre Endpoint Call /arconToken
2014	2	Request Params - - - -
2014	2	Headers Content-Type application/json Mandatory -
2014	2	Body
2014	2	Response
2014	2	Post Endpoint Call All API's
2014	2	Supported Features NA
2014	3	33.4.1 Data Types of Request and Response
2014	2	Type Parameters Data Type Description
2014	2	ARCON PAM
2015	3	33.4.2 Code Blocks for '/GetPasswordChangeScheduledDDL'
2015	2	Code For Javascript - Jquery Using AJAX
2015	2	Code For C# Using RestSharp
2016	2	Code For Java Using OkHttp
2016	2	Code For Python Using Requests
2016	2	33.5 EndUserServiceSession
2016	2	Type of Request POST
2016	2	Endpoint /api/RASyn/EndUserServiceSession
2016	2	Version
2016	2	Release Version U15
2016	2	Pre Endpoint Call /arconToken
2017	2	Request Params -- - - -
2017	2	Mandatory -
2017	2	Body
2017	2	Response
2017	2	Post Endpoint Call NA
2017	2	Supported Features NA
2017	3	33.5.1 Data Types of Request and Response
2017	2	Type Parameters Data Type Description
2017	2	Request ServerConnectionL
2017	2	Response Result
2018	3	33.5.2 Code Blocks for ‘/EndUserServiceSession’
2018	2	Code For Javascript - Jquery Using AJAX
2018	2	Code For C# Using RestSharp
2019	2	Code For Java Using OkHttp
2019	2	Code For Python Using Requests
2019	2	33.6 UserServiceSessionUpdate
2019	2	Type of Request POST
2019	2	Endpoint /api/RASyn/UserServiceSessionUpdate
2019	2	Version
2019	2	Release Version U15
2019	2	Pre Endpoint Call /arconToken
2020	2	Request Params -- - - -
2020	2	Mandatory -
2020	2	Query
2020	2	String
2020	2	Paramete
2020	2	ServerConnectionLogID=1&LogoutTimeFlag=Logout
2020	2	Response
2020	2	Post Endpoint Call NA
2020	2	Supported Features NA
2020	3	33.6.1 Data Types of Request and Response
2020	2	Type Parameters Data Type Description
2020	2	Request ServerConnectionL
2020	2	Response Result
2021	3	33.6.2 Code Blocks for ‘/UserServiceSessionUpdate’
2021	2	Code For Javascript - Jquery Using AJAX
2021	2	Code For C# Using RestSharp
2022	2	Code For Java Using OkHttp
2022	2	ServerConnectionLogID=1&LogoutTimeFlag=Logout")
2022	2	Code For Python Using Requests
2022	2	ServerConnectionLogID=1&LogoutTimeFlag=Logout"
2022	2	33.7 GetUserSessionID
2022	2	Type of Request POST
2022	2	Endpoint /api/RASyn/GetUserSessionID
2022	2	Version
2022	2	Release Version U3
2022	2	Pre Endpoint Call /arconToken
2022	2	Request Params - - - -
2023	2	Headers Content-Type application/json Mandatory -
2023	2	Body
2023	2	Response
2023	2	Post Endpoint Call All API's
2023	2	Supported Features NA
2023	3	33.7.1 Data Types of Request and Response
2023	2	Type Parameters Data Type Description
2023	2	ServerConnectionL
2024	2	Type Parameters Data Type Description
2024	3	33.7.2 Code Blocks for '/GetUserSessionID'
2024	2	Code For Javascript - Jquery Using AJAX
2024	2	JSON.stringify({"UserID":"35","ServiceId":"1","ServerConnectionLogId":"","ssl_servic
2025	2	Code For C# Using RestSharp
2025	2	Code For Java Using OkHttp
2026	2	Code For Python Using Requests
2026	2	33.8 InsProcessLog
2026	2	Type of Request POST
2026	2	Endpoint /api/RASyn/InsProcessLog
2026	2	Version
2026	2	Release Version U3
2026	2	Pre Endpoint Call /arconToken
2026	2	Request Params - - - -
2026	2	Headers Content-Type application/json Mandatory -
2027	2	Body
2027	2	Response
2027	2	Post Endpoint Call All API's
2027	2	Supported Features NA
2028	3	33.8.1 Data Types of Request and Response
2028	2	Type Parameters Data Type Description
2028	2	Request
2028	2	ARCON PAM
2028	2	DateTime
2029	3	33.8.2 Code Blocks for '/InsProcessLog'
2029	2	Code For Javascript - Jquery Using AJAX
2029	2	Code For C# Using RestSharp
2030	2	Code For Java Using OkHttp
2030	2	Code For Python Using Requests
2031	2	33.9 InsCommandDBLog
2031	2	Type of Request POST
2031	2	Endpoint /api/RASyn/InsCommandDBLog
2031	2	Version
2031	2	Release Version U3
2031	2	Pre Endpoint Call /arconToken
2031	2	Request Params - - - -
2031	2	Headers Content-Type application/json Mandatory -
2031	2	Body
2031	2	Response
2032	2	Post Endpoint Call All API's
2032	2	Supported Features NA
2032	3	33.9.1 Data Types of Request and Response
2032	2	Type Parameters Data Type Description
2032	2	Request
2032	2	ServerConnectionL
2032	2	CommandRespons
2032	2	DateTime
2032	3	33.9.2 Code Blocks for '/InsCommandDBLog'
2032	2	Code For Javascript - Jquery Using AJAX
2032	2	JSON.stringify({"ServerConnectionLogID":1,"CommandTyped":1,"CommandResponse":"","dba
2033	2	Code For C# Using RestSharp
2033	2	Code For Java Using OkHttp
2034	2	Code For Python Using Requests
2034	2	33.10 GetImgCapturedDet
2034	2	Type of Request POST
2034	2	Endpoint /api/RASyn/InsCommandDBLog
2034	2	Version
2034	2	Release Version U10
2034	2	Pre Endpoint Call /arconToken
2034	2	Request Params - - - -
2034	2	Headers Content-Type application/json Mandatory -
2035	2	Body
2035	2	Response
2035	2	Post Endpoint Call All API's
2035	2	Supported Features NA
2035	3	33.10.1 Data Types of Request and Response
2035	2	Type Parameters Data Type Description
2035	2	Request
2035	2	ARCON PAM
2036	3	33.10.2 Code Blocks for '/GetImgCapturedDet'
2036	2	Code For Javascript - Jquery Using AJAX
2036	2	"data": JSON.stringify({"ssl_log_id":1,"pImage":"",RdpDate":"11/02/2021
2036	2	Code For C# Using RestSharp
2037	2	Code For Java Using OkHttp
2037	2	Code For Python Using Requests
2037	2	33.11 GetImgCounterDet
2037	2	Request POST
2037	2	Endpoint /api/RASyn/GetImgCounterDet
2037	2	Version
2037	2	Release Version U16
2038	2	Pre Endpoint Call /arconToken
2038	2	Request Params - - - -
2038	2	Headers Content-Type application/json Mandatory -
2038	2	Body
2038	2	Response
2038	2	Response Time
2038	2	Post Endpoint Call None
2038	2	Supported Features NA
2038	3	33.11.1 Data Types of Request and Response
2038	2	Type Parameters Data Type Description
2038	2	Request
2038	2	Response
2038	3	33.11.2 Code Blocks for '/GetImgCounterDet'
2038	2	Code For Javascript - Jquery Using AJAX
2038	2	Code For C# Using RestSharp
2038	2	Code For Java Using OkHttp
2039	2	Code For Python Using Requests
2040	1	34 RAVPNSetting
2040	2	34.1 GetVPNServerDetails
2040	2	Type of Request POST
2040	2	Endpoint /api/RAVPNSetting/GetVPNServerDetails
2040	2	Version
2040	2	Release Version U10
2040	2	Pre Endpoint Call /arconToken
2040	2	Request Params - - - -
2040	2	Headers Content-Type application/json Mandatory -
2040	2	Response
2041	2	Post Endpoint Call All API's
2041	2	Supported Features ARCOS Log Archiver Service
2041	3	34.1.1 Data Types of Request and Response
2041	2	Type Parameters Data Type Description
2041	2	Request No Parameters
2041	2	ARCOS VPN Details
2042	3	34.1.2 Code Blocks for '/GetVPNServerDetails'
2042	2	Code For Javascript - Jquery Using AJAX
2042	2	Code For C# Using RestSharp
2042	2	Code For Java Using OkHttp
2043	2	Code For Python Using Requests
2043	2	34.2 SaveVPNServerDetails
2043	2	Type of Request POST
2043	2	Endpoint /api/RAVPNSetting/SaveVPNServerDetails
2043	2	Version
2043	2	Release Version U13
2043	2	Pre Endpoint Call /arconToken
2043	2	Request Params - - - -
2043	2	Headers Content-Type application/json Mandatory -
2044	2	Body
2044	2	Response
2044	2	"Result": "New VPN Server Created successfully"
2044	2	Post Endpoint Call All API's
2044	2	Supported Features NA
2044	3	34.2.1 Data Types of Request and Response
2044	2	Type Parameters Data Type Description
2044	2	Request
2045	2	Type Parameters Data Type Description
2045	2	ARCOS VPN Details
2045	2	Response
2045	3	34.2.2 Code Blocks for ‘/SaveVPNServerDetails’
2045	2	Code For Javascript - Jquery Using AJAX
2045	2	JSON.stringify({"ActionType":"insert","ID":"20029","IsEncrypted":false,"IPAddress":"
2046	2	Code For C# Using RestSharp
2046	2	Code For Java Using OkHttp
2047	2	Code For Python Using Requests
2047	2	34.3 GetLOBVPNServerDetails
2047	2	Request POST
2047	2	Endpoint /api/RAVPNSetting/GetLOBVPNServerDetails
2047	2	Version
2047	2	Release Version U16
2047	2	Pre Endpoint Call /arconToken
2047	2	Request Params - - - -
2047	2	Headers Content-Type application/json Mandatory -
2047	2	Body
2047	2	Response
2048	2	Response Time
2048	2	Post Endpoint Call None
2048	2	Supported Features NA
2048	3	34.3.1 Data Types of Request and Response
2048	2	Type Parameters Data Type Description
2048	2	Request
2048	2	Response
2048	3	34.3.2 Code Blocks for '/GetLOBVPNServerDetails'
2048	2	Code For Javascript - Jquery Using AJAX
2048	2	Code For C# Using RestSharp
2048	2	Code For Java Using OkHttp
2048	2	Code For Python Using Requests
2048	2	34.4 SaveLOBVPNServerDetails
2048	2	Request POST
2048	2	Endpoint /api/RAVPNSetting/SaveLOBVPNServerDetails
2048	2	Version
2049	2	Release Version U16
2049	2	Pre Endpoint Call /arconToken
2049	2	Request Params - - - -
2049	2	Headers Content-Type application/json Mandatory -
2049	2	Body
2049	2	Response
2049	2	Response Time
2049	2	Post Endpoint Call None
2049	2	Supported Features NA
2049	3	34.4.1 Data Types of Request and Response
2049	2	Type Parameters Data Type Description
2049	2	Request
2049	2	Response
2049	3	34.4.2 Code Blocks for '/SaveLOBVPNServerDetails'
2049	2	Code For Javascript - Jquery Using AJAX
2049	2	Code For C# Using RestSharp
2050	2	Code For Java Using OkHttp
2050	2	Code For Python Using Requests
2051	1	35 RDPSServiceInsert
2051	2	35.1 InsertRDPSServiceDetails
2051	2	Type of Request POST
2051	2	Endpoint /api/RDPSServiceInsert/InsertRDPSServiceDetails
2051	2	Version
2051	2	Release Version U3
2051	2	Pre Endpoint Call /arconToken
2051	2	Request Params - - - -
2051	2	Headers Content-Type application/json Mandatory -
2051	1	1. For C# using Rest-Sharp, https://www.nuget.org/packages/RestSharp/105.2.3
2051	1	2. For Java using OK HTTP: https://square.github.io/okhttp/
2051	1	3. For Python
2052	2	Body
2052	2	Response
2052	2	Post Endpoint Call All API's
2052	2	Supported Features NA
2052	3	35.1.1 Data Types of Request and Response
2052	2	Type Parameters Data Type Description
2053	2	Type Parameters Data Type Description
2053	3	35.1.2 Code Blocks for '/InsertRDPSServiceDetails'
2053	2	Code For Javascript - Jquery Using AJAX
2053	2	JSON.stringify({"rsd_username":"Admin","rsd_domain_name":"Domain1","rsd_host_name":"
2053	2	Admin\
2054	2	Code For C# Using RestSharp
2054	2	Code For Java Using OkHttp
2055	2	Code For Python Using Requests
2055	2	35.2 UpdateRDPSSessionStatus
2055	2	Type of Request POST
2055	2	Endpoint /api/RDPSServiceInsert/UpdateRDPSSessionStatus
2055	2	Version
2055	2	Release Version U3
2055	2	Pre Endpoint Call /arconToken
2055	2	Request Params - - - -
2055	2	Headers Content-Type application/json Mandatory -
2056	2	Body
2056	2	Response
2056	2	Status"
2056	2	Post Endpoint Call All API's
2056	2	Supported Features NA
2056	3	35.2.1 Data Types of Request and Response
2056	2	Type Parameters Data Type Description
2057	3	35.2.2 Code Blocks for '/UpdateRDPSSessionStatus'
2057	2	Code For Javascript - Jquery Using AJAX
2057	2	JSON.stringify({"rsd_id":"1","rsd_rdps_session_id":"100","rsd_status":"completed","r
2057	2	Code For C# Using RestSharp
2058	2	Code For Java Using OkHttp
2058	2	Code For Python Using Requests
2058	2	35.3 GetAllPendingRequests
2058	2	Type of Request POST
2058	2	Endpoint /api/RDPSServiceInsert/GetAllPendingRequests
2058	2	Version
2058	2	Release Version U3
2059	2	Pre Endpoint Call /arconToken
2059	2	Request Params - - - -
2059	2	Headers Content-Type application/json Mandatory -
2059	2	Body
2060	2	Response
2060	2	Post Endpoint Call All API's
2060	2	Supported Features NA
2061	3	35.3.1 Data Types of Request and Response
2061	2	Type Parameters Data Type Description
2062	2	Type Parameters Data Type Description
2062	3	35.3.2 Code Blocks for '/GetAllPendingRequests'
2062	2	Code For Javascript - Jquery Using AJAX
2063	2	Code For C# Using RestSharp
2063	2	Code For Java Using OkHttp
2064	2	Code For Python Using Requests
2064	2	35.4 UpdateExtendedSessionRequest
2064	2	Type of Request POST
2064	2	Endpoint /api/RDPSServiceInsert/UpdateExtendedSessionRequest
2064	2	Version
2064	2	Release Version U3
2064	2	Pre Endpoint Call /arconToken
2064	2	Request Params - - - -
2064	2	Headers Content-Type application/json Mandatory -
2064	2	Body
2065	2	Response
2065	2	"rsd_response": "Extended Session Details Updated
2065	2	Succesfully"
2065	2	Post Endpoint Call All API's
2065	2	Supported Features NA
2065	3	35.4.1 Data Types of Request and Response
2065	2	Type Parameters Data Type Description
2066	3	35.4.2 Code Blocks for '/UpdateExtendedSessionRequest'
2066	2	Code For Javascript - Jquery Using AJAX
2066	2	JSON.stringify({"rsd_rdps_session_id":"100","rsd_id":"1","rsd_end_time":"2020-11-10
2066	2	Code For C# Using RestSharp
2067	2	Code For Java Using OkHttp
2067	2	UpdateExtendedSessionRequest")
2067	2	Code For Python Using Requests
2067	2	UpdateExtendedSessionRequest"
2067	2	35.5 GetRDPSConfig
2067	2	Type of Request POST
2067	2	Endpoint /api/RDPSServiceInsert/GetRDPSConfig
2067	2	Version
2068	2	Release Version U3
2068	2	Pre Endpoint Call /arconToken
2068	2	Request Params - - - -
2068	2	Headers Content-Type application/json Mandatory -
2068	2	Response
2068	2	Post Endpoint Call All API's
2068	2	Supported Features NA
2068	3	35.5.1 Data Types of Request and Response
2068	2	Type Parameters Data Type Description
2068	2	Request No Parameters
2069	2	Type Parameters Data Type Description
2069	2	DefaultSessionDur
2069	2	MaxSessionDuratio
2069	2	MinSessionDuratio
2069	2	SessionExtendNotif
2069	2	MaxConfirmation
2069	2	Waiting
2070	3	35.5.2 Code Blocks for '/GetRDPSConfig'
2070	2	Code For Javascript - Jquery Using AJAX
2070	2	Code For C# Using RestSharp
2070	2	Code For Java Using OkHttp
2071	2	Code For Python Using Requests
2071	2	35.6 InsertParticipantsLog
2071	2	Type of Request POST
2071	2	Endpoint /api/RDPSServiceInsert/InsertParticipantsLog
2071	2	Version
2071	2	Release Version U3
2071	2	Pre Endpoint Call /arconToken
2071	2	Request Params - - - -
2071	2	Headers Content-Type application/json Mandatory -
2072	2	Body
2072	2	Response
2072	2	Post Endpoint Call All API's
2072	2	Supported Features NA
2072	3	35.6.1 Data Types of Request and Response
2072	2	Type Parameters Data Type Description
2072	2	ParticipantConnect
2073	2	Type Parameters Data Type Description
2073	2	ParticipantHostNa
2073	3	35.6.2 Code Blocks for '/InsertParticipantsLog'
2073	2	Code For Javascript - Jquery Using AJAX
2073	2	JSON.stringify({"ServiceId":"1","RdpsId":"10","SessionId":"100","ParticipantName":"U
2074	2	Code For C# Using RestSharp
2074	2	Code For Java Using OkHttp
2075	2	Code For Python Using Requests
2075	2	35.7 UpdateParticipantsLog
2075	2	Type of Request POST
2075	2	Endpoint /api/RDPSServiceInsert/UpdateParticipantsLog
2075	2	Version
2075	2	Release Version U3
2075	2	Pre Endpoint Call /arconToken
2075	2	Request Params - - - -
2075	2	Headers Content-Type application/json Mandatory -
2076	2	Body
2076	2	Response
2076	2	Post Endpoint Call All API's
2076	2	Supported Features NA
2076	3	35.7.1 Data Types of Request and Response
2076	2	Type Parameters Data Type Description
2076	2	ParticipantConnect
2077	2	Type Parameters Data Type Description
2077	2	ParticipantHostNa
2077	3	35.7.2 Code Blocks for '/UpdateParticipantsLog'
2077	2	Code For Javascript - Jquery Using AJAX
2077	2	JSON.stringify({"ServiceId":"1","RdpsId":"10","SessionId":"100","ParticipantName":"U
2078	2	Code For C# Using RestSharp
2078	2	Code For Java Using OkHttp
2079	2	Code For Python Using Requests
2079	2	35.8 UploadVideoLog
2079	2	Type of Request POST
2079	2	Endpoint /api/RDPSServiceInsert/UploadVideoLog
2079	2	Version
2079	2	Release Version U3
2079	2	Pre Endpoint Call /arconToken
2079	2	Request Params - - - -
2079	2	Headers Content-Type application/json Mandatory -
2079	2	FILE-NAME 100-Video1 Mandatory
2080	2	Response
2080	2	Post Endpoint Call All API's
2080	2	Supported Features NA
2080	3	35.8.1 Data Types of Request and Response
2080	2	Type Parameters Data Type Description
2080	2	Request No Parameters
2080	3	35.8.2 Code Blocks for '/UploadVideoLog'
2080	2	Code For Javascript - Jquery Using AJAX
2081	2	Code For C# Using RestSharp
2081	2	Code For Java Using OkHttp
2082	2	Code For Python Using Requests
2082	2	35.9 GetDeskinsightServiceDetails
2082	2	Type of Request POST
2082	2	Endpoint /api/RDPSServiceInsert/GetDeskinsightServiceDetails
2082	2	Version
2082	2	Release Version U3
2082	2	Pre Endpoint Call /arconToken
2082	2	Request Params - - - -
2082	2	Headers Content-Type application/json Mandatory -
2082	2	Query
2082	2	String
2082	2	Paramete
2082	2	GetDeskinsightServiceDetails?hostname=LAP254
2083	2	Response
2083	2	Post Endpoint Call All API's
2083	2	Supported Features NA
2083	3	35.9.1 Data Types of Request and Response
2083	2	Type Parameters Data Type Description
2084	2	Type Parameters Data Type Description
2085	2	Type Parameters Data Type Description
2085	3	35.9.2 Code Blocks for '/GetDeskinsightServiceDetails'
2085	2	Code For Javascript - Jquery Using AJAX
2086	2	Code For C# Using RestSharp
2086	2	Code For Java Using OkHttp
2086	2	GetDeskinsightServiceDetails?hostname=LAP254")
2087	2	Code For Python Using Requests
2087	2	GetDeskinsightServiceDetails?hostname=LAP254"
2087	2	35.10 SendAgentKeepalive
2087	2	Type of Request POST
2087	2	Endpoint /api/RDPSServiceInsert/SendAgentKeepalive
2087	2	Version
2087	2	Release Version U3
2087	2	Pre Endpoint Call /arconToken
2087	2	Request Params - - - -
2087	2	Headers Content-Type application/json Mandatory -
2088	2	Body
2088	2	Response
2088	2	Post Endpoint Call All API's
2088	2	Supported Features NA
2088	3	35.10.1 Data Types of Request and Response
2088	2	Type Parameters Data Type Description
2089	3	35.10.2 Code Blocks for '/SendAgentKeepalive'
2089	2	Code For Javascript - Jquery Using AJAX
2089	2	JSON.stringify({"Ipaddress":"10.11.1.11","Hostname":"H0123","Username":"Admin","Agen
2089	2	Code For C# Using RestSharp
2090	2	Code For Java Using OkHttp
2090	2	\"Agentversion\":\"4.8.5.0\",\r\n    \"createdby\":\"Deskinsight Service\",\r\n
2090	2	Code For Python Using Requests
2090	2	\"Deskinsight Service\",\r\n    \"modifiedby\":\"\"\r\n}"
2090	2	35.11 GetServicePwdChangeflag
2090	2	Type of Request POST
2090	2	Endpoint /api/RDPSServiceInsert/GetServicePwdChangeflag
2090	2	Version
2091	2	Release Version U3
2091	2	Pre Endpoint Call /arconToken
2091	2	Request Params - - - -
2091	2	Headers Content-Type application/json Mandatory -
2091	2	Query
2091	2	String
2091	2	Paramete
2091	2	GetServicePwdChangeflag?serviceid=64157
2091	2	Response
2091	2	Post Endpoint Call All API's
2091	2	Supported Features NA
2091	3	35.11.1 Data Types of Request and Response
2091	2	Type Parameters Data Type Description
2091	2	ARCON PAM
2092	3	35.11.2 Code Blocks for '/GetServicePwdChangeflag'
2092	2	Code For Javascript - Jquery Using AJAX
2092	2	Code For C# Using RestSharp
2093	2	Code For Java Using OkHttp
2093	2	Code For Python Using Requests
2093	2	35.12 UpdateDeskinsightPwdStatus
2093	2	Type of Request POST
2093	2	Endpoint /api/RDPSServiceInsert/UpdateDeskinsightPwdStatus
2093	2	Version
2093	2	Release Version U3
2093	2	Pre Endpoint Call /arconToken
2094	2	Request Params - - - -
2094	2	Headers Content-Type application/json Mandatory -
2094	2	Query
2094	2	String
2094	2	Paramete
2094	2	Response
2094	2	Post Endpoint Call All API's
2094	2	Supported Features NA
2094	3	35.12.1 Data Types of Request and Response
2094	2	Type Parameters Data Type Description
2094	2	ARCON PAM
2094	2	LastPasswordChan
2094	2	LastPasswordChan
2095	3	35.12.2 Code Blocks for '/UpdateDeskinsightPwdStatus'
2095	2	Code For Javascript - Jquery Using AJAX
2095	2	JSON.stringify({"Serviceid":"113321","Lastpasswordchangestatus":0,"Lastpasswordchang
2095	2	Code For C# Using RestSharp
2096	2	Code For Java Using OkHttp
2096	2	UpdateDeskinsightPwdStatus")
2096	2	Code For Python Using Requests
2096	2	35.13 GetAllPendingRequestsV2
2096	2	Type of Request POST
2096	2	Endpoint /api/RDPSServiceInsert/GetAllPendingRequests
2096	2	Version
2097	2	Release Version U3
2097	2	Pre Endpoint Call /arconToken
2097	2	Request Params - - - -
2097	2	Headers Content-Type application/json Mandatory -
2097	2	Body
2098	2	Response
2098	2	Post Endpoint Call All API's
2098	2	Supported Features NA
2099	3	35.13.1 Data Types of Request and Response
2099	2	Type Parameters Data Type Description
2100	2	Type Parameters Data Type Description
2100	3	35.13.2 Code Blocks for '/GetAllPendingRequests'
2100	2	Code For Javascript - Jquery Using AJAX
2101	2	Code For C# Using RestSharp
2101	2	Code For Java Using OkHttp
2102	2	Code For Python Using Requests
2102	2	35.14 UpdateRequesterStatus
2102	2	Type of Request POST
2102	2	Endpoint /api/RDPSServiceInsert/UpdateRequesterStatus
2102	2	Version
2102	2	Release Version U3
2102	2	Pre Endpoint Call /arconToken
2102	2	Request Params - - - -
2102	2	Headers Content-Type application/json Mandatory -
2103	2	Body
2103	2	Response
2103	2	Post Endpoint Call All API's
2103	2	Supported Features NA
2103	3	35.14.1 Data Types of Request and Response
2103	2	Type Parameters Data Type Description
2104	2	Type Parameters Data Type Description
2104	2	Response
2104	3	35.14.2 Code Blocks for '/UpdateRequesterStatus'
2104	2	Code For Javascript - Jquery Using AJAX
2104	2	"data": JSON.stringify({"Ipaddress":"11.10.1.11","Hostname":"Admin\
2104	2	Code For C# Using RestSharp
2105	2	Code For Java Using OkHttp
2105	2	Code For Python Using Requests
2106	1	36 RTSM
2106	2	36.1 UpdateRTSMLog
2106	2	Type of Request POST
2106	2	Endpoint /api/RTSM/UpdateRTSMLog
2106	2	Version
2106	2	Release Version U4
2106	2	Pre Endpoint Call /arconToken
2106	2	Request Params - - - -
2106	2	Headers Content-Type application/json Mandatory -
2106	2	Body
2106	2	Response
2107	2	Post Endpoint Call None
2107	2	Supported Features NA
2107	3	36.1.1 Data Types of Request and Response
2107	2	Type Parameters Data Type Description
2107	2	ARCON PAM
2107	3	36.1.2 Code Blocks for '/UpdateRTSMLog'
2107	2	Code For Javascript - Jquery Using AJAX
2108	2	Code For C# Using RestSharp
2108	2	Code For Java Using OkHttp
2109	2	Code For Python Using Requests
2109	2	36.2 InsertRTSMLog
2109	2	Type of Request POST
2109	2	Endpoint /api/RTSM/InsertRTSMLog
2109	2	Version
2109	2	Release Version U4
2109	2	Pre Endpoint Call /arconToken
2109	2	Request Params - - - -
2109	2	Headers Content-Type application/json Mandatory -
2109	2	Body
2110	2	Response
2110	2	Post Endpoint Call None
2110	2	Supported Features NA
2110	3	36.2.1 Data Types of Request and Response
2110	2	Type Parameters Data Type Description
2110	2	ARCON PAM
2111	3	36.2.2 Code Blocks for '/InsertRTSMLog'
2111	2	Code For Javascript - Jquery Using AJAX
2111	2	Code For C# Using RestSharp
2112	2	Code For Java Using OkHttp
2112	2	Code For Python Using Requests
2112	2	36.3 DeleteRTSMLog
2112	2	Request POST
2112	2	Endpoint /api/RTSM/DeleteRTSMLog
2112	2	Version
2112	2	Release Version U16
2113	2	Pre Endpoint Call /arconToken
2113	2	Request Params - - - -
2113	2	Headers Content-Type application/json Mandatory -
2113	2	Body
2113	2	Response
2113	2	Post Endpoint Call None
2113	2	Supported Features NA
2113	3	36.3.1 Data Types of Request and Response
2113	2	Type Parameters Data Type Description
2114	3	36.3.2 Code Blocks for '/DeleteRTSMLog'
2114	2	Code For Javascript - Jquery Using AJAX
2114	2	"data": JSON.stringify({
2114	2	Code For C# Using RestSharp
2115	2	Code For Java Using OkHttp
2115	2	Code For Python Using Requests
2116	1	37 ServiceCreation
2116	2	37.1 Overview
2116	2	37.2 EnableService
2116	2	Type of Request POST
2116	2	Endpoint /api/ServiceCreation/EnableService
2116	2	Version
2116	2	Release Version U4
2116	2	Pre Endpoint Call /arconToken
2116	2	Request Params - - - -
2116	2	Headers Content-Type application/json Mandatory -
2116	2	Body
2116	2	Response
2117	2	Post Endpoint Call None
2117	2	Supported Features NA
2117	3	37.2.1 Data Types of Request and Response
2117	2	Type Parameters Data Type Description
2117	2	ARCON PAM
2117	3	37.2.2 Code Blocks for ‘/EnableService’
2117	2	Code For Javascript - Jquery Using AJAX
2118	2	Code For C# Using RestSharp
2118	2	Code For Java Using OkHttp
2119	2	Code For Python Using Requests
2119	2	37.3 SetServiceDetails
2119	2	Type of Request POST
2119	2	Endpoint /api/ServiceCreation/SetServiceDetails
2119	2	Version
2119	2	Release Version U3
2119	2	Pre Endpoint Call /arconToken
2119	2	Request Params - - - -
2119	2	Headers Content-Type application/json Mandatory -
2120	2	Body
2120	2	Response
2120	2	Post Endpoint Call All API's
2120	2	Supported Features NA
2121	3	37.3.1 Data Types of Request and Response
2121	2	Type Parameters Data Type Description
2121	2	ARCON PAM
2121	2	ARCON PAM
2121	2	ARCON PAM
2121	2	ARCON PAM
2121	2	ARCON PAM
2121	2	AllowPasswordCha
2121	2	Vault_Password_Im
2121	2	ARCON PAM
2121	2	ARCON PAM
2122	2	Type Parameters Data Type Description
2122	2	ARCON PAM
2122	2	ARCON PAM
2122	2	ARCON PAM
2122	3	37.3.2 Code Blocks for ‘/SetServiceDetails’
2122	2	Code For Javascript - Jquery Using AJAX
2122	2	JSON.stringify({"LOBID":1,"ServerGroupId":"1","Hostname":"10.xx.x.xx","IPAddress":"1
2123	2	Code For C# Using RestSharp
2123	2	Code For Java Using OkHttp
2124	2	Code For Python Using Requests
2124	2	37.4 SetDeleteService
2124	2	Type of Request POST
2124	2	Endpoint /api/ServiceCreation/SetDeleteService
2124	2	Version
2124	2	Release Version U3
2124	2	Pre Endpoint Call /arconToken
2124	2	Request Params - - - -
2124	2	Headers Content-Type application/json Mandatory -
2125	2	Body
2125	2	Response
2125	2	Post Endpoint Call All API's
2125	2	Supported Features NA
2125	3	37.4.1 Data Types of Request and Response
2125	2	Type Parameters Data Type Description
2125	2	ARCON PAM
2126	3	37.4.2 Code Blocks for ‘/SetDeleteService’
2126	2	Code For Javascript - Jquery Using AJAX
2126	2	Code For C# Using RestSharp
2127	2	Code For Java Using OkHttp
2127	2	Code For Python Using Requests
2127	2	37.5 SetDropService
2127	2	Type of Request POST
2127	2	Endpoint /api/ServiceCreation/SetDropService
2127	2	Version
2127	2	Release Version U3
2127	2	Pre Endpoint Call /arconToken
2127	2	Request Params - - - -
2128	2	Headers Content-Type application/json Mandatory -
2128	2	Body
2128	2	Response
2128	2	Post Endpoint Call All API's
2128	2	Supported Features NA
2128	3	37.5.1 Data Types of Request and Response
2128	2	Type Parameters Data Type Description
2128	2	ARCON PAM
2129	3	37.5.2 Code Blocks for ‘/SetDropService’
2129	2	Code For Javascript - Jquery Using AJAX
2129	2	Code For C# Using RestSharp
2130	2	Code For Java Using OkHttp
2130	2	Code For Python Using Requests
2130	2	37.6 SetSSHLinuxVault
2130	2	Type of Request POST
2130	2	Endpoint /api/ServiceCreation/SetSSHLinuxVault
2130	2	Version
2130	2	Release Version U4
2130	2	Pre Endpoint Call /arconToken
2130	2	Request Params - - - -
2131	2	Headers Content-Type application/json Mandatory -
2131	2	Body
2131	2	Response
2131	2	Post Endpoint Call None
2131	2	Supported Features NA
2131	3	37.6.1 Data Types of Request and Response
2131	2	Type Parameters Data Type Description
2131	2	ARCON PAM
2132	3	37.6.2 Code Blocks for ‘/SetSSHLinuxVault’
2132	2	Code For Javascript - Jquery Using AJAX
2132	2	JSON.stringify({"ServiceId":7021,"SSHKey":"TestKey1","PassPhrase":"","SSHKeyPath":""
2132	2	Code For C# Using RestSharp
2133	2	Code For Java Using OkHttp
2133	2	Code For Python Using Requests
2133	2	37.7 EnableService - DRAFT - Do not use
2133	3	37.7.1 Description
2133	2	Type of Request POST
2133	2	Endpoint /api/ServiceCreation/EnableService
2133	2	Version
2134	2	Release Version U4
2134	2	Pre Endpoint Call /arconToken
2134	2	Request Params - - - -
2134	2	Headers Content-Type application/json Mandatory -
2134	2	Body
2134	2	Response
2134	2	Post Endpoint Call None
2134	2	Supported Features NA
2134	3	37.7.1.1 Data Types of Request and Response
2134	2	Type Parameters Data Type Description
2134	2	ARCON PAM
2135	3	37.7.1.2 Code Blocks for ‘/EnableService’
2135	2	Code For JavaScript - jQuery Using AJAX
2135	2	Code For C# - RestSharp
2136	2	Code For Java - OkHttp
2136	2	Code For Python - Requests
2136	2	37.8 SetDeleteService - DRAFT - Do not use
2136	3	37.8.1 Description
2136	2	Type of Request POST
2136	2	Endpoint /api/ServiceCreation/SetDeleteService
2136	2	Version
2136	2	Release Version U3
2136	2	Pre Endpoint Call /arconToken
2136	2	Request Params - - - -
2136	2	Headers Content-Type application/json Mandatory -
2137	2	Body
2137	2	Response
2137	2	Post Endpoint Call All API's
2137	2	Supported Features NA
2137	3	37.8.1.1 Data Types of Request and Response
2137	2	Type Parameters Data Type Description
2137	2	ARCON PAM
2138	3	37.8.1.2 Code Blocks for ‘/SetDeleteService’
2138	2	Code For JavaScript - jQuery Using AJAX
2138	2	Code For C# - RestSharp
2139	2	Code For Java - OkHttp
2139	2	Code For Python - Requests
2139	2	37.9 SetDropService - DRAFT - Do not use
2139	3	37.9.1 Description
2139	2	Type of Request POST
2139	2	Endpoint /api/ServiceCreation/SetDropService
2139	2	Version
2139	2	Release Version U3
2139	2	Pre Endpoint Call /arconToken
2139	2	Request Params - - - -
2139	2	Headers Content-Type application/json Mandatory -
2140	2	Body
2140	2	Response
2140	2	"Message": "Disabled Successfully"
2140	2	Post Endpoint Call All API's
2140	2	Supported Features NA
2140	3	37.9.1.1 Data Types of Request and Response
2140	2	Type Parameters Data Type Description
2140	2	ARCON PAM
2141	3	37.9.1.2 Code Blocks for ‘/SetDropService’
2141	2	Code For Javascript - jQuery Using AJAX
2141	2	Code For C# - RestSharp
2142	2	Code For Java - OkHttp
2142	2	Code For Python Using Requests
2142	2	37.10 SetServiceDetails -DRAFT-Do not use
2142	3	37.10.1 Description
2142	2	Type of Request POST
2142	2	Endpoint /api/ServiceCreation/SetServiceDetails
2142	2	Version
2142	2	Release Version U3
2142	2	Pre Endpoint Call /arconToken
2142	2	Request Params - - - -
2142	2	Headers Content-Type application/json Mandatory -
2143	2	Body
2143	2	Response
2143	2	Post Endpoint Call All APIs
2144	2	Supported Features NA
2144	3	37.10.1.1 Data Types of Request and Response
2144	2	Type Parameters Data Type Description
2144	2	ARCON PAM
2144	2	ARCON PAM
2144	2	ARCON PAM
2144	2	ARCON PAM
2144	2	ARCON PAM
2144	2	AllowPasswordCha
2144	2	Vault_Password_Im
2144	2	ARCON PAM
2144	2	ARCON PAM
2145	2	Type Parameters Data Type Description
2145	2	ARCON PAM
2145	2	ARCON PAM
2145	2	ARCON PAM
2145	3	37.10.1.2 Code Blocks for ‘/SetServiceDetails’
2145	2	Code For Javascript - jQuery Using AJAX
2146	2	Code For C# - RestSharp
2147	2	Code For Java - OkHttp
2147	2	Code For Python - Requests
2147	2	37.11 SetSSHLinuxVault - DRAFT - Do not use
2147	3	37.11.1 Description
2147	2	Type of Request POST
2148	2	Endpoint /api/ServiceCreation/SetSSHLinuxVault
2148	2	Version
2148	2	Release Version U4
2148	2	Pre Endpoint Call /arconToken
2148	2	Request Params - - - -
2148	2	Headers Content-Type application/json Mandatory -
2148	2	Body
2148	2	Response
2148	2	Post Endpoint Call None
2148	2	Supported Features NA
2148	3	37.11.1.1 Data Types of Request and Response
2148	2	Type Parameters Data Type Description
2148	2	ARCON PAM
2149	2	Type Parameters Data Type Description
2149	3	37.11.1.2 Code Blocks for ‘/SetSSHLinuxVault’
2150	2	Code for C# - RestSharp
2150	2	Code for Java - OkHttp
2151	2	Code for Python - Requests
2151	2	37.12 UpdateServicePasswordConfiguration-DRAFT - Do not use
2151	3	37.12.1 Description
2151	2	Type of Request POST
2151	2	Endpoint /api/ServiceCreation/UpdateServicePasswordConfiguration
2151	2	Version
2151	2	Release Version U4
2151	2	Pre Endpoint Call /arconToken
2151	2	Request Params - - - -
2151	2	Headers Content-Type application/json Mandatory -
2152	2	Body
2163	2	Response
2171	2	Post Endpoint Call All APIs
2171	2	Supported Features NA
2171	3	37.12.1.1 Data Types of Request and Response
2171	2	Type Parameters Data Type Description
2171	3	37.12.1.2 Code Blocks for ‘/UpdateServicePasswordConfiguration’
2171	2	Code For Javascript - jQuery Using AJAX
2171	2	\"ServiceInstance\": \"\",  \r\n \"CustomCommand\": \"RAN GSM - NSN MSS\",  \r\n
2171	2	\"ServiceInstance\": \"\",  \r\n \"CustomCommand\": \"RAN GSM - NSN MSS\",  \r\n
2172	2	\"ServiceInstance\": \"\",  \r\n \"CustomCommand\": \"RAN GSM - NSN MSS\",  \r\n
2172	2	\"ServiceInstance\": \"\",  \r\n \"CustomCommand\": \"RAN GSM - NSN MSS\",  \r\n
2172	2	\"CustomCommand\": \"RAN GSM - NSN MSS\",  \r\n \"AllowPasswordChange\": true,  \r\n
2172	2	\"ServiceInstance\": \"\",  \r\n \"CustomCommand\": \"RAN GSM - NSN MSS\",  \r\n
2172	2	\"ServiceInstance\": \"\",  \r\n \"CustomCommand\": \"RAN GSM - NSN MSS\",  \r\n
2172	2	\"ServiceInstance\": \"\",  \r\n \"CustomCommand\": \"RAN GSM - NSN MSS\",  \r\n
2172	2	\"ServiceInstance\": \"\",  \r\n \"CustomCommand\": \"RAN GSM - NSN MSS\",  \r\n
2172	2	\"ServiceInstance\": \"\",  \r\n \"CustomCommand\": \"RAN GSM - NSN MSS\",  \r\n
2172	2	\"ServiceInstance\": \"\",  \r\n \"CustomCommand\": \"RAN GSM - NSN MSS\",  \r\n
2172	2	\"CustomCommand\": \"RAN GSM - NSN MSS\",  \r\n \"AllowPasswordChange\": true,  \r\n
2173	2	\"ServiceInstance\": \"\",  \r\n \"CustomCommand\": \"RAN GSM - NSN MSS\",  \r\n
2173	2	\"ServiceInstance\": \"\",  \r\n \"CustomCommand\": \"RAN GSM - NSN MSS\",  \r\n
2173	2	\"ServiceInstance\": \"\",  \r\n \"CustomCommand\": \"RAN GSM - NSN MSS\",  \r\n
2173	2	\"ServiceInstance\": \"\",  \r\n \"CustomCommand\": \"RAN GSM - NSN MSS\",  \r\n
2173	2	\"ServiceInstance\": \"\",  \r\n \"CustomCommand\": \"RAN GSM - NSN MSS\",  \r\n
2173	2	\"ServiceInstance\": \"\",  \r\n \"CustomCommand\": \"RAN GSM - NSN MSS\",  \r\n
2173	2	\"ServiceInstance\": \"\",  \r\n \"CustomCommand\": \"RAN GSM - NSN MSS\",  \r\n
2173	2	\"ServiceInstance\": \"\",  \r\n \"CustomCommand\": \"RAN GSM - NSN MSS\",  \r\n
2173	2	\"ServiceInstance\": \"\",  \r\n \"CustomCommand\": \"RAN GSM - NSN MSS\",  \r\n
2173	2	\"ServiceInstance\": \"\",  \r\n \"CustomCommand\": \"RAN GSM - NSN MSS\",  \r\n
2174	2	\"ServiceInstance\": \"\",  \r\n \"CustomCommand\": \"RAN GSM - NSN MSS\",  \r\n
2174	2	\"ServiceInstance\": \"\",  \r\n \"CustomCommand\": \"RAN GSM - NSN MSS\",  \r\n
2174	2	\"ServiceInstance\": \"\",  \r\n \"CustomCommand\": \"RAN GSM - NSN MSS\",  \r\n
2174	2	\"ServiceInstance\": \"\",  \r\n \"CustomCommand\": \"RAN GSM - NSN MSS\",  \r\n
2174	2	\"ServiceInstance\": \"\",  \r\n \"CustomCommand\": \"RAN GSM - NSN MSS\",  \r\n
2174	2	\"ServiceInstance\": \"\",  \r\n \"CustomCommand\": \"RAN GSM - NSN MSS\",  \r\n
2174	2	\"ServiceInstance\": \"\",  \r\n \"CustomCommand\": \"RAN GSM - NSN MSS\",  \r\n
2174	2	\"ServiceInstance\": \"\",  \r\n \"CustomCommand\": \"RAN GSM - NSN MSS\",  \r\n
2174	2	\"CustomCommand\": \"RAN GSM - NSN MSS\",  \r\n \"AllowPasswordChange\": true,  \r\n
2174	2	\"ServiceInstance\": \"\",  \r\n \"CustomCommand\": \"RAN GSM - NSN MSS\",  \r\n
2175	2	\"CustomCommand\": \"RAN GSM - NSN MSS\",  \r\n \"AllowPasswordChange\": true,  \r\n
2176	2	Code For C# - RestSharp
2197	2	Code For Java - OkHttp
2197	2	\"CustomCommand\": \"RAN GSM - NSN MSS\",  \r\n \"AllowPasswordChange\": true,  \r\n
2198	2	\"ServiceInstance\": \"\",  \r\n \"CustomCommand\": \"RAN GSM - NSN MSS\",  \r\n
2198	2	\"ServiceInstance\": \"\",  \r\n \"CustomCommand\": \"RAN GSM - NSN MSS\",  \r\n
2198	2	\"ServiceInstance\": \"\",  \r\n \"CustomCommand\": \"RAN GSM - NSN MSS\",  \r\n
2198	2	\"ServiceInstance\": \"\",  \r\n \"CustomCommand\": \"RAN GSM - NSN MSS\",  \r\n
2198	2	\"CustomCommand\": \"RAN GSM - NSN MSS\",  \r\n \"AllowPasswordChange\": true,  \r\n
2198	2	\"ServiceInstance\": \"\",  \r\n \"CustomCommand\": \"RAN GSM - NSN MSS\",  \r\n
2198	2	\"ServiceInstance\": \"\",  \r\n \"CustomCommand\": \"RAN GSM - NSN MSS\",  \r\n
2198	2	\"ServiceInstance\": \"\",  \r\n \"CustomCommand\": \"RAN GSM - NSN MSS\",  \r\n
2198	2	\"ServiceInstance\": \"\",  \r\n \"CustomCommand\": \"RAN GSM - NSN MSS\",  \r\n
2199	2	\"ServiceInstance\": \"\",  \r\n \"CustomCommand\": \"RAN GSM - NSN MSS\",  \r\n
2199	2	\"ServiceInstance\": \"\",  \r\n \"CustomCommand\": \"RAN GSM - NSN MSS\",  \r\n
2199	2	\"CustomCommand\": \"RAN GSM - NSN MSS\",  \r\n \"AllowPasswordChange\": true,  \r\n
2199	2	\"ServiceInstance\": \"\",  \r\n \"CustomCommand\": \"RAN GSM - NSN MSS\",  \r\n
2199	2	\"ServiceInstance\": \"\",  \r\n \"CustomCommand\": \"RAN GSM - NSN MSS\",  \r\n
2199	2	\"ServiceInstance\": \"\",  \r\n \"CustomCommand\": \"RAN GSM - NSN MSS\",  \r\n
2199	2	\"ServiceInstance\": \"\",  \r\n \"CustomCommand\": \"RAN GSM - NSN MSS\",  \r\n
2199	2	\"ServiceInstance\": \"\",  \r\n \"CustomCommand\": \"RAN GSM - NSN MSS\",  \r\n
2199	2	\"ServiceInstance\": \"\",  \r\n \"CustomCommand\": \"RAN GSM - NSN MSS\",  \r\n
2199	2	\"ServiceInstance\": \"\",  \r\n \"CustomCommand\": \"RAN GSM - NSN MSS\",  \r\n
2200	2	\"ServiceInstance\": \"\",  \r\n \"CustomCommand\": \"RAN GSM - NSN MSS\",  \r\n
2200	2	\"ServiceInstance\": \"\",  \r\n \"CustomCommand\": \"RAN GSM - NSN MSS\",  \r\n
2200	2	\"ServiceInstance\": \"\",  \r\n \"CustomCommand\": \"RAN GSM - NSN MSS\",  \r\n
2200	2	\"ServiceInstance\": \"\",  \r\n \"CustomCommand\": \"RAN GSM - NSN MSS\",  \r\n
2200	2	\"ServiceInstance\": \"\",  \r\n \"CustomCommand\": \"RAN GSM - NSN MSS\",  \r\n
2200	2	\"ServiceInstance\": \"\",  \r\n \"CustomCommand\": \"RAN GSM - NSN MSS\",  \r\n
2200	2	\"ServiceInstance\": \"\",  \r\n \"CustomCommand\": \"RAN GSM - NSN MSS\",  \r\n
2200	2	\"ServiceInstance\": \"\",  \r\n \"CustomCommand\": \"RAN GSM - NSN MSS\",  \r\n
2200	2	\"ServiceInstance\": \"\",  \r\n \"CustomCommand\": \"RAN GSM - NSN MSS\",  \r\n
2200	2	\"ServiceInstance\": \"\",  \r\n \"CustomCommand\": \"RAN GSM - NSN MSS\",  \r\n
2201	2	\"ServiceInstance\": \"\",  \r\n \"CustomCommand\": \"RAN GSM - NSN MSS\",  \r\n
2201	2	\"CustomCommand\": \"RAN GSM - NSN MSS\",  \r\n \"AllowPasswordChange\": true,  \r\n
2201	2	\"ServiceInstance\": \"\",  \r\n \"CustomCommand\": \"RAN GSM - NSN MSS\",  \r\n
2201	2	\"CustomCommand\": \"RAN GSM - NSN MSS\",  \r\n \"AllowPasswordChange\": true,  \r\n
2201	2	Code For Python - Requests
2202	2	\"ServiceInstance\": \"\",  \r\n \"CustomCommand\": \"RAN GSM - NSN MSS\",  \r\n
2202	2	\"ServiceInstance\": \"\",  \r\n \"CustomCommand\": \"RAN GSM - NSN MSS\",  \r\n
2202	2	\"ServiceInstance\": \"\",  \r\n \"CustomCommand\": \"RAN GSM - NSN MSS\",  \r\n
2202	2	\"ServiceInstance\": \"\",  \r\n \"CustomCommand\": \"RAN GSM - NSN MSS\",  \r\n
2202	2	\"CustomCommand\": \"RAN GSM - NSN MSS\",  \r\n \"AllowPasswordChange\": true,  \r\n
2202	2	\"ServiceInstance\": \"\",  \r\n \"CustomCommand\": \"RAN GSM - NSN MSS\",  \r\n
2202	2	\"ServiceInstance\": \"\",  \r\n \"CustomCommand\": \"RAN GSM - NSN MSS\",  \r\n
2202	2	\"ServiceInstance\": \"\",  \r\n \"CustomCommand\": \"RAN GSM - NSN MSS\",  \r\n
2202	2	\"ServiceInstance\": \"\",  \r\n \"CustomCommand\": \"RAN GSM - NSN MSS\",  \r\n
2203	2	\"ServiceInstance\": \"\",  \r\n \"CustomCommand\": \"RAN GSM - NSN MSS\",  \r\n
2203	2	\"ServiceInstance\": \"\",  \r\n \"CustomCommand\": \"RAN GSM - NSN MSS\",  \r\n
2203	2	\"CustomCommand\": \"RAN GSM - NSN MSS\",  \r\n \"AllowPasswordChange\": true,  \r\n
2203	2	\"ServiceInstance\": \"\",  \r\n \"CustomCommand\": \"RAN GSM - NSN MSS\",  \r\n
2203	2	\"ServiceInstance\": \"\",  \r\n \"CustomCommand\": \"RAN GSM - NSN MSS\",  \r\n
2203	2	\"ServiceInstance\": \"\",  \r\n \"CustomCommand\": \"RAN GSM - NSN MSS\",  \r\n
2203	2	\"ServiceInstance\": \"\",  \r\n \"CustomCommand\": \"RAN GSM - NSN MSS\",  \r\n
2203	2	\"ServiceInstance\": \"\",  \r\n \"CustomCommand\": \"RAN GSM - NSN MSS\",  \r\n
2203	2	\"ServiceInstance\": \"\",  \r\n \"CustomCommand\": \"RAN GSM - NSN MSS\",  \r\n
2204	2	\"ServiceInstance\": \"\",  \r\n \"CustomCommand\": \"RAN GSM - NSN MSS\",  \r\n
2204	2	\"ServiceInstance\": \"\",  \r\n \"CustomCommand\": \"RAN GSM - NSN MSS\",  \r\n
2204	2	\"ServiceInstance\": \"\",  \r\n \"CustomCommand\": \"RAN GSM - NSN MSS\",  \r\n
2204	2	\"ServiceInstance\": \"\",  \r\n \"CustomCommand\": \"RAN GSM - NSN MSS\",  \r\n
2204	2	\"ServiceInstance\": \"\",  \r\n \"CustomCommand\": \"RAN GSM - NSN MSS\",  \r\n
2204	2	\"ServiceInstance\": \"\",  \r\n \"CustomCommand\": \"RAN GSM - NSN MSS\",  \r\n
2204	2	\"ServiceInstance\": \"\",  \r\n \"CustomCommand\": \"RAN GSM - NSN MSS\",  \r\n
2204	2	\"ServiceInstance\": \"\",  \r\n \"CustomCommand\": \"RAN GSM - NSN MSS\",  \r\n
2204	2	\"ServiceInstance\": \"\",  \r\n \"CustomCommand\": \"RAN GSM - NSN MSS\",  \r\n
2204	2	\"ServiceInstance\": \"\",  \r\n \"CustomCommand\": \"RAN GSM - NSN MSS\",  \r\n
2204	2	\"ServiceInstance\": \"\",  \r\n \"CustomCommand\": \"RAN GSM - NSN MSS\",  \r\n
2205	2	\"ServiceInstance\": \"\",  \r\n \"CustomCommand\": \"RAN GSM - NSN MSS\",  \r\n
2205	2	\"CustomCommand\": \"RAN GSM - NSN MSS\",  \r\n \"AllowPasswordChange\": true,  \r\n
2205	2	\"ServiceInstance\": \"\",  \r\n \"CustomCommand\": \"RAN GSM - NSN MSS\",  \r\n
2205	2	\"CustomCommand\": \"RAN GSM - NSN MSS\",  \r\n \"AllowPasswordChange\": true,  \r\n
2206	1	38 ServicePassword - DRAFT - Do not use
2206	2	38.1 Overview
2206	2	38.2 GetServiceType - DRAFT - Do not use
2206	3	38.2.1 Description
2206	2	Type of Request POST
2206	2	Endpoint /api/ServicePassword/GetServiceType
2206	2	Version
2206	2	Release Version U4
2206	2	Pre Endpoint Call /arconToken
2206	2	Request Params - - - -
2206	2	Headers Content-Type application/json Mandatory -
2206	2	Body
2207	2	Response
2207	2	"ServiceTypeName": "Amazon Web Services (AWS)"
2207	2	"ServiceTypeName": "App  Netnumen IPRAN BSD"
2207	2	"ServiceTypeName": "App 3Par Mgmt"
2207	2	"ServiceTypeName": "App AbInitioGDE"
2207	2	"ServiceTypeName": "App AbleFTP11"
2207	2	"ServiceTypeName": "App AccopsHyWorks"
2207	2	"ServiceTypeName": "App Account and Voucher Info Manager"
2207	2	"ServiceTypeName": "App ADVA Optical Networking Ensemble
2207	2	Controller Client"
2207	2	"ServiceTypeName": "App ADVA Optical Networking FSP
2207	2	Network Manager Client"
2207	2	"ServiceTypeName": "App ADVAOpticalNetworking"
2207	2	"ServiceTypeName": "App Air Rating Manager"
2208	2	"ServiceTypeName": "App Air Signaling Manager"
2208	2	"ServiceTypeName": "App AMDOCS CRM"
2208	2	"ServiceTypeName": "App ArcSight Console"
2208	2	"ServiceTypeName": "App ASE Client"
2208	2	"ServiceTypeName": "App Attachmate Reflection"
2208	2	"ServiceTypeName": "App Avamar DataCenter"
2208	2	"ServiceTypeName": "App Avamar Location"
2208	2	"ServiceTypeName": "App Avaya CMS Supervisor"
2208	2	"ServiceTypeName": "App Avaya Site Administration"
2208	2	"ServiceTypeName": "App Aventail VPN Connection"
2208	2	"ServiceTypeName": "App AWS CLI"
2208	2	"ServiceTypeName": "App Azure Blob Storage"
2209	2	"ServiceTypeName": "App Barracuda Firewall Admin "
2209	2	"ServiceTypeName": "App Benthic DB Tool"
2209	2	"ServiceTypeName": "App BlueCoat Proxy"
2209	2	"ServiceTypeName": "App BMC Client"
2209	2	"ServiceTypeName": "App Brocade Switch - Browser"
2209	2	"ServiceTypeName": "App Bsclogcol"
2209	2	"ServiceTypeName": "App Calix MS"
2209	2	"ServiceTypeName": "App Call Manager"
2209	2	"ServiceTypeName": "App Cassandra DB"
2209	2	"ServiceTypeName": "App Ceragon Netmaster"
2209	2	"ServiceTypeName": "App CeraMap - PolyView"
2209	2	"ServiceTypeName": "App CG Cluster ZTE MSC"
2209	2	"ServiceTypeName": "App Check Point"
2210	2	"ServiceTypeName": "App Ciena5400PocketOticalNodeManager"
2210	2	"ServiceTypeName": "App CienaCoreDirectorNodeManager"
2210	2	"ServiceTypeName": "App Cisco ASDM"
2210	2	"ServiceTypeName": "App Cisco CSM"
2210	2	"ServiceTypeName": "App Cisco Device Manager"
2210	2	"ServiceTypeName": "App Cisco Network Assistant"
2210	2	"ServiceTypeName": "App Cisco Stealthwatch"
2210	2	"ServiceTypeName": "App Citrix NETM Application Set"
2210	2	"ServiceTypeName": "App Citrix Smart Launcher"
2210	2	"ServiceTypeName": "App Citrix XenApp"
2210	2	"ServiceTypeName": "App Citrix XenCenter"
2210	2	"ServiceTypeName": "App ClarifyClient"
2210	2	"ServiceTypeName": "App Clear Case Remote Client"
2210	2	"ServiceTypeName": "App CMD DBConnect"
2211	2	"ServiceTypeName": "App CMDER"
2211	2	"ServiceTypeName": "App Cognos Transformer"
2211	2	"ServiceTypeName": "App Commander EMS"
2211	2	"ServiceTypeName": "App CommanVault"
2211	2	"ServiceTypeName": "App Comverse Customer Care Client"
2211	2	"ServiceTypeName": "App Coriant TNMS"
2211	2	"ServiceTypeName": "App Corona Workbench"
2211	2	"ServiceTypeName": "App Cyberduck"
2211	2	"ServiceTypeName": "App Cyberduck"
2211	2	"ServiceTypeName": "App DameWare"
2211	2	"ServiceTypeName": "App Data Flux"
2211	2	"ServiceTypeName": "App Data Management Studio"
2211	2	"ServiceTypeName": "App Dbeaver"
2212	2	"ServiceTypeName": "App Dbeaver SSH Tunnel"
2212	2	"ServiceTypeName": "App DBVisualizer"
2212	2	"ServiceTypeName": "App Dell Storage Manager Client"
2212	2	"ServiceTypeName": "App EFT Enterprise"
2212	2	"ServiceTypeName": "App EgoSecure"
2212	2	"ServiceTypeName": "App Embarcadero DBArtisan"
2212	2	"ServiceTypeName": "App EMC Networker"
2212	2	"ServiceTypeName": "App Enterprise Manager Console -
2212	2	Oracle"
2212	2	"ServiceTypeName": "App Ericsson"
2212	2	"ServiceTypeName": "App Ericsson CCN CM Browser"
2212	2	"ServiceTypeName": "App Ericsson CCN Manager"
2213	2	"ServiceTypeName": "App Ericsson CNN SS7 Configuration"
2213	2	"ServiceTypeName": "App Ericsson CNN TelORB Manager"
2213	2	"ServiceTypeName": "App ERICSSON EMC VNX"
2213	2	"ServiceTypeName": "App Ericsson Online Charging Control"
2213	2	"ServiceTypeName": "App Exceed XDMCP Query"
2213	2	"ServiceTypeName": "App Extra Enterprise 2000"
2213	2	"ServiceTypeName": "App FIC Sml300"
2213	2	"ServiceTypeName": "App FileZilla"
2213	2	"ServiceTypeName": "App Flow Manager"
2213	2	"ServiceTypeName": "App Forescout"
2213	2	"ServiceTypeName": "App ForeScout CounterACT Admin"
2213	2	"ServiceTypeName": "App FortiClient"
2213	2	"ServiceTypeName": "App Framework Manager"
2214	2	"ServiceTypeName": "App Garuda Master"
2214	2	"ServiceTypeName": "App GO Global - Alcatel"
2214	2	"ServiceTypeName": "App GoGlobal"
2214	2	"ServiceTypeName": "App GoGlobal LightSOFT"
2214	2	"ServiceTypeName": "App Golden"
2214	2	"ServiceTypeName": "App Gosi JDevloper"
2214	2	"ServiceTypeName": "App Goverlan Remote Control"
2214	2	"ServiceTypeName": "App HeidiSQL"
2214	2	"ServiceTypeName": "App Hit 3 Tool"
2214	2	"ServiceTypeName": "App HIT 3 Tool QAL"
2214	2	"ServiceTypeName": "App HMC - Browser"
2214	2	"ServiceTypeName": "App Huawei Airbridge"
2214	2	"ServiceTypeName": "App Huawei Cloud LMT"
2215	2	"ServiceTypeName": "App Huawei HLR SMU"
2215	2	"ServiceTypeName": "App Huawei LMT Client"
2215	2	"ServiceTypeName": "App Huawei LMT Client - OMS2600"
2215	2	"ServiceTypeName": "App Huawei LMT UGC"
2215	2	"ServiceTypeName": "App Huawei MGW LMT"
2215	2	"ServiceTypeName": "App Huawei MSS LMT"
2215	2	"ServiceTypeName": "App Huawei MSuite"
2215	2	"ServiceTypeName": "App Huawei OAMClient"
2215	2	"ServiceTypeName": "App Huawei SAU PMS"
2215	2	"ServiceTypeName": "App Huawei Service SMAP"
2216	2	"ServiceTypeName": "App Huawei System Monitor"
2216	2	"ServiceTypeName": "App Huawei System SMAP"
2216	2	"ServiceTypeName": "App HuaweiNavigator7"
2216	2	"ServiceTypeName": "App IBM Access Client Solutions"
2216	2	"ServiceTypeName": "App IBM Administrator Client"
2216	2	"ServiceTypeName": "App IBM BigFix Console"
2216	2	"ServiceTypeName": "App IBM Console - Browser"
2216	2	"ServiceTypeName": "App IBM Data Studio"
2216	2	"ServiceTypeName": "App IBM DB2 Client"
2216	2	"ServiceTypeName": "App IBM Designer Client"
2216	2	"ServiceTypeName": "App IBM Director Client"
2216	2	"ServiceTypeName": "App IBM Notes - Lotus"
2216	2	"ServiceTypeName": "App IBM Proventia SiteProtector"
2217	2	"ServiceTypeName": "App IBM Rational ClearCase"
2217	2	"ServiceTypeName": "App IBM Rational ClearQuest"
2217	2	"ServiceTypeName": "App IBM SAS Data Integration Studio"
2217	2	"ServiceTypeName": "App IBM SAS Enterprise Guide"
2217	2	"ServiceTypeName": "App IBM SAS Management Console"
2217	2	"ServiceTypeName": "App IBM SAS Workflow Studio"
2217	2	"ServiceTypeName": "App IBM TotalStorage Productivity
2217	2	Center"
2217	2	"ServiceTypeName": "App IBM WIntegrate"
2217	2	"ServiceTypeName": "App ICB"
2217	2	"ServiceTypeName": "App Infinera"
2217	2	"ServiceTypeName": "App Informatica Designer"
2217	2	"ServiceTypeName": "App Informatica Manager"
2218	2	"ServiceTypeName": "App Informatica Monitor"
2218	2	"ServiceTypeName": "App Informatica Repository"
2218	2	"ServiceTypeName": "App Inter MediatE"
2218	2	"ServiceTypeName": "App ITC Client"
2218	2	"ServiceTypeName": "App Jasper Tool"
2218	2	"ServiceTypeName": "App JavaDecompiler"
2218	2	"ServiceTypeName": "App Juniper Networks - NSM"
2218	2	"ServiceTypeName": "App JXplorer"
2218	2	"ServiceTypeName": "App Kaspersky Security Center Console"
2218	2	"ServiceTypeName": "App KCMLClient"
2218	2	"ServiceTypeName": "App KVM Switch - Browser"
2218	2	"ServiceTypeName": "App KVM Switch - SSH2"
2219	2	"ServiceTypeName": "App Laragon"
2219	2	"ServiceTypeName": "App LaunchAnywhere"
2219	2	"ServiceTypeName": "App Lens "
2219	2	"ServiceTypeName": "App LogRhythm Console"
2219	2	"ServiceTypeName": "App Lotus Domino"
2219	2	"ServiceTypeName": "App Maria DB"
2219	2	"ServiceTypeName": "App Maven"
2219	2	"ServiceTypeName": "App McAfee Proxy"
2219	2	"ServiceTypeName": "App Mcafee Stone Soft"
2219	2	"ServiceTypeName": "App MDS Switch- JAVA Client"
2219	2	"ServiceTypeName": "App MetaView Explorer"
2219	2	"ServiceTypeName": "App Microsoft DynamicsNAV Client"
2219	2	"ServiceTypeName": "App Microsoft LAPS"
2220	2	"ServiceTypeName": "App Microsoft SCCM"
2220	2	"ServiceTypeName": "App Microsoft SplashBI"
2220	2	"ServiceTypeName": "App Microsoft Visual Studio"
2220	2	"ServiceTypeName": "App MiniLink Craft"
2220	2	"ServiceTypeName": "App MobaXterm"
2220	2	"ServiceTypeName": "App MochaSoft"
2220	2	"ServiceTypeName": "App MongoDb Studio3T"
2220	2	"ServiceTypeName": "App MR - WIN6530"
2220	2	"ServiceTypeName": "App Multi Mediation"
2220	2	"ServiceTypeName": "App MySQL Administrator"
2220	2	"ServiceTypeName": "App Mysql Connector"
2220	2	"ServiceTypeName": "App MySql DreamCoder"
2220	2	"ServiceTypeName": "App MySQL Work Bench"
2220	2	"ServiceTypeName": "App NetExtender GUI"
2221	2	"ServiceTypeName": "App NetHorizhon Telecom Device"
2221	2	"ServiceTypeName": "App Netman 4000"
2221	2	"ServiceTypeName": "App Netnuman ZTE CDMA - BSC"
2221	2	"ServiceTypeName": "App Netnuman ZTE CDMA - EMS"
2221	2	"ServiceTypeName": "App Netnuman ZTE CDMA - GMGW"
2221	2	"ServiceTypeName": "App Netnuman ZTE CDMA - GMSC"
2221	2	"ServiceTypeName": "App Netnuman ZTE CDMA - MGW"
2221	2	"ServiceTypeName": "App Netnuman ZTE CDMA - MSC"
2221	2	"ServiceTypeName": "App Netnuman ZTE CDMA - POMC"
2221	2	"ServiceTypeName": "App Netnuman ZTE GSM - BSC"
2221	2	"ServiceTypeName": "App Netnuman ZTE GSM - EMS"
2221	2	"ServiceTypeName": "App Netnuman ZTE GSM - MGW"
2221	2	"ServiceTypeName": "App Netnuman ZTE GSM - MINOS"
2222	2	"ServiceTypeName": "App Netnuman ZTE GSM - MSC"
2222	2	"ServiceTypeName": "App Netnuman ZTE GSM - NGN"
2222	2	"ServiceTypeName": "App Netnuman ZTE GSM - UGMSC"
2222	2	"ServiceTypeName": "App Netnumen - HLR"
2222	2	"ServiceTypeName": "App Netnumen - HLRAgent"
2222	2	"ServiceTypeName": "App Netnumen - HLREMS"
2222	2	"ServiceTypeName": "App Netnumen - HLRIQT"
2222	2	"ServiceTypeName": "App Nokia Bsc Bmt Tool"
2222	2	"ServiceTypeName": "App Nokia MS"
2222	2	"ServiceTypeName": "App NoSQLBooster"
2222	2	"ServiceTypeName": "App NotepadPlus"
2222	2	"ServiceTypeName": "App Novatek"
2222	2	"ServiceTypeName": "App NSCC-NCMS Client"
2223	2	"ServiceTypeName": "App NTSWincash Logistics"
2223	2	"ServiceTypeName": "App Nutanix Cli"
2223	2	"ServiceTypeName": "App Nutanix Web"
2223	2	"ServiceTypeName": "App OCEEMS Authentication"
2223	2	"ServiceTypeName": "App OdinDietClient"
2223	2	"ServiceTypeName": "App On-Center"
2223	2	"ServiceTypeName": "App Online Charging Control"
2223	2	"ServiceTypeName": "App Oracle BI Administration"
2223	2	"ServiceTypeName": "App Oracle Data Integrator"
2223	2	"ServiceTypeName": "App Oracle Discoverer"
2223	2	"ServiceTypeName": "App Oracle EBS"
2223	2	"ServiceTypeName": "App Oracle Forms Builder"
2223	2	"ServiceTypeName": "App Oracle JDEdwardsEnterpriseOne"
2224	2	"ServiceTypeName": "App Oracle Workflow Builder"
2224	2	"ServiceTypeName": "App OracleJdeveloperStudio"
2224	2	"ServiceTypeName": "App OutsideView"
2224	2	"ServiceTypeName": "App Packet Logic Client"
2224	2	"ServiceTypeName": "App PCOM"
2224	2	"ServiceTypeName": "App PeopleTools 8.56"
2224	2	"ServiceTypeName": "App PgAdmin PostgreSQL"
2224	2	"ServiceTypeName": "App PgAdmin4PostgreDB"
2224	2	"ServiceTypeName": "App PLSQL Developer - Oracle"
2224	2	"ServiceTypeName": "App Portal Internal Administration -
2224	2	Browser"
2224	2	"ServiceTypeName": "App PowerShellISE"
2224	2	"ServiceTypeName": "App Raid"
2224	2	"ServiceTypeName": "App Rapid SQL"
2225	2	"ServiceTypeName": "App ReadyAPI"
2225	2	"ServiceTypeName": "App RECC Offer-manager"
2225	2	"ServiceTypeName": "App ReceiveSmpp"
2225	2	"ServiceTypeName": "App Redknee Convergent Mediation
2225	2	Engine"
2225	2	"ServiceTypeName": "App Redknee Offer Manager"
2225	2	"ServiceTypeName": "App ReflectionX"
2225	2	"ServiceTypeName": "App Robo 3T"
2225	2	"ServiceTypeName": "App SAN Storage Switch"
2225	2	"ServiceTypeName": "App SAN Switch"
2225	2	"ServiceTypeName": "App SAP BO"
2225	2	"ServiceTypeName": "App SAP Logon"
2225	2	"ServiceTypeName": "App Sap MaxDB"
2225	2	"ServiceTypeName": "App SAPHana"
2226	2	"ServiceTypeName": "App SDP Management Application"
2226	2	"ServiceTypeName": "App SDP Rating Management Application"
2226	2	"ServiceTypeName": "App SDP Signaling Manager"
2226	2	"ServiceTypeName": "App Secure Shell Client"
2226	2	"ServiceTypeName": "App SecureCRT"
2226	2	"ServiceTypeName": "App SendSmpp"
2226	2	"ServiceTypeName": "App Siebel Tool"
2226	2	"ServiceTypeName": "App SingleView"
2226	2	"ServiceTypeName": "App SiteManager"
2226	2	"ServiceTypeName": "App SkyBox Firewall Assurance "
2226	2	"ServiceTypeName": "App SmarTerm - SSH2"
2226	2	"ServiceTypeName": "App SmarTerm - Telnet"
2226	2	"ServiceTypeName": "App SMC Force Point"
2226	2	"ServiceTypeName": "App SoapUI"
2227	2	"ServiceTypeName": "App SoapUI"
2227	2	"ServiceTypeName": "App SolaceRouter"
2227	2	"ServiceTypeName": "App Sonicwall RAP"
2227	2	"ServiceTypeName": "App SQL Advantage"
2227	2	"ServiceTypeName": "App SQL Developer - Oracle"
2227	2	"ServiceTypeName": "App SQL Navigator"
2227	2	"ServiceTypeName": "App SQL Tools"
2227	2	"ServiceTypeName": "App SqlDbx"
2227	2	"ServiceTypeName": "App SQuirreL SQL Client"
2227	2	"ServiceTypeName": "App SSREQ "
2227	2	"ServiceTypeName": "App STS"
2227	2	"ServiceTypeName": "App SUPK_190"
2228	2	"ServiceTypeName": "App Sybase Central"
2228	2	"ServiceTypeName": "App Symantec - Procomm Plus"
2228	2	"ServiceTypeName": "App Symantec Endpoint Protection
2228	2	Manager"
2228	2	"ServiceTypeName": "App Tableau Amazon Redshift"
2228	2	"ServiceTypeName": "App Tableau Oracle"
2228	2	"ServiceTypeName": "App Tableau Prep"
2228	2	"ServiceTypeName": "App Tera Data"
2228	2	"ServiceTypeName": "App Tera Term - T24"
2228	2	"ServiceTypeName": "App Teradata Administrator"
2228	2	"ServiceTypeName": "App TeraTerm"
2228	2	"ServiceTypeName": "App Thick Client"
2228	2	"ServiceTypeName": "App TippingPoint SMS Client"
2228	2	"ServiceTypeName": "App TJ5100 EMS"
2229	2	"ServiceTypeName": "App Tn-3270"
2229	2	"ServiceTypeName": "APP TNMS Infinera"
2229	2	"ServiceTypeName": "App Toad - DB2"
2229	2	"ServiceTypeName": "App Toad - Oracle"
2229	2	"ServiceTypeName": "App TortoiseSVN Client"
2229	2	"ServiceTypeName": "App Trade Finance"
2229	2	"ServiceTypeName": "App TSSKeyManager"
2229	2	"ServiceTypeName": "App Turin Network"
2229	2	"ServiceTypeName": "App UAExpert"
2229	2	"ServiceTypeName": "App Ultra VNC"
2229	2	"ServiceTypeName": "App UNIX GUI"
2229	2	"ServiceTypeName": "App UNM2000"
2230	2	"ServiceTypeName": "App Vanu EMS"
2230	2	"ServiceTypeName": "App Veeam ONE Monitor"
2230	2	"ServiceTypeName": "APP VERITAS NETBACKUP"
2230	2	"ServiceTypeName": "App Vmware Horizon"
2230	2	"ServiceTypeName": "App VMwareHorizon"
2230	2	"ServiceTypeName": "App VNC"
2230	2	"ServiceTypeName": "App VS Code"
2230	2	"ServiceTypeName": "App VSCode"
2230	2	"ServiceTypeName": "App Way4"
2230	2	"ServiceTypeName": "App Web Browser"
2230	2	"ServiceTypeName": "App Win FIOL"
2231	2	"ServiceTypeName": "App Winclient Application"
2231	2	"ServiceTypeName": "App WinSCP"
2231	2	"ServiceTypeName": "App X-RDP"
2231	2	"ServiceTypeName": "App Xbrowser for Xmanager XDMCP"
2231	2	"ServiceTypeName": "App Xftp"
2231	2	"ServiceTypeName": "App Xming"
2231	2	"ServiceTypeName": "App Xshell"
2231	2	"ServiceTypeName": "App XStart"
2231	2	"ServiceTypeName": "App ZTE Licence Center"
2231	2	"ServiceTypeName": "App ZTE ZXSS10 SS Management"
2231	2	"ServiceTypeName": "ARCON Desk Insight"
2231	2	"ServiceTypeName": "AWS CLI"
2232	2	"ServiceTypeName": "DB2 QA"
2232	2	"ServiceTypeName": "DMZ SSH Linux"
2232	2	"ServiceTypeName": "DMZ SSH Telnet"
2232	2	"ServiceTypeName": "DMZ Windows RDP"
2232	2	"ServiceTypeName": "IBM AS 390"
2232	2	"ServiceTypeName": "IBM AS 400"
2232	2	"ServiceTypeName": "IBM Z/OS"
2232	2	"ServiceTypeName": "Microsoft Dynamics"
2232	2	"ServiceTypeName": "Microsoft Navision"
2233	2	"ServiceTypeName": "MS SQL EM - Local"
2233	2	"ServiceTypeName": "MS SQL EM - RDP"
2233	2	"ServiceTypeName": "MS SQL QA"
2233	2	"ServiceTypeName": "MySQL QA"
2233	2	"ServiceTypeName": "NAC Devices"
2233	2	"ServiceTypeName": "NonInteractive Digital Identity"
2233	2	"ServiceTypeName": "Oracle QA"
2233	2	"ServiceTypeName": "SSH Azure CLI"
2233	2	"ServiceTypeName": "SSH Azure CLI DB"
2233	2	"ServiceTypeName": "SSH Cassandra DB"
2233	2	"ServiceTypeName": "SSH Firewall"
2233	2	"ServiceTypeName": "SSH GCP Artifacts"
2234	2	"ServiceTypeName": "SSH GCP CLI"
2234	2	"ServiceTypeName": "SSH GCP GKE"
2234	2	"ServiceTypeName": "SSH LINUX"
2234	2	"ServiceTypeName": "SSH MongoDb"
2234	2	"ServiceTypeName": "SSH Mysql"
2234	2	"ServiceTypeName": "SSH OpenShift"
2234	2	"ServiceTypeName": "SSH Oracle Gui"
2234	2	"ServiceTypeName": "SSH Oracle SQLPlus"
2234	2	"ServiceTypeName": "SSH PostgreSQL"
2234	2	"ServiceTypeName": "SSH Redis CLI"
2234	2	"ServiceTypeName": "SSH Redis DB"
2234	2	"ServiceTypeName": "SSH Router"
2235	2	"ServiceTypeName": "SSH Switch"
2235	2	"ServiceTypeName": "SSH Sybase ISQL"
2235	2	"ServiceTypeName": "SSH Telnet"
2235	2	"ServiceTypeName": "SSH TEMENOS "
2235	2	"ServiceTypeName": "SSH UNIX"
2235	2	"ServiceTypeName": "Sybase QA"
2235	2	"ServiceTypeName": "Telnet Juniper Router J2300"
2235	2	"ServiceTypeName": "Telnet Juniper Router SSG 20"
2235	2	"ServiceTypeName": "Telnet ROUTER"
2235	2	"ServiceTypeName": "Telnet Switch"
2235	2	"ServiceTypeName": "Windows RDP"
2235	2	Post Endpoint Call None
2236	2	Supported Features NA
2236	3	38.2.1.1 Data Types of Request and Response
2236	2	Type Parameters Data Type Description
2236	2	ARCON PAM
2236	3	38.2.1.2 Code Blocks for ‘/GetServiceType’
2236	2	Code For JavaScript - jQuery Using AJAX
2237	2	Code For C# - RestSharp
2237	2	Code For Java - OkHttp
2238	2	Code For Python - Requests
2238	2	38.3 GetAllTargetTypes - DRAFT - Do not use
2238	3	38.3.1 Description
2238	2	Type of Request GET
2238	2	Endpoint /api/ServicePassword/GetAllTargetTypes
2238	2	Version
2238	2	Release Version U3
2238	2	Pre Endpoint Call /arconToken
2238	2	Request Params - - - -
2238	2	Headers Content-Type application/json Mandatory -
2238	2	Body
2239	2	Response
2239	2	Post Endpoint Call All API's
2239	2	Supported Features NA
2239	3	38.3.1.1 Data Types of Request and Response
2239	2	Type Parameters Data Type Description
2239	2	ARCON PAM
2240	3	38.3.1.2 Code Blocks for ‘/GetAllTargetTypes’
2240	2	Code For JavaScript - jQuery Using AJAX
2240	2	Code For C# - RestSharp
2240	2	Code For Java - OkHttp
2241	2	Code For Python Using Requests
2241	2	38.4 GetTargetDevicePassKey - DRAFT - Do not use
2241	3	38.4.1 Description
2241	2	Type of Request POST
2241	2	Endpoint /api/ServicePassword/GetTargetDevicePassKey
2241	2	Version
2241	2	Release Version U3
2241	2	Pre Endpoint Call /arconToken
2241	2	Request Params - - - -
2241	2	Headers Content-Type application/json Mandatory -
2242	2	Body
2242	2	Response
2242	2	Post Endpoint Call All API's
2242	2	Supported Features NA
2243	3	38.4.1.1 Data Types of Request and Response
2243	2	Type Parameters Data Type Description
2243	2	ARCON PAM
2243	3	38.4.1.2 Code Blocks for ‘/GetTargetDevicePassKey’
2243	2	Code For JavaScript - jQuery Using AJAX
2244	2	Code For C# - RestSharp
2245	2	Code For Java - OkHttp
2245	2	GetTargetDevicePassKey")
2245	2	Code For Python Using Requests
2245	2	38.5 GetSingleTargetDevicePassKey -DRAFT-Do not use
2245	3	38.5.1 Description
2245	2	Type of Request POST
2245	2	Endpoint /api/ServicePassword/GetSingleTargetDevicePassKey
2246	2	Version
2246	2	Release Version U3
2246	2	Pre Endpoint Call /arconToken
2246	2	Request Params - - - -
2246	2	Headers Content-Type application/json Mandatory -
2246	2	Body
2246	2	Response
2246	2	Post Endpoint Call All APIs
2246	2	Supported Features NA
2247	3	38.5.1.1 Data Types of Request and Response
2247	2	Type Parameters Data Type Description
2247	2	ARCON PAM
2247	2	ARCON PAM
2247	2	ARCON PAM
2247	2	ARCON PAM
2247	2	ARCON PAM
2247	2	AllowPasswordCha
2247	2	Vault_Password_Im
2247	2	ARCON PAM
2247	2	ARCON PAM
2248	2	Type Parameters Data Type Description
2248	2	ARCON PAM
2248	2	ARCON PAM
2248	2	ARCON PAM
2248	3	38.5.1.2 Code Blocks for ‘/GetSingleTargetDevicePassKey’
2248	2	Code For JavaScript - jQuery Using AJAX
2249	2	Code For C# - RestSharp
2249	2	Code For Java - OkHttp
2249	2	GetSingleTargetDevicePassKey")
2250	2	Code For Python - Requests
2250	2	GetSingleTargetDevicePassKey"
2250	2	38.6 GetTargetDevicePassKeyByID - DRAFT - Do not use
2250	3	38.6.1 Description
2250	2	Type of Request POST
2250	2	Endpoint /api/ServicePassword/GetTargetDevicePassKeyByID
2250	2	Version
2250	2	Release Version U4
2250	2	Pre Endpoint Call /arconToken
2250	2	Request Params - - - -
2250	2	Headers Content-Type application/json Mandatory -
2250	2	Body
2251	2	Response
2251	2	Post Endpoint Call None
2251	2	Supported Features NA
2251	3	38.6.1.1 Data Types of Request and Response
2251	2	Type Parameters Data Type Description
2251	2	ARCON PAM
2252	3	38.6.1.2 Code Blocks for ‘/GetTargetDevicePassKeyByID’
2252	2	Code for C# - RestSharp
2253	2	Code for Java - OkHttp
2253	2	Code for Python - Requests
2253	2	38.7 GetServicePassword - DRAFT - Do not use
2253	3	38.7.1 Description
2253	2	Type of Request POST
2253	2	Endpoint /api/ServicePassword/GetServicePassword
2253	2	Version
2253	2	Release Version U4
2253	2	Pre Endpoint Call /arconToken
2253	2	Request Params - - - -
2253	2	Headers Content-Type application/json Mandatory -
2254	2	Body
2254	2	Response
2254	2	Post Endpoint Call All APIs
2254	2	Supported Features NA
2254	3	38.7.1.1 Data Types of Request and Response
2254	2	Type Parameters Data Type Description
2255	3	38.7.1.2 Code Blocks for ‘/GetServicePassword’
2255	2	Code For JavaScript - jQuery Using AJAX
2255	2	Code For C# - RestSharp
2256	2	Code For Java - OkHttp
2256	2	Code For Python - Requests
2256	2	38.8 GetPasswordWithoutIP - DRAFT - Do not use
2256	3	38.8.1 Description
2256	2	Type of Request POST
2256	2	Endpoint /api/ServicePassword/GetPasswordWithoutIP
2256	2	Version
2256	2	Release Version U4
2256	2	Pre Endpoint Call /arconToken
2256	2	Request Params - - - -
2257	2	Headers Content-Type application/json Mandatory -
2257	2	Body
2257	2	Response
2257	2	Post Endpoint Call All APIs
2257	2	Supported Features NA
2258	3	38.8.1.1 Data Types of Request and Response
2258	2	Type Parameters Data Type Description
2258	3	38.8.1.2 Code Blocks for ‘/GetPasswordWithoutIP’
2258	2	Code For JavaScript - jQuery Using AJAX
2259	2	Code For C# - RestSharp
2260	2	Code For Java - OkHttp
2260	2	Code For Python - Requests
2261	1	39 ServicePasswordDependancy
2261	2	39.1 SetServicepwdDependancy
2261	2	Type of Request POST
2261	2	Endpoint /api/ServicePasswordDependancy/SetServicepwdDependancy
2261	2	Version
2261	2	Release Version U3
2261	2	Pre Endpoint Call /arconToken
2261	2	Request Params - - - -
2261	2	Headers Content-Type application/json Mandatory -
2261	2	Body
2261	2	Response
2261	2	"ResultMessage": "Password Dependancy Set Successfully"
2262	2	Post Endpoint Call All API's
2262	2	Supported Features NA
2262	3	39.1.1 Data Types of Request and Response
2262	2	Type Parameters Data Type Description
2262	3	39.1.2 Code Blocks for ‘/SetServicepwdDependancy’
2262	2	Code For Javascript - Jquery Using AJAX
2263	2	Code For C# Using RestSharp
2263	2	Code For Java Using OkHttp
2263	2	SetServicepwdDependancy")
2264	2	Code For Python Using Requests
2264	2	SetServicepwdDependancy"
2264	2	39.2 RemoveServicepwdDependancy
2264	2	Type of Request POST
2264	2	Endpoint /api/ServicePasswordDependancy/RemoveServicepwdDependancy
2264	2	Version
2264	2	Release Version U3
2264	2	Pre Endpoint Call /arconToken
2264	2	Request Params - - - -
2264	2	Headers Content-Type application/json Mandatory -
2264	2	Body
2265	2	Response
2265	2	"ResultMessage": "Password Dependancy Removed Successfully"
2265	2	Post Endpoint Call All API's
2265	2	Supported Features NA
2265	3	39.2.1 Data Types of Request and Response
2265	2	Type Parameters Data Type Description
2266	3	39.2.2 Code Blocks for ‘/RemoveServicepwdDependancy’
2266	2	Code For Javascript - Jquery Using AJAX
2266	2	Code For C# Using RestSharp
2267	2	Code For Java Using OkHttp
2267	2	RemoveServicepwdDependancy")
2267	2	Code For Python Using Requests
2267	2	RemoveServicepwdDependancy"
2267	2	39.3 GetActiveServiceList
2267	2	Type of Request POST
2267	2	Endpoint /api/ServicePasswordDependancy/GetActiveServiceList
2267	2	Version
2267	2	Release Version U3
2268	2	Pre Endpoint Call /arconToken
2268	2	Request Params - - - -
2268	2	Headers Content-Type application/JSON Mandatory -
2268	2	Body {
2268	2	Response
2268	2	Post Endpoint Call All API's
2268	2	Supported Features NA
2269	3	39.3.1 Data Types of Request and Response
2269	2	Type Parameters Data Type Description
2269	2	ARCON PAM
2269	3	39.3.2 Code Blocks for ‘/GetActiveServiceList’
2269	2	Code For Javascript - Jquery Using AJAX
2270	2	Code For C# Using RestSharp
2270	2	Code For Java Using OkHttp
2270	2	GetActiveServiceList")
2271	2	Code For Python Using Requests
2271	2	GetActiveServiceList"
2271	2	39.4 GetPasswordDependancyTypeList
2271	2	Type of Request POST
2271	2	Endpoint /api/ServicePasswordDependancy/GetPasswordDependancytypeList
2271	2	Version
2271	2	Release Version U3
2271	2	Pre Endpoint Call /arconToken
2271	2	Request Params - - - -
2271	2	Headers Content-Type application/json Mandatory -
2272	2	Response
2272	2	"PDM_Name": "Change Password - Process With Same Password"
2272	2	"PDM_Name": "Change Password - Process With New Password"
2272	2	"PDM_Name": "Change Password - Update Service Password Only"
2272	2	Post Endpoint Call All API's
2272	2	Supported Features NA
2272	3	39.4.1 Data Types of Request and Response
2272	2	Type Parameters Data Type Description
2272	2	Request No Parameters
2273	3	39.4.2 Code Blocks for ‘/GetPasswordDependancytypeList’
2273	2	Code For Javascript - Jquery Using AJAX
2273	2	Code For C# Using RestSharp
2274	2	Code For Java Using OkHttp
2274	2	GetPasswordDependancytypeList")
2274	2	Code For Python Using Requests
2274	2	GetPasswordDependancytypeList"
2274	2	39.5 UpdateDependentServicePassword
2274	2	Type of Request POST
2274	2	Endpoint /api/ServicePasswordDependancy/UpdateDependentServicePassword
2274	2	Version
2274	2	Release Version U4
2274	2	Pre Endpoint Call /arconToken
2275	2	Request Params - - - -
2275	2	Headers Content-Type application/json Mandatory -
2275	2	Body
2275	2	Response
2275	2	Post Endpoint Call All API's
2275	2	Supported Features NA
2275	3	39.5.1 Data Types of Request and Response
2275	2	Type Parameters Data Type Description
2276	3	39.5.2 Code Blocks for ‘/UpdateDependentServicePassword’
2276	2	Code For Javascript - Jquery Using AJAX
2276	2	Code For C# Using RestSharp
2277	2	Code For Java Using OkHttp
2277	2	UpdateDependentServicePassword")
2277	2	Code For Python Using Requests
2277	2	UpdateDependentServicePassword"
2277	2	39.6 GetDependantServiceList
2277	2	Type of Request POST
2277	2	Endpoint /api/ServicePasswordDependancy/GetDependantServiceList
2277	2	Version
2277	2	Release Version U4
2278	2	Pre Endpoint Call /arconToken
2278	2	Request Params - - - -
2278	2	Headers Content-Type application/json Mandatory -
2278	2	Body
2278	2	Response
2278	2	Post Endpoint Call All API's
2278	2	Supported Features NA
2278	3	39.6.1 Data Types of Request and Response
2278	2	Type Parameters Data Type Description
2278	2	ARCON PAM
2279	3	39.6.2 Code Blocks for ‘/GetDependantServiceList’
2279	2	Code For Javascript - Jquery Using AJAX
2279	2	Code For C# Using RestSharp
2280	2	Code For Java Using OkHttp
2280	2	GetDependantServiceList")
2280	2	Code For Python Using Requests
2280	2	GetDependantServiceList"
2280	2	39.7 GetActiveServiceList_QuickSearch
2280	2	Type of Request POST
2280	2	Endpoint /api/ServicePasswordDependancy/GetActiveServiceList_QuickSearch
2280	2	Version
2280	2	Release Version U13
2281	2	Pre Endpoint Call /arconToken
2281	2	Request Params -- - - -
2281	2	Headers Content-Type application/json Mandatory -
2281	2	Body
2281	2	Response
2281	2	Post Endpoint Call NA
2282	2	Supported Features NA
2282	3	39.7.1 Data Types of Request and Response
2282	2	Type Parameters Data Type Description
2282	2	ARCON PAM
2282	2	ServiceDomainNa
2283	3	39.7.2 Code Blocks for ‘/GetActiveServiceList_QuickSearch’
2283	2	Code For Javascript - Jquery Using AJAX
2283	2	Code For C# Using RestSharp
2284	2	Code For Java Using OkHttp
2284	2	GetActiveServiceList_QuickSearch")
2284	2	Code For Python Using Requests
2284	2	GetActiveServiceList_QuickSearch"
2284	2	39.8 GetActiveServiceListWithoutMandateValue
2284	2	Type of Request POST
2284	2	Endpoint /api/ServicePasswordDependancy/GetActiveServiceListWithoutMandateValue
2284	2	Version
2284	2	Release Version U16_SP2
2285	2	Pre Endpoint Call /arconToken
2285	2	Request Params - - - -
2285	2	Headers Content-Type application/JSON Mandatory -
2285	2	Body -
2285	2	Response
2285	2	Post Endpoint Call All API's
2285	2	Supported Features NA
2286	3	39.8.1 Data Types of Request and Response
2286	2	Code For Javascript - Jquery Using AJAX
2286	2	Code For C# Using RestSharp
2287	2	Code For Java Using OkHttp
2287	2	GetActiveServiceListWithoutMandateValue")
2287	2	Code For Python Using Requests
2287	2	GetActiveServiceListWithoutMandateValue"
2288	1	40 ServiceType
2288	2	40.1 GetServiceTypeV1
2288	2	Type of Request POST
2288	2	Endpoint /api/ServiceType/GetServiceType
2288	2	Version
2288	2	Release Version U3
2288	2	Pre Endpoint Call /arconToken
2288	2	Request Params - - - -
2288	2	Headers Content-Type application/json Mandatory -
2288	2	Body
2288	2	Response
2288	2	"ServiceTypeName": "Windows RDP"
2288	2	Post Endpoint Call All API's
2289	2	Supported Features NA
2289	3	40.1.1 Data Types of Request and Response
2289	2	Type Parameters Data Type Description
2289	3	40.1.2 Code Blocks for ‘/GetServiceType’
2289	2	Code For Javascript - Jquery Using AJAX
2289	2	Code For C# Using RestSharp
2290	2	Code For Java Using OkHttp
2290	2	Code For Python Using Requests
2291	1	41 TicketRequestDetails
2291	2	41.1 GetLOBAndServiceType
2291	2	Type of Request POST
2291	2	Endpoint /api/TicketRequestDetails/GetLOBAndServiceType
2291	2	Version
2291	2	Release Version U13
2291	2	Pre Endpoint Call /arconToken
2291	2	Request Params - - - -
2291	2	Headers Content-Type application/json Mandatory -
2291	2	Body
2292	2	Response
2292	2	"Name": "DEFAULT LOB 1"
2292	2	"Name": "DUBAI REGION"
2292	2	"Name": "Amazon Web Services (AWS)"
2292	2	"Name": "App 3Par Mgmt"
2292	2	"Name": "App AbInitioGDE"
2292	2	"Name": "App Account and Voucher Info Manager"
2292	2	"Name": "App Air Rating Manager"
2293	2	"Name": "App Air Signaling Manager"
2293	2	"Name": "App AMDOCS CRM"
2293	2	"Name": "App ArcSight Console"
2293	2	"Name": "App ASE Client"
2293	2	"Name": "App Attachmate Reflection"
2293	2	"Name": "App Avamar DataCenter"
2293	2	"Name": "App Avamar Location"
2293	2	"Name": "App Avaya CMS Supervisor"
2293	2	"Name": "App Aventail VPN Connection"
2293	2	"Name": "App AWS CLI"
2293	2	"Name": "App Barracuda Firewall Admin "
2293	2	"Name": "App BlueCoat Proxy"
2293	2	"Name": "App BMC Client"
2294	2	"Name": "App Brocade Switch - Browser"
2294	2	"Name": "App Bsclogcol"
2294	2	"Name": "App Call Manager"
2294	2	"Name": "App CeraMap - PolyView"
2294	2	"Name": "App CG Cluster ZTE MSC"
2294	2	"Name": "App Check Point"
2294	2	"Name": "App Cisco ASDM"
2294	2	"Name": "App Cisco Device Manager"
2294	2	"Name": "App Cisco Network Assistant"
2294	2	"Name": "App Citrix NETM Application Set"
2294	2	"Name": "App Citrix Smart Launcher"
2294	2	"Name": "App Citrix XenCenter"
2294	2	"Name": "App ClarifyClient"
2295	2	"Name": "App Clear Case Remote Client"
2295	2	"Name": "App Commander EMS"
2295	2	"Name": "App CommanVault"
2295	2	"Name": "App Comverse Customer Care Client"
2295	2	"Name": "App Coriant TNMS"
2295	2	"Name": "App Corona Workbench"
2295	2	"Name": "App Cyberduck"
2295	2	"Name": "App Cyberduck"
2295	2	"Name": "App DameWare"
2295	2	"Name": "App Dbeaver"
2295	2	"Name": "App DBVisualizer"
2295	2	"Name": "App Dell Storage Manager Client"
2296	2	"Name": "App EFT Enterprise"
2296	2	"Name": "App EgoSecure"
2296	2	"Name": "App Embarcadero DBArtisan"
2296	2	"Name": "App EMC Networker"
2296	2	"Name": "App Enterprise Manager Console - Oracle"
2296	2	"Name": "App Extra Enterprise 2000"
2296	2	"Name": "App FileZilla"
2296	2	"Name": "App Flow Manager"
2296	2	"Name": "App ForeScout CounterACT Admin"
2296	2	"Name": "App Garuda Master"
2296	2	"Name": "App GO Global - Alcatel"
2296	2	"Name": "App GoGlobal"
2296	2	"Name": "App Goverlan Remote Control"
2297	2	"Name": "App HeidiSQL"
2297	2	"Name": "App Hit 3 Tool"
2297	2	"Name": "App HMC - Browser"
2297	2	"Name": "App Huawei Airbridge"
2297	2	"Name": "App Huawei HLR SMU"
2297	2	"Name": "App Huawei LMT Client"
2297	2	"Name": "App Huawei LMT Client - OMS2600"
2297	2	"Name": "App Huawei MSuite"
2297	2	"Name": "App Huawei OAMClient"
2298	2	"Name": "App Huawei SAU PMS"
2298	2	"Name": "App Huawei Service SMAP"
2298	2	"Name": "App Huawei System Monitor"
2298	2	"Name": "App Huawei System SMAP"
2298	2	"Name": "App IBM Administrator Client"
2298	2	"Name": "App IBM BigFix Console"
2298	2	"Name": "App IBM Console - Browser"
2298	2	"Name": "App IBM Data Studio"
2298	2	"Name": "App IBM DB2 Client"
2298	2	"Name": "App IBM Designer Client"
2298	2	"Name": "App IBM Director Client"
2298	2	"Name": "App IBM Notes - Lotus"
2298	2	"Name": "App IBM Proventia SiteProtector"
2299	2	"Name": "App IBM Rational ClearCase"
2299	2	"Name": "App IBM Rational ClearQuest"
2299	2	"Name": "App IBM SAS Data Integration Studio"
2299	2	"Name": "App IBM SAS Enterprise Guide"
2299	2	"Name": "App IBM SAS Management Console"
2299	2	"Name": "App IBM SAS Workflow Studio"
2299	2	"Name": "App IBM TotalStorage Productivity Center"
2299	2	"Name": "App IBM WIntegrate"
2299	2	"Name": "App Inter MediatE"
2299	2	"Name": "App Juniper Networks - NSM"
2299	2	"Name": "App Kaspersky Security Center Console"
2299	2	"Name": "App KVM Switch - Browser"
2299	2	"Name": "App KVM Switch - SSH2"
2300	2	"Name": "App LogRhythm Console"
2300	2	"Name": "App McAfee Proxy"
2300	2	"Name": "App Mcafee Stone Soft"
2300	2	"Name": "App MDS Switch- JAVA Client"
2300	2	"Name": "App Microsoft DynamicsNAV Client"
2300	2	"Name": "App Microsoft LAPS"
2300	2	"Name": "App MobaXterm"
2300	2	"Name": "App MochaSoft"
2300	2	"Name": "App MongoDb Studio3T"
2300	2	"Name": "App MR - WIN6530"
2300	2	"Name": "App Multi Mediation"
2300	2	"Name": "App MySQL Administrator"
2300	2	"Name": "App Mysql Connector"
2300	2	"Name": "App MySQL Work Bench"
2301	2	"Name": "App NetHorizhon Telecom Device"
2301	2	"Name": "App Netnuman ZTE CDMA - BSC"
2301	2	"Name": "App Netnuman ZTE CDMA - EMS"
2301	2	"Name": "App Netnuman ZTE CDMA - GMGW"
2301	2	"Name": "App Netnuman ZTE CDMA - GMSC"
2301	2	"Name": "App Netnuman ZTE CDMA - MGW"
2301	2	"Name": "App Netnuman ZTE CDMA - MSC"
2301	2	"Name": "App Netnuman ZTE CDMA - POMC"
2301	2	"Name": "App Netnuman ZTE GSM - BSC"
2301	2	"Name": "App Netnuman ZTE GSM - EMS"
2301	2	"Name": "App Netnuman ZTE GSM - MGW"
2301	2	"Name": "App Netnuman ZTE GSM - MINOS"
2301	2	"Name": "App Netnuman ZTE GSM - MSC"
2302	2	"Name": "App Netnuman ZTE GSM - NGN"
2302	2	"Name": "App Netnuman ZTE GSM - UGMSC"
2302	2	"Name": "App Netnumen - HLR"
2302	2	"Name": "App Netnumen - HLRAgent"
2302	2	"Name": "App Netnumen - HLREMS"
2302	2	"Name": "App Netnumen - HLRIQT"
2302	2	"Name": "App Nokia Bsc Bmt Tool"
2302	2	"Name": "App NSCC-NCMS Client"
2302	2	"Name": "App NTSWincash Logistics"
2302	2	"Name": "App OCEEMS Authentication"
2302	2	"Name": "App OdinDietClient"
2302	2	"Name": "App Online Charging Control"
2302	2	"Name": "App Oracle Data Integrator"
2303	2	"Name": "App Oracle Discoverer"
2303	2	"Name": "App Oracle EBS"
2303	2	"Name": "App Oracle JDEdwardsEnterpriseOne"
2303	2	"Name": "App Oracle Workflow Builder"
2303	2	"Name": "App OutsideView"
2303	2	"Name": "App PeopleTools 8.56"
2303	2	"Name": "App PgAdmin PostgreSQL"
2303	2	"Name": "App PLSQL Developer - Oracle"
2303	2	"Name": "App Portal Internal Administration -
2303	2	Browser"
2303	2	"Name": "App PowerShellISE"
2303	2	"Name": "App Raid"
2303	2	"Name": "App Rapid SQL"
2303	2	"Name": "App Redknee Convergent Mediation Engine"
2304	2	"Name": "App Redknee Offer Manager"
2304	2	"Name": "App ReflectionX"
2304	2	"Name": "App SAN Switch"
2304	2	"Name": "App SAP BO"
2304	2	"Name": "App SAP Logon"
2304	2	"Name": "App SAPHana"
2304	2	"Name": "App SDP Management Application"
2304	2	"Name": "App SDP Rating Management Application"
2304	2	"Name": "App SDP Signaling Manager"
2304	2	"Name": "App Secure Shell Client"
2304	2	"Name": "App SecureCRT"
2304	2	"Name": "App SingleView"
2304	2	"Name": "App SkyBox Firewall Assurance "
2305	2	"Name": "App SmarTerm - SSH2"
2305	2	"Name": "App SmarTerm - Telnet"
2305	2	"Name": "App SMC Force Point"
2305	2	"Name": "App SolaceRouter"
2305	2	"Name": "App SQL Advantage"
2305	2	"Name": "App SQL Developer - Oracle"
2305	2	"Name": "App SQL Navigator"
2305	2	"Name": "App SqlDbx"
2305	2	"Name": "App SQuirreL SQL Client"
2305	2	"Name": "App Sybase Central"
2305	2	"Name": "App Symantec - Procomm Plus"
2305	2	"Name": "App Symantec Endpoint Protection Manager"
2305	2	"Name": "App Tableau Oracle"
2306	2	"Name": "App Teradata Administrator"
2306	2	"Name": "App TeraTerm"
2306	2	"Name": "App TippingPoint SMS Client"
2306	2	"Name": "App TJ5100 EMS"
2306	2	"Name": "App Tn-3270"
2306	2	"Name": "App Toad - DB2"
2306	2	"Name": "App Toad - Oracle"
2306	2	"Name": "App TSSKeyManager"
2306	2	"Name": "App UNIX GUI"
2306	2	"Name": "App Vanu EMS"
2306	2	"Name": "App Veeam ONE Monitor"
2306	2	"Name": "App Vmware Horizon"
2307	2	"Name": "App Web Browser"
2307	2	"Name": "App Win FIOL"
2307	2	"Name": "App Winclient Application"
2307	2	"Name": "App WinSCP"
2307	2	"Name": "App X-RDP"
2307	2	"Name": "App Xshell"
2307	2	"Name": "ARCON Desk Insight"
2307	2	"Name": "DB2 QA"
2307	2	"Name": "DMZ SSH Linux"
2307	2	"Name": "DMZ SSH Telnet"
2307	2	"Name": "DMZ Windows RDP"
2308	2	"Name": "IBM AS 390"
2308	2	"Name": "IBM AS 400"
2308	2	"Name": "IBM Z/OS"
2308	2	"Name": "MS SQL EM - Local"
2308	2	"Name": "MS SQL EM - RDP"
2308	2	"Name": "MS SQL QA"
2308	2	"Name": "MySQL QA"
2308	2	"Name": "NAC Devices"
2308	2	"Name": "Oracle QA"
2308	2	"Name": "SSH Firewall"
2309	2	"Name": "SSH LINUX"
2309	2	"Name": "SSH MongoDb"
2309	2	"Name": "SSH Mysql"
2309	2	"Name": "SSH Oracle SQLPlus"
2309	2	"Name": "SSH Router"
2309	2	"Name": "SSH Switch"
2309	2	"Name": "SSH Sybase ISQL"
2309	2	"Name": "SSH Telnet"
2309	2	"Name": "SSH UNIX"
2309	2	"Name": "Sybase QA"
2309	2	"Name": "Telnet Juniper Router J2300"
2309	2	"Name": "Telnet Juniper Router SSG 20"
2309	2	"Name": "Telnet ROUTER"
2309	2	"Name": "Telnet Switch"
2310	2	"Name": "Windows RDP"
2310	2	Post Endpoint Call None
2310	2	Supported Features NA
2310	3	41.1.1 Data Types of Request and Response
2310	2	Type Parameters Data Type Description
2310	2	ARCON PAM
2310	3	41.1.2 Code Blocks for ‘/GetLOBAndServiceType’
2310	2	Code For Javascript - Jquery Using AJAX
2311	2	Code For C# Using RestSharp
2311	2	Code For Java Using OkHttp
2312	2	Code For Python Using Requests
2312	2	41.2 GetLOBChangeData
2312	2	Type of Request POST
2312	2	Endpoint /api/TicketRequestDetails/GetLOBChangeData
2312	2	Version
2312	2	Release Version U13
2312	2	Pre Endpoint Call /arconToken
2312	2	Request Params - - - -
2312	2	Headers Content-Type application/json Mandatory -
2312	2	Body
2313	2	Response
2313	2	"Name": "DATABASE SERVERS"
2313	2	"Name": "Dev Tester_ADM"
2313	2	"Name": "Dev Tester_PWR"
2314	2	"Name": "LINUX SERVERS"
2314	2	"Name": "NEWTWORK DEVICES"
2314	2	"Name": "QA Testing Group_ADM"
2314	2	"Name": "QA Testing Group_PWR"
2314	2	"Name": "SHAIL SERVERS"
2315	2	"Name": "WINDOWS SERVERS"
2315	2	"Name": "SA-Service Affecting"
2315	2	"Name": "NSA-Non Service Affecting"
2315	2	"Name": "ST-Service Threatening"
2315	2	"Name": "PE-Planned Event"
2315	2	"Name": "CR-Change Request"
2315	2	"Name": "Test Provisioning"
2316	2	"Name": "prompt_user Appx RDP"
2316	2	"Name": "AWS HK Desc 2"
2317	2	Post Endpoint Call None
2317	2	Supported Features NA
2317	3	41.2.1 Data Types of Request and Response
2317	2	Type Parameters Data Type Description
2318	2	Type Parameters Data Type Description
2318	3	41.2.2 Code Blocks for ‘/GetLOBChangeData’
2318	2	Code For Javascript - Jquery Using AJAX
2318	2	Code For C# Using RestSharp
2319	2	Code For Java Using OkHttp
2319	2	Code For Python Using Requests
2319	2	41.3 GetRequestTicketServices
2319	2	Type of Request POST
2319	2	Endpoint /api/TicketRequestDetails/GetRequestTicketServices
2319	2	Version
2319	2	Release Version U13
2319	2	Pre Endpoint Call /arconToken
2319	2	Request Params - - - -
2320	2	Headers Content-Type application/json Mandatory -
2320	2	Body
2320	2	Response
2320	2	Post Endpoint Call NA
2320	2	Supported Features NA
2320	3	41.3.1 Data Types of Request and Response
2320	2	Type Parameters Data Type Description
2320	2	Request
2321	2	Type Parameters Data Type Description
2321	2	ARCON PAM
2321	3	41.3.2 Code Blocks for ‘/GetRequestTicketServices’
2321	2	Code For Javascript - Jquery Using AJAX
2322	2	Code For C# Using RestSharp
2322	2	Code For Java Using OkHttp
2322	2	GetRequestTicketServices")
2323	2	Code For Python Using Requests
2323	2	41.4 GetTicketExecutor
2323	2	Type of Request POST
2323	2	Endpoint /api/TicketRequestDetails/GetTicketExecutor
2323	2	Version
2323	2	Release Version U13
2323	2	Pre Endpoint Call /arconToken
2323	2	Request Params - - - -
2323	2	Headers Content-Type application/json Mandatory -
2323	2	Body
2324	2	Response
2324	2	Post Endpoint Call NA
2324	2	Supported Features NA
2324	3	41.4.1 Data Types of Request and Response
2324	2	Type Parameters Data Type Description
2324	2	Request
2324	2	ARCON PAM
2324	2	ARCON PAM
2325	3	41.4.2 Code Blocks for ‘/GetTicketExecutor’
2325	2	Code For Javascript - Jquery Using AJAX
2325	2	Code For C# Using RestSharp
2326	2	Code For Java Using OkHttp
2326	2	Code For Python Using Requests
2326	2	41.5 RaiseTicketRequest
2326	2	Type of Request POST
2326	2	Endpoint /api/ServicePassword/RaiseTicketRequest
2326	2	Version
2326	2	Release Version U16_SP2
2327	2	Pre Endpoint Call /arconToken
2327	2	Request Params - - - -
2327	2	Headers Content-Type application/json Mandatory -
2327	2	Body
2327	2	Response
2327	2	"ErrorMessage": "! In Raising Request For Ticket (0 Workflow
2327	2	"Result": "Error! In Raising Request For Ticket (0 Workflow
2327	2	Found)"
2327	2	Post Endpoint Call All API's
2328	3	41.5.1 Data Types of Request and Response
2328	2	Type Parameters Data Type Description
2328	2	PAM
2328	2	ARCON PAM
2328	2	ARCON PAM
2328	2	ExpectedExecut
2328	2	ExpectedExecut
2328	2	Attachment1Con
2329	2	Type Parameters Data Type Description
2329	2	Attachment2Con
2329	3	41.5.2 Code Blocks for ‘/RaiseTicketRequest’
2329	2	Code For Javascript - Jquery Using AJAX
2330	2	Code For C# Using RestSharp
2331	2	Code For Java Using OkHttp
2332	2	Code For Python Using Requests
2333	1	42 UIAutomationData
2333	2	42.1 GetFileImagebyServiceId
2333	2	Type of Request POST
2333	2	Endpoint /api/UIAutomationData/GetFileImagebyServiceId
2333	2	Version
2333	2	Release Version U13
2333	2	Pre Endpoint Call /arconToken
2333	2	Request Params - - - -
2333	2	Headers Content-Type application/json Mandatory -
2333	2	Body
2334	2	Response
2334	2	Post Endpoint Call NA
2334	2	Supported Features NA
2334	3	42.1.1 Data Types of Request and Response
2334	2	Type Parameters Data Type Description
2334	2	Request
2334	2	ARCON PAM
2334	2	Sample Value : 'GET_FILE_IMAGE'
2335	2	Type Parameters Data Type Description
2335	2	ConfigurationDetai
2335	2	ARCON PAM
2335	2	ConfigurationDetai
2335	3	42.1.2 Code Blocks for ‘/GetFileImagebyServiceId’
2335	2	Code For Javascript - Jquery Using AJAX
2336	2	Code For C# Using RestSharp
2336	2	Code For Java Using OkHttp
2337	2	Code For Python Using Requests
2337	2	42.2 GetImagebyServiceId
2337	2	Type of Request POST
2337	2	Endpoint /api/UIAutomationData/GetImagebyServiceId
2337	2	Version
2337	2	Release Version U13
2337	2	Pre Endpoint Call /arconToken
2337	2	Request Params - - - -
2337	2	Headers Content-Type application/json Mandatory -
2338	2	Body
2338	2	Response
2338	2	Post Endpoint Call NA
2338	2	Supported Features NA
2338	3	42.2.1 Data Types of Request and Response
2338	2	Type Parameters Data Type Description
2338	2	Request
2338	2	ARCON PAM
2339	2	Type Parameters Data Type Description
2339	2	ConfigurationDetai
2339	2	ARCON PAM
2339	2	ConfigurationDetai
2339	2	Sample Value : 'GET_IMAGE'
2340	3	42.2.2 Code Blocks for ‘/GetImagebyServiceId’
2340	2	Code For Javascript - Jquery Using AJAX
2340	2	Code For C# Using RestSharp
2341	2	Code For Java Using OkHttp
2341	2	Code For Python Using Requests
2341	2	42.3 InsertImagebyServiceId
2341	2	Type of Request POST
2341	2	Endpoint /api/UIAutomationData/InsertImagebyServiceId
2341	2	Version
2341	2	Release Version U13
2342	2	Pre Endpoint Call /arconToken
2342	2	Request Params - - - -
2342	2	Headers Content-Type application/json Mandatory -
2342	2	Body
2342	2	Response
2342	2	Post Endpoint Call NA
2342	2	Supported Features NA
2343	3	42.3.1 Data Types of Request and Response
2343	2	Type Parameters Data Type Description
2343	2	Request
2343	2	ARCON PAM
2343	2	ConfigurationDetai
2343	2	ARCON PAM
2343	2	ConfigurationDetai
2343	2	Sample Value : 'INSERT_IMAGE'
2344	3	42.3.2 Code Blocks for ‘/InsertImagebyServiceId’
2344	2	Code For Javascript - Jquery Using AJAX
2344	2	Code For C# Using RestSharp
2345	2	Code For Java Using OkHttp
2345	2	Code For Python Using Requests
2345	2	42.4 InsertFileImagebyServiceId
2345	2	Type of Request POST
2345	2	Endpoint /api/UIAutomationData/InsertFileImagebyServiceId
2345	2	Version
2345	2	Release Version U13
2346	2	Pre Endpoint Call /arconToken
2346	2	Request Params - - - -
2346	2	Headers Content-Type application/json Mandatory -
2346	2	Body
2346	2	Response
2346	2	Post Endpoint Call NA
2346	2	Supported Features NA
2347	3	42.4.1 Data Types of Request and Response
2347	2	Type Parameters Data Type Description
2347	2	Request
2347	2	ARCON PAM
2347	2	ConfigurationDetai
2347	2	ARCON PAM
2347	2	ConfigurationDetai
2347	2	Sample Value : 'INSERT_FILE_IMAGE'
2348	3	42.4.2 Code Blocks for ‘/InsertFileImagebyServiceId’
2348	2	Code For Javascript - Jquery Using AJAX
2348	2	Code For C# Using RestSharp
2349	2	Code For Java Using OkHttp
2349	2	Code For Python Using Requests
2349	2	42.5 GetImagebyServiceTypeId
2349	2	Type of Request POST
2349	2	Endpoint /api/UIAutomationData/GetImagebyServiceTypeId
2349	2	Version
2349	2	Release Version U13
2350	2	Pre Endpoint Call /arconToken
2350	2	Request Params - - - -
2350	2	Headers Content-Type application/json Mandatory -
2350	2	Query
2350	2	String
2350	2	Paramete
2350	2	GetImagebyServiceTypeId?serviceTypeId=2
2350	2	Response
2350	2	Post Endpoint Call All API's
2350	2	Supported Features ARCOS Log Archiver Service
2350	3	42.5.1 Data Types of Request and Response
2350	2	Type Parameters Data Type Description
2351	2	Type Parameters Data Type Description
2351	2	ARCON PAM
2351	2	ConfigurationDetai
2351	3	42.5.2 Code Blocks for '/GetImagebyServiceTypeId'
2351	2	Code For Javascript - Jquery Using AJAX
2352	2	Code For C# Using RestSharp
2352	2	Code For Java Using OkHttp
2353	2	Code For Python Using Requests
2353	2	42.6 GetUIAutomationDetails
2353	2	Type of Request POST
2353	2	Endpoint /api/UIAutomationData/GetUIAutomationDetails
2353	2	Version
2353	2	Release Version U13
2353	2	Pre Endpoint Call /arconToken
2353	2	Request Params - - - -
2353	2	Headers Content-Type application/json Mandatory -
2354	2	Body
2354	2	Response {
2354	2	RBVHhe7djhjcIgGIDhW4EFG+cx3aROUl3DH07BAYUKaHv1tH5A3ichuWptezG8AX
2354	2	JCVAlChJYRokoQIrSMEFWCEKFl4iEaj0qr4+iP7uzr3enmj3Z07rVS5hni8eR53nU7dV
2354	2	JvyVEJgirE96fE49wfghOOA5Bmu/vPhvd3zxPP4cpe1ZCBCwqJkRhcsark6c/
2354	2	WMcTeuOKKLtCauWc5FpWHh7z18PvW5HlZyFEQKygEOXhWZiscXy+HSJ7v+Tcxx
2354	2	Ddt3F+ECLgTwWH6PHYiWNQWIjy52VFBGxTdIjc5F37jciFIJrQLkxLq5AFHwtRHpfp
2354	2	ULLCFElCBFaRogqQYjQMkJUCUKElhGiStgvisFoeeyFEAEQR4gAiCNEAMQRIgDiCBE
2354	2	AcYQIgDhCBEAcIQIgTOtfWp4VJs7Psx4AAAAASUVORK5CYII=\",\n
2354	2	QAAAARnQU1BAACxjwv8YQUAAAAJcEhZcwAADsMAAA7DAcdvqGQAAAJOSURB
2355	2	VHhe7djdbYMwFEDhrsCCKPMgNiGTkKyRh0zh+voHLmDSPiRyrnU+CanYMUSKOD
2355	2	L9cQBQGSECUB0hAlAdIQJQHSECUB0hAlAdIfqA+/
2355	2	AYixE8dVsvKWzQc2FKKXz/brb/
2355	2	Hq8GJo1FBKXGKo0p3dk+r5eDJ2OTFyjQyfh2wfsL4QILTMQonUnIUeO0JF63QnrCg
2355	2	ZRmnws4r0kJPq6KmRBDE3+XnFHpD5RXMOrGaAZ2xHthHkdKvVwq7lNvIrjKiZ+hx
2355	2	N2L7LTkaDI5/NuabNzWulXu0OIimsIEaDZDdFh7uzhlvFdjILteA7IPORryLy/
2355	2	EgXk+Phagc7r+7727+GCIRY5TXjDc5J0RA9t0hwoIQoWWEyAhChJYRIiMIEVpGiIwg
2355	2	RGgZITKCEKFlhMgIQoSWESIjCBFaRoiMkB+Kg6Pl490IEYDqCBGA6ggRgOoIEYDqC
2355	2	URBVHhe7ZZBbsIwEEV7514gR2CL1E05BLtuWaVdVlwg6jJrVu6M66ETA6otFNP8/
2355	2	C89ZDs2SPMyCU+BgQulAoZSAUOpgKFUwFAqYKqk9n1PHkBtqqWGrRwhzaBUQC
2355	2	Vjxkr2oeF32aYqkFp6bCWyphso7SbFtHEWmzvSPakotS1OpgxTTd55fv5CajRVKLUtT
2355	2	KFUwFDqf8j7a+h2H3H4td+Erut+SGt1CeEbV8nyWu2CS4cAAAAASUVORK5CYII=\"
2355	2	Post Endpoint Call NA
2355	2	Supported Features NA
2356	3	42.6.1 Data Types of Request and Response
2356	2	Type Parameters Data Type Description
2356	2	Request
2356	2	ARCON PAM
2356	2	ConfigurationDetai
2356	2	ARCON PAM
2356	2	ConfigurationDetai
2357	3	42.6.2 Code Blocks for ‘/GetUIAutomationDetails’
2357	2	Code For Javascript - Jquery Using AJAX
2357	2	Code For C# Using RestSharp
2358	2	Code For Java Using OkHttp
2358	2	Code For Python Using Requests
2358	2	42.7 SaveUIAutomationDetails
2358	2	Type of Request POST
2358	2	Endpoint /api/UIAutomationData/SaveUIAutomationDetails
2358	2	Version
2358	2	Release Version U13
2359	2	Pre Endpoint Call /arconToken
2359	2	Request Params - - - -
2359	2	Headers Content-Type application/json Mandatory -
2359	2	Body
2359	2	Response
2359	2	Post Endpoint Call NA
2359	2	Supported Features NA
2359	3	42.7.1 Data Types of Request and Response
2359	2	Type Parameters Data Type Description
2359	2	Request
2359	2	ARCON PAM
2360	2	Type Parameters Data Type Description
2360	2	ConfigurationDetai
2360	3	42.7.2 Code Blocks for ‘/SaveUIAutomationDetails’
2360	2	Code For Javascript - Jquery Using AJAX
2361	2	Code For C# Using RestSharp
2361	2	Code For Java Using OkHttp
2362	2	Code For Python Using Requests
2363	1	43 UserDelegation
2363	2	43.1 GetUserDelegation
2363	2	Type of Request POST
2363	2	Endpoint /api/UserDelegation/GetUserDelegation
2363	2	Version
2363	2	Release Version U3
2363	2	Pre Endpoint Call /arconToken
2363	2	Request Params - - - -
2363	2	Headers Content-Type application/json Mandatory -
2363	2	Body
2363	1	1. For C# using Rest-Sharp, https://www.nuget.org/packages/RestSharp/105.2.3
2363	1	2. For Java using OK HTTP: https://square.github.io/okhttp/
2363	1	3. For Python
2364	2	Response
2364	2	"Name": "Service Password"
2364	2	"Name": "Service Access"
2364	2	"Name": "Service Ticket"
2364	2	"Name": "Service Command"
2365	2	Post Endpoint Call All API's
2365	2	Supported Features NA
2365	3	43.1.1 Data Types of Request and Response
2365	2	Type Parameters Data Type Description
2365	2	ARCON PAM
2365	2	DelegationApprova
2365	2	PAM
2365	3	43.1.2 Code Blocks for '/GetUserDelegation'
2365	2	Code For Javascript - Jquery Using AJAX
2366	2	Code For C# Using RestSharp
2366	2	Code For Java Using OkHttp
2367	2	Code For Python Using Requests
2367	2	43.2 SaveUserDelegation
2367	2	Type of Request POST
2367	2	Endpoint /api/UserDelegation/SaveUserDelegation
2367	2	Version
2367	2	Release Version U3
2367	2	Pre Endpoint Call /arconToken
2367	2	Request Params - - - -
2367	2	Headers Content-Type application/json Mandatory -
2368	2	Body
2368	2	Response
2368	2	Post Endpoint Call All API's
2368	2	Supported Features NA
2368	3	43.2.1 Data Types of Request and Response
2368	2	Type Parameters Data Type Description
2368	2	ARCON PAM
2369	2	Type Parameters Data Type Description
2369	3	43.2.2 Code Blocks for '/SaveUserDelegation'
2369	2	Code For Javascript - Jquery Using AJAX
2369	2	JSON.stringify({"ActionType":"insert","UserId":"35","DelegatedUserId":"92","Approval
2369	2	Type":"1","StartTime":"2021-02-11T02:37:00","EndTime":"2021-02-12T02:37:00","IsActiv
2370	2	Code For C# Using RestSharp
2370	2	Code For Java Using OkHttp
2371	2	Code For Python Using Requests
2372	1	44 UserOnboarding
2372	2	44.1 GetAllUsers
2372	2	Type of Request GET
2372	2	Endpoint /api/UserOnboarding/GetAllUsers
2372	2	Version
2372	2	Release Version U4
2372	2	Pre Endpoint Call /arconToken
2372	2	Request Params - - - -
2372	2	Headers Content-Type application/json Mandatory -
2372	1	1. For C# using Rest-Sharp, https://www.nuget.org/packages/RestSharp/105.2.3
2372	1	2. For Java using OK HTTP: https://square.github.io/okhttp/
2372	1	3. For Python
2373	2	Response
2373	2	Post Endpoint Call None
2374	2	Supported Features NA
2374	3	44.1.1 Data Types of Request and Response
2374	2	Type Parameters Data Type Description
2374	2	Request No Parameters
2375	3	44.1.2 Code Blocks for ‘/GetAllUsers’
2375	2	Code For Javascript - Jquery Using AJAX
2375	2	Code For C# Using RestSharp
2376	2	Code For Java Using OkHttp
2376	2	Code For Python Using Requests
2376	2	44.2 UserExists
2376	2	Type of Request GET
2376	2	Endpoint /api/UserOnboarding/UserExists
2376	2	Version
2376	2	Release Version U4
2376	2	Pre Endpoint Call /arconToken
2376	2	Request Params - - - -
2377	2	Headers Content-Type application/json Mandatory -
2377	2	Body
2377	2	Response
2377	2	Post Endpoint Call None
2377	2	Supported Features NA
2377	3	44.2.1 Data Types of Request and Response
2377	2	Type Parameters Data Type Description
2378	3	44.2.2 Code Blocks for ‘/UserExists’
2378	2	Code For Javascript - Jquery Using AJAX
2378	2	Code For C# Using RestSharp
2379	2	Code For Java Using OkHttp
2379	2	Code For Python Using Requests
2379	2	44.3 GetAccessDetails
2379	2	Type of Request GET
2379	2	Endpoint /api/UserOnboarding/GetAccessDetails
2379	2	Version
2379	2	Release Version U4
2379	2	Pre Endpoint Call /arconToken
2380	2	Request Params - - - -
2380	2	Headers Content-Type application/json Mandatory -
2380	2	Response
2380	2	Post Endpoint Call None
2380	2	Supported Features NA
2380	3	44.3.1 Data Types of Request and Response
2380	2	Type Parameters Data Type Description
2380	2	Request No Parameters
2381	2	Type Parameters Data Type Description
2381	3	44.3.2 Code Blocks for ‘/GetAccessDetails’
2381	2	Code For Javascript - Jquery Using AJAX
2382	2	Code For C# Using RestSharp
2382	2	Code For Java Using OkHttp
2382	2	Code For Python Using Requests
2383	2	44.4 InsertUser
2383	2	Type of Request POST
2383	2	Endpoint /api/UserOnboarding/InsertUser
2383	2	Version
2383	2	Release Version U4
2383	2	Pre Endpoint Call /arconToken
2383	2	Request Params - - - -
2383	2	Headers Content-Type application/json Mandatory -
2383	2	Body
2384	2	Response
2384	2	Post Endpoint Call None
2384	2	Supported Features NA
2384	3	44.4.1 Data Types of Request and Response
2384	2	Type Parameters Data Type Description
2385	2	Type Parameters Data Type Description
2385	2	Admin
2385	2	Client
2386	3	44.4.2 Code Blocks for ‘/InsertUser’
2386	2	Code For Javascript - Jquery Using AJAX
2386	2	JSON.stringify({"ActionType":"INSERT_USER","Username":"user12","Password":"user@123"
2386	2	Code For C# Using RestSharp
2387	2	Code For Java Using OkHttp
2387	2	Code For Python Using Requests
2387	2	44.5 UpdateUser
2387	2	Type of Request POST
2387	2	Endpoint /api/UserOnboarding/UpdateUser
2388	2	Version
2388	2	Release Version U4
2388	2	Pre Endpoint Call /arconToken
2388	2	Request Params - - - -
2388	2	Headers Content-Type application/json Mandatory -
2388	2	Body
2388	2	Response
2388	2	Post Endpoint Call None
2388	2	Supported Features NA
2388	3	44.5.1 Data Types of Request and Response
2388	2	Type Parameters Data Type Description
2389	2	Type Parameters Data Type Description
2389	2	ARCON PAM
2389	3	44.5.2 Code Blocks for ‘/UpdateUser’
2389	2	Code For Javascript - Jquery Using AJAX
2389	2	JSON.stringify({"Username":"user12","UsernameOld":"user123","Email":"user12@gmail.co
2390	2	Code For C# Using RestSharp
2390	2	Code For Java Using OkHttp
2391	2	Code For Python Using Requests
2391	2	44.6 InsertAccessType
2391	2	Type of Request POST
2391	2	Endpoint /api/UserOnboarding/InsertAccessType
2391	2	Version
2391	2	Release Version U4
2391	2	Pre Endpoint Call /arconToken
2391	2	Request Params - - - -
2391	2	Headers Content-Type application/json Mandatory -
2391	2	Body
2392	2	Response
2392	2	Post Endpoint Call None
2392	2	Supported Features NA
2392	3	44.6.1 Data Types of Request and Response
2392	2	Type Parameters Data Type Description
2393	3	44.6.2 Code Blocks for ‘/InsertAccessType’
2393	2	Code For Javascript - Jquery Using AJAX
2393	2	"data": JSON.stringify({"DisplayName":"ARCON Test
2393	2	Code For C# Using RestSharp
2394	2	Code For Java Using OkHttp
2394	2	Code For Python Using Requests
2394	2	44.7 AddUserToLOB
2394	2	Type of Request POST
2394	2	Endpoint /api/UserOnboarding/AddUserToLOB
2394	2	Version
2394	2	Release Version U4
2395	2	Pre Endpoint Call /arconToken
2395	2	Request Params - - - -
2395	2	Headers Content-Type application/json Mandatory -
2395	2	Body
2395	2	Response
2395	2	Post Endpoint Call None
2395	2	Supported Features NA
2395	3	44.7.1 Data Types of Request and Response
2395	2	Type Parameters Data Type Description
2396	2	Type Parameters Data Type Description
2396	3	44.7.2 Code Blocks for ‘/AddUserToLOB’
2396	2	Code For Javascript - Jquery Using AJAX
2396	2	Code For C# Using RestSharp
2397	2	Code For Java Using OkHttp
2397	2	Code For Python Using Requests
2397	2	44.8 AddUserGroup
2397	2	Type of Request POST
2397	2	Endpoint /api/UserOnboarding/AddUserGroup
2397	2	Version
2397	2	Release Version U4
2397	2	Pre Endpoint Call /arconToken
2398	2	Request Params - - - -
2398	2	Headers Content-Type application/json Mandatory -
2398	2	Body
2398	2	Response
2398	2	Post Endpoint Call None
2398	2	Supported Features NA
2398	3	44.8.1 Data Types of Request and Response
2398	2	Type Parameters Data Type Description
2399	2	Type Parameters Data Type Description
2399	3	44.8.2 Code Blocks for ‘/AddUserGroup’
2399	2	Code For Javascript - Jquery Using AJAX
2399	2	"data": JSON.stringify({"UserId":"1368","multiLobID":"2","multiLobName":"MUMBAI
2400	2	Code For C# Using RestSharp
2400	2	\"multiLobID\":\"2\",\r\n    \"multiLobName\":\"MUMBAI ZONE\",\r\n
2400	2	Code For Java Using OkHttp
2400	2	\"multiLobID\":\"2\",\r\n    \"multiLobName\":\"MUMBAI ZONE\",\r\n
2401	2	Code For Python Using Requests
2401	2	\"multiLobName\":\"MUMBAI ZONE\",\r\n    \"multiGroups\":\"TEST_UG1,TEST_UG2\",\r\n
2401	2	44.9 AutomateUserGroupAndServerGroupMappingIsEnabled
2401	2	Type of Request POST
2401	2	Endpoint /api/UserOnboarding/AutomateUserGroupAndServerGroupMappingIsEnabled
2401	2	Version
2401	2	Release Version U4
2401	2	Pre Endpoint Call /arconToken
2401	2	Request Params - - - -
2401	2	Headers Content-Type application/json Mandatory -
2402	2	Body
2402	2	Response
2402	2	Post Endpoint Call None
2402	2	Supported Features NA
2402	3	44.9.1 Data Types of Request and Response
2402	2	Type Parameters Data Type Description
2403	2	Type Parameters Data Type Description
2403	3	44.9.2 Code Blocks for ‘/AutomateUserGroupAndServerGroupMappingIsEnabled’
2403	2	Code For Javascript - Jquery Using AJAX
2403	2	JSON.stringify({"UserId":"1368","Username":"user12","LOBID":"3","multiGroups":"TEST_
2403	2	UG1","DomainName":"ARCOSDEV","DisplayName":"User12","UserOu":"ONBOARD","LoginName":"
2404	2	Code For C# Using RestSharp
2404	2	Code For Java Using OkHttp
2404	2	AutomateUserGroupAndServerGroupMappingIsEnabled")
2405	2	Code For Python Using Requests
2405	2	AutomateUserGroupAndServerGroupMappingIsEnabled"
2405	2	44.10 DeboardUsers
2405	2	Request POST
2405	2	Endpoint /api/UserOnboarding/DeboardUsers
2405	2	Version
2405	2	Release Version U16
2405	2	Pre Endpoint Call /arconToken
2405	2	Request Params - - - -
2405	2	Headers Content-Type application/json Mandatory -
2405	2	Body
2406	2	Response
2406	2	Response Time
2406	2	Post Endpoint Call None
2406	2	Supported Features NA
2406	3	44.10.1 Data Types of Request and Response
2406	2	Type Parameters Data Type Description
2406	2	Request
2406	2	Response
2406	3	44.10.2 Code Blocks for '/DeboardUsers'
2406	2	Code For Javascript - Jquery Using AJAX
2406	2	Code For C# Using RestSharp
2406	2	Code For Java Using OkHttp
2406	2	Code For Python Using Requests
2406	2	44.11 GetUserId
2406	2	Request POST
2406	2	Endpoint /api/UserOnboarding/GetUserId
2407	2	Version
2407	2	Release Version U16
2407	2	Pre Endpoint Call /arconToken
2407	2	Request Params - - - -
2407	2	Headers Content-Type application/json Mandatory -
2407	2	Body
2407	2	Response
2407	2	Response Time
2407	2	Post Endpoint Call None
2407	2	Supported Features NA
2407	3	44.11.1 Data Types of Request and Response
2407	2	Type Parameters Data Type Description
2407	2	Request
2407	2	Response
2407	3	44.11.2 Code Blocks for '/GetUserId'
2407	2	Code For Javascript - Jquery Using AJAX
2408	2	Code For C# Using RestSharp
2408	2	Code For Java Using OkHttp
2408	2	Code For Python Using Requests
2409	1	45 UserRegistration
2409	2	45.1 CreateUser
2409	2	Type of Request POST
2409	2	Endpoint /api/UserRegistration/CreateUser
2409	2	Version
2409	2	Release Version U12
2409	2	Pre Endpoint Call /arconToken
2409	2	Request Params - - - -
2409	2	Headers Content-Type application/json Mandatory -
2409	2	Body
2409	1	1. For C# using Rest-Sharp, https://www.nuget.org/packages/RestSharp/105.2.3
2409	1	2. For Java using OK HTTP: https://square.github.io/okhttp/
2409	1	3. For Python
2410	2	Response
2410	2	Post Endpoint Call All API's
2410	2	Supported Features NA
2410	3	45.1.1 Data Types of Request and Response
2410	2	Type Parameters Data Type Description
2410	2	Request ServiceAccountTok
2410	2	User Id of ARCON PAM
2411	2	Type Parameters Data Type Description
2411	2	MaximumCharacte
2411	2	MaximumCharacte
2412	3	45.1.2 Code Blocks for '/InsertAtsConfiguration'
2412	2	Code For Javascript - Jquery Using AJAX
2412	2	JSON.stringify({"ServiceAccountToken":"","Namespace":"Namespace1","DeploymentName":"
2412	2	Deployment1","CreatedByUserId":35,"EmailId":"Test@Test.com","MaximumCharactersForUse
2412	2	Code For C# Using RestSharp
2413	2	Code For Java Using OkHttp
2413	2	Code For Python Using Requests
2413	2	45.2 UserExistsV1
2413	2	Type of Request GET
2413	2	Endpoint /api/UserRegistration/UserExists
2414	2	Version
2414	2	Release Version U4
2414	2	Pre Endpoint Call /arconToken
2414	2	Request Params - - - -
2414	2	Headers Content-Type application/json Mandatory -
2414	2	Body
2414	2	Response
2414	2	Post Endpoint Call None
2414	2	Supported Features NA
2414	3	45.2.1 Data Types of Request and Response
2414	2	Type Parameters Data Type Description
2415	3	45.2.2 Code Blocks for ‘/UserExists’
2415	2	Code For Javascript - Jquery Using AJAX
2415	2	Code For C# Using RestSharp
2416	2	Code For Java Using OkHttp
2416	2	Code For Python Using Requests
2416	2	45.3 GetAllUsersV1
2416	2	Type of Request GET
2416	2	Endpoint /api/UserRegistration/GetAllUsers
2416	2	Version
2416	2	Release Version U4
2416	2	Pre Endpoint Call /arconToken
2417	2	Request Params - - - -
2417	2	Headers Content-Type application/json Mandatory -
2418	2	Response
2418	2	Post Endpoint Call None
2419	2	Supported Features NA
2419	3	45.3.1 Data Types of Request and Response
2419	2	Type Parameters Data Type Description
2419	2	Request No Parameters
2420	3	45.3.2 Code Blocks for ‘/GetAllUsers’
2420	2	Code For Javascript - Jquery Using AJAX
2420	2	Code For C# Using RestSharp
2421	2	Code For Java Using OkHttp
2421	2	Code For Python Using Requests
2421	2	45.4 InsertUserV1
2421	2	Type of Request POST
2421	2	Endpoint /api/UserRegistration/InsertUser
2421	2	Version
2421	2	Release Version U4
2421	2	Pre Endpoint Call /arconToken
2421	2	Request Params - - - -
2422	2	Headers Content-Type application/json Mandatory -
2422	2	Body
2423	2	Response
2423	2	Post Endpoint Call None
2423	2	Supported Features NA
2423	3	45.4.1 Data Types of Request and Response
2423	2	Type Parameters Data Type Description
2424	2	Type Parameters Data Type Description
2425	2	Type Parameters Data Type Description
2425	3	45.4.2 Code Blocks for ‘/InsertUser’
2425	2	Code For Javascript - Jquery Using AJAX
2425	2	JSON.stringify({"Username":"user67","UsernameOld":"user13","Password":"user@123","Em
2426	2	Code For C# Using RestSharp
2426	2	Code For Java Using OkHttp
2427	2	Code For Python Using Requests
2427	2	45.5 UpdateUserV1
2427	2	Type of Request POST
2427	2	Endpoint /api/UserRegistration/UpdateUser
2427	2	Version
2427	2	Release Version U4
2427	2	Pre Endpoint Call /arconToken
2427	2	Request Params - - - -
2427	2	Headers Content-Type application/json Mandatory -
2428	2	Body
2428	2	Response
2428	2	Post Endpoint Call None
2428	2	Supported Features NA
2428	3	45.5.1 Data Types of Request and Response
2428	2	Type Parameters Data Type Description
2429	2	Type Parameters Data Type Description
2430	2	Type Parameters Data Type Description
2430	2	Response
2430	3	45.5.2 Code Blocks for ‘/UpdateUser’
2430	2	Code For Javascript - Jquery Using AJAX
2430	2	JSON.stringify({"Username":"user67","UsernameOld":"user13","Password":"user@123","Em
2431	2	Code For C# Using RestSharp
2431	2	Code For Java Using OkHttp
2432	2	Code For Python Using Requests
2432	2	45.6 DeleteUserV1
2432	2	Type of Request POST
2432	2	Endpoint /api/UserRegistration/DeleteUser
2432	2	Version
2432	2	Release Version U4
2432	2	Pre Endpoint Call /arconToken
2432	2	Request Params - - - -
2432	2	Headers Content-Type application/json Mandatory -
2433	2	Body
2433	2	Response
2433	2	Post Endpoint Call None
2433	2	Supported Features NA
2433	3	45.6.1 Data Types of Request and Response
2433	2	Type Parameters Data Type Description
2434	2	Type Parameters Data Type Description
2435	2	Type Parameters Data Type Description
2435	2	Response
2435	3	45.6.2 Code Blocks for ‘/DeleteUser’
2435	2	Code For Javascript - Jquery Using AJAX
2435	2	JSON.stringify({"Username":"user67","UsernameOld":"user13","Password":"user@123","Em
2436	2	Code For C# Using RestSharp
2436	2	Code For Java Using OkHttp
2437	2	Code For Python Using Requests
2437	2	45.7 GetAccessDetailsV1
2437	2	Type of Request GET
2437	2	Endpoint /api/UserRegistration/GetAccessDetails
2437	2	Version
2437	2	Release Version U4
2437	2	Pre Endpoint Call /arconToken
2437	2	Request Params - - - -
2437	2	Headers Content-Type application/json Mandatory -
2438	2	Response
2438	2	Post Endpoint Call None
2438	2	Supported Features NA
2438	3	45.7.1 Data Types of Request and Response
2438	2	Type Parameters Data Type Description
2438	2	Request No Parameters
2439	2	Type Parameters Data Type Description
2439	3	45.7.2 Code Blocks for ‘/GetAccessDetails’
2439	2	Code For Javascript - Jquery Using AJAX
2440	2	Code For C# Using RestSharp
2440	2	Code For Java Using OkHttp
2440	2	Code For Python Using Requests
2441	2	45.8 InsertAccessTypeV1
2441	2	Type of Request POST
2441	2	Endpoint /api/UserRegistration/InsertAccessType
2441	2	Version
2441	2	Release Version U4
2441	2	Pre Endpoint Call /arconToken
2441	2	Request Params - - - -
2441	2	Headers Content-Type application/json Mandatory -
2441	2	Body
2441	2	Response
2442	2	Post Endpoint Call None
2442	2	Supported Features NA
2442	3	45.8.1 Data Types of Request and Response
2442	2	Type Parameters Data Type Description
2443	3	45.8.2 Code Blocks for ‘/InsertAccessType’
2443	2	Code For Javascript - Jquery Using AJAX
2443	2	"data": JSON.stringify({"RowId":"6","DisplayName":"ARCON PAM  User Favourites
2443	2	Details","AccessType":"UserFavourites","CreatedOn":"12/03/2021
2443	2	Code For C# Using RestSharp
2444	2	Code For Java Using OkHttp
2444	2	Code For Python Using Requests
2444	2	Favourites Details\",\r\n    \"AccessType\":\"UserFavourites\"\r\n,\r\n
2444	2	45.9 UserExistsV2
2444	2	Type of Request POST
2444	2	Endpoint /api/UserRegistration/UserExists
2445	2	Version
2445	2	Release Version U4
2445	2	Pre Endpoint Call /arconToken
2445	2	Request Params - - - -
2445	2	Headers Content-Type application/json Mandatory -
2445	2	Body
2445	2	Response
2445	2	Post Endpoint Call None
2445	2	Supported Features NA
2445	3	45.9.1 Data Types of Request and Response
2445	2	Type Parameters Data Type Description
2446	3	45.9.2 Code Blocks for ‘/UserExists’
2446	2	Code For Javascript - Jquery Using AJAX
2446	2	Code For C# Using RestSharp
2447	2	Code For Java Using OkHttp
2447	2	Code For Python Using Requests
2448	1	46 UserRestrictCommand
2448	2	46.1 GetLobWiseServiceCount
2448	2	Type of Request POST
2448	2	Endpoint /api/UserRestrictCommand/GetLobWiseServiceCount
2448	2	Version
2448	2	Release Version U13
2448	2	Pre Endpoint Call /arconToken
2448	2	Request Params - - - -
2448	2	Headers Content-Type application/json Mandatory -
2448	2	Body
2448	2	Response
2448	2	Post Endpoint Call All API's
2449	2	Supported Features NA
2449	3	46.1.1 Data Types of Request and Response
2449	2	Type Parameters Data Type Description
2449	2	Request
2449	2	ARCON PAM
2449	2	ARCON PAM
2449	2	Response
2450	3	46.1.2 Code Blocks for ‘/GetLobWiseServiceCount’
2450	2	Code For Javascript - Jquery Using AJAX
2450	2	JSON.stringify({"ActionType":"","ApsId":1,"ApsSubId":1,"LOBID":1,"OperationBy":"","O
2450	2	Code For C# Using RestSharp
2451	2	Code For Java Using OkHttp
2451	2	Code For Python Using Requests
2451	2	46.2 EnableClipboardLobWise
2451	2	Type of Request POST
2451	2	Endpoint /api/UserRestrictCommand/EnableClipboardLobWise
2451	2	Version
2451	2	Release Version U9
2452	2	Pre Endpoint Call /arconToken
2452	2	Request Params - - - -
2452	2	Headers Content-Type application/json Mandatory -
2452	2	Body
2452	2	Response
2452	2	Post Endpoint Call All API's
2452	2	Supported Features NA
2452	3	46.2.1 Data Types of Request and Response
2452	2	Type Parameters Data Type Description
2452	2	Request
2452	2	ARCON PAM
2452	2	ARCON PAM
2453	2	Type Parameters Data Type Description
2453	2	Response
2453	3	46.2.2 Code Blocks for ‘/EnableClipboardLobWise’
2453	2	Code For Javascript - Jquery Using AJAX
2453	2	JSON.stringify({"ActionType":"","ApsId":1,"ApsSubId":1,"LOBID":1,"OperationBy":"","O
2454	2	Code For C# Using RestSharp
2454	2	Code For Java Using OkHttp
2455	2	Code For Python Using Requests
2455	2	46.3 DisableClipboardLobWise
2455	2	Type of Request POST
2455	2	Endpoint /api/UserRestrictCommand/DisableClipboardLobWise
2455	2	Version
2455	2	Release Version U10
2455	2	Pre Endpoint Call /arconToken
2455	2	Request Params - - - -
2455	2	Headers Content-Type application/json Mandatory -
2456	2	Body
2456	2	Response
2456	2	Post Endpoint Call All API's
2456	2	Supported Features NA
2456	3	46.3.1 Data Types of Request and Response
2456	2	Type Parameters Data Type Description
2456	2	Request
2456	2	ARCON PAM
2456	2	ARCON PAM
2457	2	Type Parameters Data Type Description
2457	2	Response
2457	3	46.3.2 Code Blocks for ‘/DisableClipboardLobWise’
2457	2	Code For Javascript - Jquery Using AJAX
2457	2	JSON.stringify({"ActionType":"","ApsId":1,"ApsSubId":1,"LOBID":1,"OperationBy":"","O
2457	2	Code For C# Using RestSharp
2458	2	Code For Java Using OkHttp
2458	2	Code For Python Using Requests
2458	2	46.4 ClipboardChangeGCLobWise
2458	2	Type of Request POST
2458	2	Endpoint /api/UserRestrictCommand/ClipboardChangeGCLobWise
2458	2	Version
2458	2	Release Version U3
2459	2	Pre Endpoint Call /arconToken
2459	2	Request Params - - - -
2459	2	Headers Content-Type application/json Mandatory -
2459	2	Body
2459	2	Response
2459	2	Post Endpoint Call All API's
2459	2	Supported Features NA
2459	3	46.4.1 Data Types of Request and Response
2459	2	Type Parameters Data Type Description
2459	2	Request
2459	2	ARCON PAM
2459	2	ARCON PAM
2460	2	Type Parameters Data Type Description
2460	2	Response
2460	3	46.4.2 Code Blocks for ‘/ClipboardChangeGCLobWise’
2460	2	Code For Javascript - Jquery Using AJAX
2460	2	JSON.stringify({"ActionType":"","ApsId":1,"ApsSubId":1,"LOBID":1,"OperationBy":"","O
2461	2	Code For C# Using RestSharp
2461	2	Code For Java Using OkHttp
2461	2	ClipboardChangeGCLobWise")
2462	2	Code For Python Using Requests
2463	1	47 UserServiceSession
2463	2	47.1 EndUserServiceSessionV1
2463	2	Type of Request POST
2463	2	Endpoint /api/UserServiceSession/EndUserServiceSession
2463	2	Version
2463	2	Release Version U10
2463	2	Pre Endpoint Call /arconToken
2463	2	Request Params - - - -
2463	2	Headers Content-Type application/json Mandatory -
2463	2	Query
2463	2	String
2463	2	Paramete
2463	2	EndUserServiceSession?sessionId=2227
2463	2	Response
2463	2	Post Endpoint Call All API's
2463	2	Supported Features ARCOS Log Archiver Service
2464	3	47.1.1 Data Types of Request and Response
2464	2	Type Parameters Data Type Description
2464	2	ARCON PAM
2464	3	47.1.2 Code Blocks for '/EndUserServiceSession'
2464	2	Code For Javascript - Jquery Using AJAX
2464	2	Code For C# Using RestSharp
2465	2	Code For Java Using OkHttp
2465	2	Code For Python Using Requests
2466	1	48 VideoLog
2466	2	48.1 GetVideoLogSettings
2466	2	Type of Request POST
2466	2	Endpoint /api/VideoLog/GetVideoLogSettings
2466	2	Version
2466	2	Release Version U9
2466	2	Pre Endpoint Call /arconToken
2466	2	Request Params - - - -
2466	2	Headers Content-Type application/json Mandatory -
2466	2	Query
2466	2	String
2466	2	Paramete
2466	2	Response
2467	2	Post Endpoint Call All API's
2467	2	Supported Features ARCOS Log Archiver Service
2467	3	48.1.1 Data Types of Request and Response
2467	2	Type Parameters Data Type Description
2467	2	ARCON PAM
2467	2	Response IsRDPRecordComp
2467	2	RDPImageWidthIn
2467	2	RDPImageHeightIn
2467	2	RDPRecordIsEnabl
2467	2	RDPSessionLogInte
2467	2	ARCOSWindowMi
2467	2	ARCOSWindowMi
2468	3	48.1.2 Code Blocks for '/GetVideoLogSettings'
2468	2	Code For Javascript - Jquery Using AJAX
2468	2	Code For C# Using RestSharp
2469	2	Code For Java Using OkHttp
2469	2	Code For Python Using Requests
2470	2	POC (Point of Contact) & Support Information
2470	2	Web
2470	2	Sales Contact
2470	2	Support Contact
2470	1	3. ARCON Support Centre (ASC): https://arcon.my.site.com/login
2470	1	4. Central Support E-mail Address: arcos.support@arconnet.com
2470	2	Global: +91 8080005577 (For ARCON Support Press 3)
2470	2	UAE: +971800035703628 (Press 3)
2470	2	USA: 18003501093 (Press 3)
2470	2	Europe: +49 32 212249836 (Press 3)
