page	level	heading
2	2	Disclaimer
2	2	Copyright Notice
2	2	Trademarks
7	1	1 Introduction to ARCON Privileged Access Management (PAM)
8	1	2 Why ARCON PAM is Important and Beneficial for Organizations
8	2	Mitigates Insider and External Threats
8	2	Strengthens Compliance and Audit Readiness
8	2	Enhances Operational Efficiency
8	2	Supports Digital Transformation
8	2	Real-time Monitoring and Alerts
8	2	Secure Third-Party Access
9	1	3 Quick Start Guide
9	2	3.1 Overview
9	2	3.2 Section 1: Admin Modules
9	3	3.2.1 1. Server Manager
9	3	3.2.2 2. Session Monitoring
9	3	3.2.3 3. AD Bridging
9	3	3.2.4 4. Digital Vault / Password Vault
10	3	3.2.5 5. Auto Onboarding
10	3	3.2.6 6. PAM Logs
10	3	3.2.7 7. My Vault (Admin)
10	3	3.2.8 8. Spection
10	3	3.2.9 9. Settings
11	3	3.2.10 10. IDAM (Identity Access Management)
11	3	3.2.11 11. User Access Governance
11	3	3.2.12 12. Administrator Console
11	3	3.2.13 13. My Vault Enterprise
11	3	3.2.14 14. Access Control
11	3	3.2.15 15. User Discovery
12	3	3.2.16 16. Reports
12	2	3.3 Section 2: ACMO Modules
12	3	3.3.1 1. Script Manager
12	3	3.3.2 2. Dashboard
12	3	3.3.3 3. My Services
12	3	3.3.4 4. My Preferences
12	3	3.3.5 5. Raise Request
13	3	3.3.6 6. Pending Request
13	3	3.3.7 7. Request Logs
13	3	3.3.8 8. My Activity
13	3	3.3.9 Support
14	1	4 Getting Started
14	2	Login Management
14	2	License Information
14	2	Key Features
14	2	Use Cases
14	2	PAM Access and Dashboard
14	2	4.2 Login Management
14	3	4.2.1 Overview
14	2	ACMO Login
14	2	License Information
14	3	4.2.2 ACMO Login
15	2	Field Name Description
17	3	4.2.3 License Information
19	2	4.3 Administrator Access (Admin Access)
19	3	4.3.1 Overview
19	2	Command Profiler
19	2	Privilege Management
19	2	Administrative Console
19	2	Password Vault
19	2	Access Control
19	2	Workflow Management
19	2	Settings
19	2	Logs Management
19	2	Tool Management
19	2	IDAM
19	2	Privileged User Discovery
19	2	Entity Management and Mapping
19	3	4.3.2 Command Profiler
19	3	4.3.2.1 What is Command Profiler?
19	3	4.3.2.2 Why is Command Profiler Important?
20	3	4.3.2.3 Processes Management
20	3	4.3.2.3.1 What is Process Management?
20	3	4.3.2.3.2 Why do we need Process Management?
20	2	TS Plugin Installation
20	2	Create Profile
20	2	Assign TS Monitor Command To Service
21	3	4.3.2.3.3 Process Flow Diagram
22	3	4.3.2.3.4 TS Plugin Installation
22	3	4.3.2.3.4.1 Pre-requisites
23	2	PAMAPI URL
23	2	WebDT Web Service
23	3	4.3.2.3.5 How to Install TS Plugin?
25	3	4.3.2.3.6 How to Create Profiles?
29	3	4.3.2.3.7 How to Add New Process?
30	2	Description
30	2	Command Name
30	2	Process Name
30	2	Process Title
30	2	Process Path
30	3	4.3.2.3.8 How to Modify Details of Process?
32	3	4.3.2.3.9 How to Delete a Process?
33	3	4.3.2.3.10 How to Assign TS Monitor Command to Service?
37	3	4.3.2.3.11 How to Assign Profiles and Restrict or Elevate Processes?
42	3	4.3.2.3.12 How to Elevate Process?
44	3	4.3.2.4 Commands Management
44	3	4.3.2.4.1 What are Commands Management?
44	3	4.3.2.4.2 Why do we need Commands Management?
45	2	Configure Workflow Approval Matrix
45	2	Create Command Profile
45	2	Assign Profile To User
45	3	4.3.2.4.3 Process Flow Diagram
46	3	4.3.2.4.4 Configure Workflow Approval Matrix
46	3	4.3.2.4.4.1 How to Configure Workflow Approval Matrix?
48	2	Field Name Description
48	2	Between Specific
48	2	Time
48	2	Specific Service IP
48	2	Address
48	2	Specific Privileged
48	2	Account
49	2	Field Name Description
49	2	Send Email
49	2	Notification(s) To
49	2	Requester
49	2	Send SMS
49	2	Notification(s) To
49	2	Approver
49	3	4.3.2.4.5 Create Command Profile
49	3	4.3.2.4.5.1 What is Command Profile?
49	3	4.3.2.4.5.2 Why is Command Profile Important?
50	3	4.3.2.4.5.3 How to Create Command Profiler?
50	2	Server Manager > Manage > Command Profiler
51	2	Command Profile Added Into List
52	2	N: None <Displayed in Black Colour>
52	2	R: Restricted <Displayed in Maroon Colour>
52	2	CWA: Critical With Approval <Displayed in Orange Colour>
53	3	4.3.2.4.6 Delete and Modify Command Profile
53	3	4.3.2.4.6.1 How to Delete and Modify Command Profile?
53	2	Are You Sure You Want To Delete The Selected Command Profile?
54	3	4.3.2.4.6.2 Modify Details of Command Profile
54	3	4.3.2.4.7 Create and Delete Commands
54	3	4.3.2.4.7.1 How to Create and Delete Command?
55	3	4.3.2.4.7.2 Delete Command
56	3	4.3.2.4.8 Assign Profile to User
57	3	4.3.2.4.8.1 How to Assign Profile to User?
57	2	Server Manager > Manage > Users and Services > Manage Commands
60	2	Commands Restricted/ Applied Successfully For User
61	3	4.3.2.4.9 Command Line Access Control
61	3	4.3.2.4.9.1 What is Command Line Access Control?
61	3	4.3.2.4.9.2 Why is Command Line Access Control Needed?
61	3	4.3.2.4.9.3 Elevation of Privilege
62	2	How to Access Services?
66	3	4.3.2.4.9.4 Command Restrictions
66	2	What are Command Restrictions?
66	2	Why are Command Restrictions Needed?
67	2	How to Access Configuration?
67	2	How to Access Service?
68	3	4.3.2.4.9.5 Critical Command Execution With Approval
69	2	Configuration
69	2	How to Access Workflow?
69	2	Settings → Workflow → User Request Approval Workflow → Add/Edit
70	2	How to Access Service?
75	2	How to Execute Command ?
77	3	4.3.3 Privilege Management
77	2	What is Privilege Management?
77	3	4.3.3.1 Assign or Revoke Privileges from Admin or Client Users
77	3	4.3.3.1.1 Overview
77	2	ARCON PAM User Privileges
77	2	ARCON PAM Group Admin Privileges
77	3	4.3.3.1.1.1 ARCON PAM User Privileges
77	2	Delegation, ARCOS File Vault, Client Manager Log, Manager LOB/Profile, PAM Menu, Password
77	2	Server Manager Privileges: Application Password Change, Application Password Change – HP
78	3	4.3.3.1.1.2 ARCON PAM Group Admin Privileges
78	2	Manage → Users and Services → Manage Users
79	3	4.3.3.2 Client Manager's Privileges
79	2	What are Client Manager’s Privileges?
80	2	ARCON PAM Client Manager Privileges Description Feature Navigation
80	2	API User
80	2	Registration
80	2	Manager >
80	2	Application Setting
80	2	ARCON PAM
80	2	Configuration
80	2	Client Manager
80	2	Privileges- View All
80	2	LOB
80	2	Reports
80	2	Settings > Scheduler
80	2	Reports >
80	2	Dashboard
80	2	ARCON PAM
80	2	Dashboard
80	2	Dashboard
80	2	ARCON PAM
80	2	Delegation
80	2	Service Access, Service Password, or
80	2	My Access >
80	2	Preferences >
80	2	Delegation
80	2	Client Manager
80	2	Log
80	2	View Server Access
80	2	Log
80	2	Manager > Access
80	2	Logs
80	2	View Server Access
80	2	Log Details
80	2	Manager > Access
80	2	Logs > Details
80	2	Manager LOB/
80	2	Profile
80	2	View Service Access
80	2	Logs With Details
80	2	My Access > My
80	2	Activity
80	2	Manager
80	2	Report -
80	2	Dashboard
80	2	Reports > Dashboard
80	2	> ARCOS Live
80	2	Password Security Status, Password
80	2	Change Success- Failure Rate, and
80	2	Reports > Dashboard
80	2	> Enterprise
80	2	Password
81	2	ARCON PAM Client Manager Privileges Description Feature Navigation
81	2	Reports > Dashboard
81	2	> Live Server
81	2	Sessions
81	2	Reports > Dashboard
81	2	> User Access &
81	2	Usage
81	2	Report - Group
81	2	Reports
81	2	Servers In Service
81	2	Group
81	2	Reports > Group
81	2	Reports > Servers In
81	2	Server Group
81	2	Reports > Group
81	2	Reports > Service
81	2	Group Report
81	2	Services In Service
81	2	Group
81	2	Reports > Group
81	2	Reports > Services In
81	2	Server Group
81	2	Reports > Group
81	2	Reports > User
81	2	Group Report
81	2	Reports > Group
81	2	Reports > Users In
81	2	User Group
81	2	Report - LOB
81	2	Reports
81	2	Active Services Group
81	2	Wise Report
81	2	Reports > LOB
81	2	Reports > Active
81	2	Services Group Wise
81	2	Report
81	2	Reports > LOB
81	2	Reports > Service
81	2	Count Report
81	2	Reports > LOB
81	2	Reports > Object
81	2	Status Report
82	2	ARCON PAM Client Manager Privileges Description Feature Navigation
82	2	Reports > LOB
82	2	Reports > Active
82	2	Services Report
82	2	Reports > LOB
82	2	Reports > Active
82	2	Users Report
82	2	Inactive Services
82	2	Report
82	2	Reports > LOB
82	2	Reports > Inactive
82	2	Services Report
82	2	Reports > LOB
82	2	Reports > LOB
82	2	Details Report
82	2	Reports > Dormant
82	2	Users
82	2	Report - Logs Service Request
82	2	Workflow Logs
82	2	Reports > Logs
82	2	> Service Request
82	2	Workflow Logs
82	2	Ticket Request
82	2	Workflow Logs
82	2	Reports > Logs
82	2	> Ticket Request
82	2	Workflow Logs
82	2	Reports > Logs > Log
82	2	Review Report
82	2	Approval Delegation
82	2	Report
82	2	Reports > Logs
82	2	> Approval
82	2	Delegation Report
82	2	Reports > Logs
82	2	> Service Access Log
82	2	Reports > Logs
82	2	> Session Activity
82	2	Log
82	2	User Access Review
82	2	Processes
82	2	Reports > Logs >User
82	2	Access Review
82	2	Processes
83	2	ARCON PAM Client Manager Privileges Description Feature Navigation
83	2	Service Password
83	2	Request Workflow
83	2	Logs
83	2	Reports > Logs
83	2	> Service Password
83	2	Request Workflow
83	2	Logs
83	2	Day Wise Summary
83	2	Report
83	2	Reports > Logs > Day
83	2	Wise Summary
83	2	Report
83	2	Session Wise Summary
83	2	Report
83	2	Reports > Logs
83	2	> Session Wise
83	2	Summary Report
83	2	Reports > Logs > My
83	2	Vault Logs
83	2	SIEM Command Logs
83	2	Report
83	2	Reports > Logs >
83	2	SIEM Command Logs
83	2	Report
83	2	Reports > Logs >
83	2	APEM Logs
83	2	Day Wise User Access
83	2	Summary Report
83	2	Reports > Logs > Day
83	2	Wise User Access
83	2	Summary Report
83	2	Incident Management
83	2	Log
83	2	Reports > Logs
83	2	> Incident
83	2	Management Log
83	2	Outside ARCON PAM
83	2	Access Log
83	2	Reports > Logs
83	2	> Outside ARCON
83	2	PAM Access Log
84	2	ARCON PAM Client Manager Privileges Description Feature Navigation
84	2	Service Access Log Day
84	2	Wise Report
84	2	Reports > Logs
84	2	> Service Access Log
84	2	Day Wise Report
84	2	Service Password
84	2	Status Log
84	2	Reports > Logs
84	2	> Service Password
84	2	Status Log
84	2	Reports > Logs > SMS
84	2	And Email Log
84	2	User Access Log
84	2	Report
84	2	Reports > Logs
84	2	> User Access Log
84	2	Report
84	2	User Access Review
84	2	Service Details
84	2	Reports > Logs
84	2	> User Access
84	2	Review Service
84	2	Details
84	2	Service Access Log
84	2	Report
84	2	Reports > Logs
84	2	>Session Log Report
84	2	Reports > Logs >
84	2	Collaboration Report
84	2	Report -
84	2	Performance
84	2	Reports
84	2	New ARCON Desk
84	2	Insight Devices
84	2	Reports >
84	2	Performance Reports
84	2	> New ARCON
84	2	DeskInsight Devices
84	2	MS SQL Connection
84	2	Report
84	2	Reports >
84	2	Performance Reports
84	2	> MS SQL
84	2	Connection Report
84	2	Report - Privilege
84	2	Reports
84	2	Client Manager
84	2	Privilege Report
84	2	Reports > Privilege
84	2	Reports > Client
84	2	Manager Privilege
84	2	Report
84	2	Group Admin Privilege
84	2	Report
84	2	Reports > Privilege
84	2	Reports > Group
84	2	Admin Privilege
84	2	Report
85	2	ARCON PAM Client Manager Privileges Description Feature Navigation
85	2	Server Manager
85	2	Privilege Report
85	2	Reports > Privilege
85	2	Reports > Server
85	2	Manager Privilege
85	2	Report
85	2	User & Service
85	2	Privileges - Windows
85	2	RDP
85	2	Reports > Privilege
85	2	Reports > User &
85	2	Service Privileges -
85	2	Windows RDP
85	2	Privileges
85	2	Reports > Privilege
85	2	Reports > Users &
85	2	Service Privileges
85	2	Report - Security
85	2	Reports
85	2	Critical Commands
85	2	Executed Report
85	2	Reports > Security
85	2	Reports > Critical
85	2	Commands Executed
85	2	Report
85	2	Restricted Commands
85	2	Attempted Reports
85	2	Reports > Security
85	2	Reports > Restricted
85	2	Commands Executed
85	2	Report
85	2	Services Report
85	2	Reports > Security
85	2	Reports > High Usage
85	2	Report
85	2	Invalid Login Attempts
85	2	Report
85	2	Reports > Security
85	2	Reports > Invalid
85	2	Login Attempts
85	2	Report
85	2	Services Report
85	2	Reports > Security
85	2	Reports > Low Usage
85	2	Report
85	2	Multiple Desktop
85	2	Logon Report
85	2	Reports > Security
85	2	Reports > Multiple
85	2	Desktop Logon
85	2	Report
85	2	Multiple User Logon
85	2	Report
85	2	Reports > Security
85	2	Reports > Multiple
85	2	User Logon Report
86	2	ARCON PAM Client Manager Privileges Description Feature Navigation
86	2	Network Segment
86	2	Wise Logon Report
86	2	Reports > Security
86	2	Reports > Network
86	2	Segment Wise Logon
86	2	Report
86	2	Service Accessed -
86	2	Multiple Times Report
86	2	Reports > Security
86	2	Reports > Service
86	2	Accessed - Multiple
86	2	Times Report
86	2	User Service Accessed
86	2	- Multiple Times
86	2	Report
86	2	Reports > Security
86	2	Reports > User
86	2	Service Accessed -
86	2	Multiple Times
86	2	Report
86	2	Mobile OTP Auth
86	2	Status Report
86	2	Reports > Security
86	2	Reports > Mobile
86	2	OTP Auth Status
86	2	Report
86	2	Production Hrs Report
86	2	Reports > Security
86	2	Reports > Service
86	2	Production Hrs
86	2	Report
86	2	Commands Executed
86	2	Report
86	2	Reports > Security
86	2	Reports > Commands
86	2	Executed Report
86	2	Blacklisted Processes
86	2	Attempted Report
86	2	Reports > Security
86	2	Reports > Blacklisted
86	2	Processes Attempted
86	2	Report
86	2	Report - Service
86	2	Reports
86	2	Multiple Service
86	2	Reference No. Report
86	2	Reports > Service
86	2	Reports > Multiple
86	2	Service Reference
86	2	No. Report
86	2	Unique Services IP
86	2	Address Report
86	2	Reports > Service
86	2	Reports > Unique
86	2	Services IP Address
86	2	Report
86	2	Reports > Service
86	2	Reports > Active
86	2	Services Report
87	2	ARCON PAM Client Manager Privileges Description Feature Navigation
87	2	Service Accessed
87	2	Summary Report
87	2	Reports > Service
87	2	Reports > Service
87	2	Accessed Summary
87	2	Reports > Service
87	2	Reports > Active
87	2	Sessions Report
87	2	Scheduled Password
87	2	Change Services
87	2	Reports > Service
87	2	Reports > Scheduled
87	2	Password Change
87	2	Services
87	2	Service Accessed
87	2	Summary Days Wise
87	2	Report
87	2	Reports > Service
87	2	Reports > Service
87	2	Accessed Summary
87	2	Password Envelope
87	2	Reports > Service
87	2	Reports > Password
87	2	Envelope Print
87	2	Report
87	2	Service Dependency
87	2	Report
87	2	Reports > Service
87	2	Reports > Service
87	2	Dependency Report
87	2	Report
87	2	Reports > Service
87	2	Domain
87	2	Report
87	2	Reports > Service
87	2	Domain
87	2	Service Type Report
87	2	Reports > Service
87	2	Reports > Service
87	2	Type Report
87	2	Service Creation
87	2	Deletion Summary
87	2	Report
87	2	Reports > Service
87	2	Reports > Service
87	2	Creation Deletion
87	2	Summary Report
88	2	ARCON PAM Client Manager Privileges Description Feature Navigation
88	2	Service Timeline
88	2	Report
88	2	Reports > Service
88	2	Reports > Service
88	2	Timeline Report
88	2	Service Creation
88	2	Deletion Details
88	2	Report
88	2	Reports > Service
88	2	Reports > Service
88	2	Creation Deletion
88	2	Details Report
88	2	Server Last Accessed
88	2	Reports > Service
88	2	Reports > Server Last
88	2	Accessed On
88	2	Service Audit Logs
88	2	Report
88	2	Reports > Service
88	2	Reports > Service
88	2	Audit Logs Report
88	2	AGW Service Access
88	2	Report
88	2	Reports > Service
88	2	Reports >AGW
88	2	Service Access
88	2	Report
88	2	Reports > Service
88	2	Reports >Device
88	2	Session Extension
88	2	Report - For Duration
88	2	Session Extended Report - For Duration
88	2	Reports > Service
88	2	Reports >Session
88	2	Extension Report -
88	2	For Duration
88	2	Service Application
88	2	Report
88	2	Reports > Service
88	2	Reports >Service
88	2	Application Report
88	2	AGW Server
88	2	Reports > Service
88	2	Reports >Services
88	2	Server
88	2	Password
88	2	Dependencies(Actions)
88	2	Reports > Service
88	2	Reports > Password
88	2	Dependencies(Action
88	2	Reports > Service
88	2	Reports >DMZ Gate
88	2	Report
88	2	Command Profile
88	2	Report
88	2	Reports > Service
88	2	Reports >Command
88	2	Profile Report
89	2	ARCON PAM Client Manager Privileges Description Feature Navigation
89	2	Reports > Service
89	2	Console Report
89	2	Report
89	2	Reports > Service
89	2	Reports > Password
89	2	Reports > Service
89	2	Reports > Password
89	2	Reports > Service
89	2	Reports > Password
89	2	Reports > Service
89	2	Reports > Password
89	2	Report - User
89	2	Reports
89	2	Reports > User
89	2	Reports > Idle Users
89	2	Report
89	2	User & Service
89	2	Mapping Report
89	2	Reports > User
89	2	Reports > User &
89	2	Service Mapping
89	2	Report
89	2	User Last Logon
89	2	Report
89	2	Reports > User
89	2	Reports > User Last
89	2	Logon Report
89	2	User Biometric Auth
89	2	Report
89	2	Reports > User
89	2	Reports > User
89	2	Biometric Auth
89	2	Report
89	2	User Biometric Auth
89	2	Report - All LOB
89	2	Reports > User
89	2	Reports > User
89	2	Biometric Auth
89	2	Report - All LOB
89	2	User Mobile OTP Auth
89	2	Report
89	2	Reports > User
89	2	Reports > User
89	2	Mobile OTP Auth
89	2	Report
89	2	User Hardware Auth
89	2	Report
89	2	Reports > User
89	2	Reports > User
89	2	Hardware Auth
89	2	Report
90	2	ARCON PAM Client Manager Privileges Description Feature Navigation
90	2	User SMS OTP Auth
90	2	Report
90	2	Reports > User
90	2	Reports > User SMS
90	2	OTP Auth Report
90	2	Reports > User
90	2	Reports > Active
90	2	Users Report
90	2	Reports > User
90	2	Reports > Inactive
90	2	Users Report
90	2	Dual Factor Auth
90	2	Configuration Report
90	2	Reports > User
90	2	Reports > Dual
90	2	Factor Auth
90	2	Configuration Report
90	2	Locked Out User
90	2	Report
90	2	Application Configuration (Settings
90	2	Reports > User
90	2	Reports > Locked
90	2	Out User Report
90	2	Reports > User
90	2	Reports > Dormant
90	2	User Report
90	2	Last Service Accessed
90	2	Report
90	2	Reports > User
90	2	Reports > Last
90	2	Service Accessed
90	2	Report
90	2	Consolidated User &
90	2	Service Mapping
90	2	Report
90	2	Reports > User
90	2	Reports
90	2	> Consolidated User
90	2	& Service Mapping
90	2	Report
90	2	Reports > User
90	2	Reports > User
90	2	User Creation Deletion
90	2	Summary Report
90	2	Reports > User
90	2	Reports > User
90	2	Creation Deletion
90	2	Summary Report
91	2	ARCON PAM Client Manager Privileges Description Feature Navigation
91	2	User Compliance
91	2	Report
91	2	Reports > User
91	2	Reports > User
91	2	Compliance Report
91	2	Reports > User
91	2	Reports > User
91	2	Status  Report
91	2	Endpoint Access
91	2	Control Configuration
91	2	Report
91	2	Configuration of Endpoint Access
91	2	Reports > User
91	2	Reports > Endpoint
91	2	Access Control
91	2	Configuration Report
91	2	Report - Vault
91	2	Reports
91	2	Service Password
91	2	Envelope Print Status
91	2	Report
91	2	Reports > Vault
91	2	Reports > Service
91	2	Password Envelope
91	2	Print Status Report
91	2	Restore Service
91	2	Password Option Used
91	2	Reports > Vault
91	2	Reports > Restore
91	2	Service Password
91	2	Option Used
91	2	Service Password Age
91	2	Report
91	2	Reports > Vault
91	2	Reports > Service
91	2	Password Age Report
91	2	Service Password
91	2	Change Failed (Server
91	2	Unavailable) Report
91	2	Reports > Vault
91	2	Reports > Service
91	2	Password Change
91	2	Failed (Server
91	2	Unavailable) Report
91	2	Service Password
91	2	Changed Status Report
91	2	Reports > Vault
91	2	Reports > Service
91	2	Password Changed
91	2	Status Report
91	2	Service Password
91	2	Expires In 5 Days
91	2	Report
91	2	Reports > Vault
91	2	Reports > Service
91	2	Password Expires In
91	1	5 Days Report
91	2	Service Password
91	2	Manually Changed
91	2	Report
91	2	Reports > Vault
91	2	Reports > Service
91	2	Password Manually
91	2	Changed Report
92	2	ARCON PAM Client Manager Privileges Description Feature Navigation
92	2	Service Password
92	2	Never Changed Report
92	2	- All LOB
92	2	Reports > Vault
92	2	Reports > Service
92	2	Password Never
92	2	Changed Report
92	2	Service Password
92	2	Check-Out Report
92	2	Reports > Vault
92	2	Reports > Service
92	2	Password Check Out
92	2	Report
92	2	Service Password
92	2	Changed Success-
92	2	Failed Report
92	2	Reports > Vault
92	2	Reports > Service
92	2	Password Changed
92	2	Success-Failed
92	2	Report
92	2	Service Password
92	2	Security Status
92	2	Reports > Vault
92	2	Reports > Service
92	2	Password Security
92	2	Status
92	2	Service Password
92	2	Vaulting Summary
92	2	Report
92	2	Reports > Vault
92	2	Reports > Service
92	2	Password Vaulting
92	2	Summary Report
92	2	Current Password
92	2	Status Report
92	2	Reports > Vault
92	2	Reports > Current
92	2	Password Status
92	2	Report
92	2	Report
92	2	Reports > Vault
92	2	Configured Report
92	2	SPC Success and Failed
92	2	Report
92	2	Reports > Vault
92	2	Reports > SPC
92	2	Report
92	2	Users Extracting
92	2	Password Envelope
92	2	Reports > Vault
92	2	Reports > Users
92	2	Extracting Password
92	2	Envelope
92	2	Service Reconcile
92	2	Status Report
92	2	Reports > Vault
92	2	Reports > Service
92	2	Reconcile Status
92	2	Report
93	2	ARCON PAM Client Manager Privileges Description Feature Navigation
93	2	Mobile OTP Auth
93	2	Status Report
93	2	Reports > Vault
93	2	Reports > Mobile
93	2	OTP Auth Status
93	2	Report
93	2	SPC
93	2	Reports > Vault
93	2	Reports > Services
93	2	Service Password
93	2	Never Changed Report
93	2	- All LOB
93	2	Reports > Vault
93	2	Reports > Service
93	2	Password Never
93	2	Changed Report - All
93	2	LOB
93	2	Service Password
93	2	Changed Status Report
93	2	- All LOB
93	2	Reports > Vault
93	2	Reports > Service
93	2	Password Changed
93	2	Status Report - All
93	2	LOB
93	2	Maximum Password
93	2	Failed Attempts
93	2	Reports > Vault
93	2	Reports > Maximum
93	2	Password Failed
93	2	Attempts
93	2	- Max Failed Attempts
93	2	Reports > Vault
93	2	Reports > Service
93	2	Failed Attempts
93	2	Service Password
93	2	Change  Consolidated
93	2	Report
93	2	Reports > Vault
93	2	Reports > Service
93	2	Password Change
93	2	Consolidated  Report
93	2	Service Last Password
93	2	Failed Reason
93	2	Reports > Vault
93	2	Reports > Service
93	2	Last Password Failed
93	2	Reason
93	2	Allow Password
93	2	Change Report
93	2	Reports > Vault
93	2	Reports >Allow
93	2	Password Change
93	2	Report
93	2	Service Password
93	2	Viewed By
93	2	Administrator
93	2	Reports > Vault
93	2	Reports > Service
93	2	Password Viewed By
93	2	Administrator
94	2	ARCON PAM Client Manager Privileges Description Feature Navigation
94	2	Service  Reached
94	2	Maximum  Failed
94	2	Attempts
94	2	Reports > Vault
94	2	Reports >Service
94	2	Reached Maximum
94	2	Failed Attempts
94	2	Service Password
94	2	Vaulting Status
94	2	Reports > Vault
94	2	Reports >Service
94	2	Password Vaulting
94	2	Status
94	2	Service Consolidated
94	2	Vault Status Report
94	2	Reports > Vault
94	2	Reports >Service
94	2	Consolidated Vault
94	2	Status Report
94	2	Credentials Accessed
94	2	Reports > Vault
94	2	Reports >Credentials
94	2	Notifications Service Password
94	2	Change Scheduled
94	2	Settings Service Password Change
94	2	Notifications
94	2	Settings Service Expiry Days (number of
94	2	Notifications
94	2	Manager > Script
94	2	Manager > Add New
94	2	Script
94	2	Manager > Script
94	2	Manager > Edit Script
94	2	Manager > Run Script
94	2	Manager > Script
94	2	Manager > Schedule
94	2	Script
94	2	Manager >Script
94	2	Manager > Delete
94	2	Script
95	2	ARCON PAM Client Manager Privileges Description Feature Navigation
95	2	About
95	2	ACMO-Access
95	2	Type
95	2	ACMO CLI
95	2	My Vault - ARCOS
95	2	Secret Service
95	2	My Vault - ARCOS
95	2	Secret Service >
95	2	Service Download
95	2	My Vault - ARCOS
95	2	Secret Service >
95	2	Service Remove
95	2	My Vault - ARCOS
95	2	Secret Service >
95	2	Service Share
95	2	My Vault - ARCOS
95	2	Secret Service >
95	2	Service View
95	2	My Vault - ARCOS
95	2	Secret Service >
95	2	Service Edit
95	2	My Vault - ARCOS
95	2	Secret Service >
95	2	Service Create
95	2	My Vault - ARCOS
95	2	Secret Service >
95	2	Secret Tab
95	2	My Vault - ARCOS
95	2	Secret Service > My
95	2	Vault - Secret Type
95	2	My Vault  - Secret
95	2	Group
95	2	My Vault - ARCOS
95	2	Secret Service > My
95	2	Vault - Secret Group
95	2	Raise Request Allow Service
95	2	Password Request
95	2	Raise Request >
95	2	Allow Service
95	2	Password Request
95	2	Allow Offline Service
95	2	Request
95	2	Raise Request >
95	2	Allow Offline Service
95	2	Request
96	3	4.3.3.3 Server's Privileges
96	2	What are Server’s Privileges?
96	2	ARCON PAM Server Privilege Description Feature Navigation
96	2	ARCON PAM
96	2	Applications
96	2	Manager > My Apps >
96	2	My Vault
96	2	Manager > My Apps>
96	2	Session Monitoring
96	2	Manager >My Apps>
96	2	PAM Logs
96	2	Manager > My Apps>
96	2	Settings> ARCON
96	2	Gateway
96	2	Manager > My Apps>
96	2	Spection
96	2	Manager >My Apps>
96	2	Settings
96	2	ARCON PAM Object
96	2	Counter
96	2	My Apps> Setting
96	2	> ARCON PAM Object
96	2	CounterTools
96	2	Manager >My Apps>
96	2	My Vault
97	2	ARCON PAM Server Privilege Description Feature Navigation
97	2	User Access
97	2	Governance Manager
97	2	Manager > My
97	2	Apps>User Access
97	2	Governance
97	2	User Access
97	2	Governance Reviewer
97	2	Manager > User Access
97	2	Governance Reviewer
97	2	Manager >My Apps >
97	2	Administrative Console
97	2	Manager > My Apps>
97	2	Password Vault
97	2	Manager > My Apps >
97	2	MyVault Enterprise
97	2	Manager >My Apps>
97	2	Digital Vault
97	2	Manager > My Apps>
97	2	IDAM
97	2	Manager > My Apps >
97	2	Auto-Onboarding
97	2	ARCON PAM
97	2	Configuration
97	2	Manager > My Apps>
97	2	Settings>User>
97	2	MAC/IPFilter
97	2	ACMO > MyAccess >
97	2	License Details
98	2	ARCON PAM Server Privilege Description Feature Navigation
98	2	Alert And Notification
98	2	Configurations
98	2	Manager > My Apps>
98	2	Settings > Alert &
98	2	Notification
98	2	Configurations
98	2	Manager > My Apps>
98	2	Settings > Scheduler
98	2	Master
98	2	Manager > My Apps>
98	2	Settings
98	2	>Scheduler> Schedule
98	2	Reports
98	2	Workflow Approval
98	2	Matrix
98	2	Manager > My Apps>
98	2	Settings >Admin
98	2	Activities > Workflow
98	2	Approval Matrix
98	2	User Request Approval
98	2	Workflow
98	2	Manager > My Apps>
98	2	Settings >Raise Request
98	2	> User Request
98	2	Approval Workflow
98	2	Manager > My Apps>
98	2	Settings> Gateway
98	2	Configurations
98	2	Manager > My Apps>
98	2	Settings> Apply
98	2	Password Settings
98	2	Manager > My Apps>
98	2	Settings> Apply
98	2	Command Profile
98	2	Manager > My Apps>
98	2	Settings > Service
98	2	Modifications> Service
98	2	Classification
98	2	Service Critical
98	2	Commands
98	2	Manager > My Apps>
98	2	Settings >Service
98	2	Security > Service
98	2	Critical Commands
99	2	ARCON PAM Server Privilege Description Feature Navigation
99	2	ARCON PAM Server
99	2	Master
99	2	Manager > My Apps>
99	2	Settings
99	2	Master
99	2	Application
99	2	Configuration
99	2	Manager > My Apps>
99	2	Settings > Time
99	2	Control> Application
99	2	Configuration
99	2	Manager > My Apps>
99	2	Settings > Domain
99	2	Configuration
99	2	Server Reference / Call
99	2	Log
99	2	Manager > My Apps>
99	2	Settings > Server
99	2	Reference / Call Log
99	2	Manager > My Apps>
99	2	Settings > Capture> Log
99	2	Manager Service
99	2	Service Reference
99	2	Template
99	2	Manager > My Apps>
99	2	Settings > Template
99	2	> Service Reference
99	2	Template
99	2	Manager > My Apps>
99	2	Settings > Service
99	2	Modifications
99	2	> Advanced Utility
99	2	Hardware Token -
99	2	Radius Servers
99	2	Manager > My Apps>
99	2	Settings > 2FA> User
99	2	Door Access >
99	2	Hardware Token -
99	2	Radius Servers
99	2	Manager >My Apps>
99	2	Settings > Password
99	2	Change> Password
99	2	Dictionary
99	2	Manager > My Apps>
99	2	Settings > User> User
99	2	Security Menu > Mail
99	2	Servers> Add
100	2	ARCON PAM Server Privilege Description Feature Navigation
100	2	ARCON PAM Message
100	2	Board
100	2	Manager > My Apps>
100	2	Settings >Alert &
100	2	Notifications >
100	2	> ARCON PAM
100	2	Message Board
100	2	Manager > My Apps>
100	2	Settings >2FA> Dual
100	2	Factor IP Range
100	2	SMS Gateway
100	2	Configuration
100	2	Manager > My Apps>
100	2	Settings
100	2	>Configure> SMS
100	2	Gateway Configuration
100	2	Server Monitoring
100	2	System
100	2	Manager > My Apps>
100	2	Settings >API> Service
100	2	Creation Validator
100	2	>Server Monitoring
100	2	System
100	2	User Door Access
100	2	Authentication
100	2	Manager > My Apps>
100	2	Settings > Group>
100	2	> User Door Access
100	2	Authentication
100	2	Password Change
100	2	Defaults
100	2	Manager > My Apps>
100	2	Settings >Password
100	2	Change > Password
100	2	Change Defaults
100	2	Voice Biometric
100	2	Authentication
100	2	Manager > My Apps>
100	2	Settings >
100	2	Biometric> Voice
100	2	Biometric Configuration
100	2	ARCON PAM Staging
100	2	Log Server
100	2	Manager > My Apps>
100	2	Settings >Capture
100	2	> ARCON PAM Staging
100	2	Log Server
100	2	Manager > My Apps>
100	2	Settings > API > Web
100	2	API Configuration
101	2	ARCON PAM Server Privilege Description Feature Navigation
101	2	Network Segment Wise Logon report
101	2	Manager > My Apps>
101	2	Manager> My
101	2	Apps>Settings >
101	2	Machine Control
101	2	> Network Segments
101	2	Manager > My
101	2	Apps>Settings
101	2	Schedule Password
101	2	Envelope
101	2	Manager > My Apps>
101	2	Settings > Schedule
101	2	Password Envelope
101	2	LOB-wise Global
101	2	Configuration
101	2	Manager > My
101	2	Apps>Settings
101	2	ARCON PAM Server
101	2	Configuration
101	2	Manager > My Apps>
101	2	Settings > ARCON PAM
101	2	Server Configuration
101	2	Manager>My Apps>
101	2	Settings > API>
101	2	Registered Machines>
101	2	Web API Registration
101	2	Manager > My Apps>
101	2	Settings >  API
101	2	Reference Mapping
101	2	Outside ARCON PAM
101	2	Access Configuration
101	2	Manager > My Apps>
101	2	Settings > Outside
101	2	ARCON PAM Access
101	2	Configuration
101	2	Generic Scheduler
101	2	Settings
101	2	Manager > My Apps>
101	2	Settings > Generic
101	2	Scheduler Settings
101	2	Custom Commands
101	2	Configuration
101	2	Manager > My Apps>
101	2	Settings > Custom
101	2	Commands
101	2	Configuration
102	2	ARCON PAM Server Privilege Description Feature Navigation
102	2	LOB Wise Log Archival
102	2	Settings
102	2	Manager > My
102	2	Apps>Settings > Log >
102	2	LOB Wise Log Archival
102	2	Settings
102	2	Manager >My Apps>
102	2	Settings > Workflow >
102	2	Configure Holidays
102	2	Manager > My
102	2	Apps>Settings >
102	2	Configure Server Tag
102	2	Manager > My Apps>
102	2	Settings > Alert &
102	2	Notifications > Alert
102	2	Email Template
102	2	Manager > My Apps >
102	2	Settings > User
102	2	Configure User Tags
102	2	Service Mandatory
102	2	Fields Configuration
102	2	Manager> My Apps >
102	2	Settings > Service
102	2	Modifications > Service
102	2	Mandatory Fields
102	2	Configuration
102	2	Allow Bulk Upload
102	2	Across LOB
102	2	Utility
102	2	Server Manager
102	2	>Tools> Import Utility
102	2	Manager > Tools >
102	2	Import Utility
102	2	Performance
102	2	Monitoring Utility
102	2	Manager > Settings >
102	2	General Performance
102	2	Monitoring
102	2	Video Log Information Administrators with Video Log
102	2	Manager > My Apps>
102	2	Settings > > Capture >
102	2	Video Log Information
102	2	File Naming Template   Administrators with File Naming
102	2	Manager > My
102	2	Apps>Settings > >
102	2	Image Quality > File
102	2	Naming Template
103	2	ARCON PAM Server Privilege Description Feature Navigation
103	2	Configure Enduser IP
103	2	Range
103	2	Manager > My
103	2	Apps>Settings > AGW >
103	2	Configure EndUser IP
103	2	Range
103	2	Manager>My Apps>
103	2	Settings > User> User
103	2	Security>Configure
103	2	Group Level
103	2	Manager > My Apps>
103	2	Settings > User Security
103	2	>Mail Servers
103	2	Command
103	2	Profiler
103	2	Server Manager >
103	2	Manage > Command
103	2	Profiler
103	2	Server Manager >
103	2	Manage > Logs >
103	2	Command Logs
103	2	Server Manager >
103	2	Manage > Logs
103	2	> ARCON PAM Logs
103	2	Server Manager >
103	2	Manage > Logs > User
103	2	Access Logs
103	2	Server Manager >
103	2	Manage > Logs
103	2	> Service Logs
103	2	View User Validity
103	2	Status
103	2	Server Manager >
103	2	Manage > Logs >  User
103	2	Validity Status
103	2	View Server Reference
103	2	Log
103	2	Server Manager >
103	2	Manage > Logs
103	2	> Service Reference Log
103	2	Server Manager >
103	2	Manage > Logs
103	2	> Process Logs
104	2	ARCON PAM Server Privilege Description Feature Navigation
104	2	View Service Password
104	2	Status Log
104	2	Server Manager >
104	2	Manage > Logs
104	2	> Service Password
104	2	Status
104	2	Server Manager >
104	2	Manage > Logs >
104	2	Process Logs (or
104	2	Service Logs) > Video
104	2	Log
104	2	Server Manager >
104	2	Manage > Application
104	2	Logs
104	2	Real-Time Session
104	2	Monitoring
104	2	Manager> My Apps>
104	2	Settings> Real-Time
104	2	Session Monitoring
104	2	Server Manager >
104	2	Manage > Logs > User
104	2	Activity Log
104	2	Server Manager >
104	2	Manage > Logs >  View
104	2	Envelope Logs
104	2	Server Manager >
104	2	Manage > Logs >
104	2	Import Utility Logs
104	2	Service Password
104	2	Request Log
104	2	Server Manager >
104	2	Manage > Logs >
104	2	Service Password
104	2	Request Logs
104	2	Server Manager >
104	2	Manage > Logs >
104	2	Metadata/ Text Logs
104	2	Server Manager >
104	2	Manage > Logs >  User
104	2	Status Logs
104	2	Server Manager >
104	2	Manage > Logs >
104	2	Capture Key Stroke
104	2	Logs
105	2	ARCON PAM Server Privilege Description Feature Navigation
105	2	Server Manager >
105	2	Services > Manage
105	2	Groups
105	2	Server Manager >
105	2	Services > Manage
105	2	Groups
105	2	Server Manager >
105	2	Services > Manage
105	2	Groups
105	2	Assign Service Group To
105	2	User Group
105	2	Server Manager >
105	2	Services > Map Group
105	2	Types
105	2	Revoke Service Group
105	2	From User Group
105	2	Server Manager >
105	2	Services > Map Group
105	2	Types
105	2	Groups, Manage Groups/Services, and
105	2	Server Manager >
105	2	Services > Manage
105	2	Groups (or Manage
105	2	Manage Groups/Users)
105	2	Manage LOB /
105	2	Profile
105	2	Server Manager >
105	2	Manage > LOB/Profile
105	2	Master & Manager >
105	2	Manage LOB
105	2	Server Manager >
105	2	Manage > LOB/Profile
105	2	Master & Manager >
105	2	Manage LOB
105	2	Assign LOB To Service
105	2	Group
105	2	Server Manager >
105	2	Manage > LOB/Profile
105	2	Master & Manager >
105	2	Map LOB / Service
105	2	Groups
106	2	ARCON PAM Server Privilege Description Feature Navigation
106	2	Revoke LOB From
106	2	Service Group
106	2	Server Manager >
106	2	Manage > LOB/Profile
106	2	Master & Manager >
106	2	Map LOB / Service
106	2	Groups
106	2	Assign LOB To User
106	2	Group
106	2	Server Manager >
106	2	Manage > LOB/Profile
106	2	Master & Manager >
106	2	Map LOB / User Groups
106	2	Revoke LOB From User
106	2	Group
106	2	Server Manager >
106	2	Manage > LOB/Profile
106	2	Master & Manager >
106	2	Map LOB / User Groups
106	2	Server Manager >
106	2	Manage > LOB/Profile
106	2	Master & Manager >
106	2	Map LOB / Services
106	2	Revoke LOB From
106	2	Service
106	2	Server Manager >
106	2	Manage > LOB/Profile
106	2	Master & Manager >
106	2	Map LOB / Services
106	2	Server Manager >
106	2	Manage > LOB/Profile
106	2	Master & Manager >
106	2	Map LOB / Users
106	2	Server Manager >
106	2	Manage > LOB/Profile
106	2	Master & Manager >
106	2	Map LOB / Users
106	2	Server Manager >
106	2	Services > Manage
106	2	Services
106	2	Server Manager >
106	2	Services > Manage
106	2	Services
106	2	Server Manager >
106	2	Services > Manage
106	2	Services
107	2	ARCON PAM Server Privilege Description Feature Navigation
107	2	Assign Service To
107	2	Service Group
107	2	Server Manager >
107	2	Services > Map Groups/
107	2	Services
107	2	Revoke Service From
107	2	Service Group
107	2	Server Manager >
107	2	Services > Map Groups/
107	2	Services
107	2	Server Manager >
107	2	Services > Map Users/
107	2	Services
107	2	Revoke Service From
107	2	User
107	2	Server Manager >
107	2	Services > Map Users/
107	2	Services
107	2	Windows Connection
107	2	Service
107	2	Manage > Password
107	2	Windows Connection
107	2	DCOM
107	2	Manage > Password
107	2	Windows Connection
107	2	Task
107	2	Manage > Password
107	2	Manage Services and Map Groups/
107	2	Server Manager >
107	2	Services > Manage
107	2	Services (or Manage
107	2	Groups/Services)
108	2	ARCON PAM Server Privilege Description Feature Navigation
108	2	Server Manager
108	2	Services → Manage
108	2	Services
108	2	Change Service Root
108	2	Server Manager
108	2	Services →Change
108	2	Service Root Users to
108	2	Users
108	2	Manage Tab ARCON PAM Workflow
108	2	Tracker
108	2	Server Manager >
108	2	Manage > ARCON PAM
108	2	Workflow Tracker
108	2	Server Manager >
108	2	Services > Manage
108	2	Users
108	2	Server Manager >
108	2	Services > Manage
108	2	Users
108	2	Server Manager >
108	2	Services > Manage
108	2	Users
108	2	Server Manager >
108	2	Services > Map Groups/
108	2	Users
108	2	Server Manager >
108	2	Services > Map Groups/
108	2	Users
108	2	Server Manager >
108	2	Services > Manage
108	2	Server Manager >
108	2	Manage > Maker's
108	2	Checker
109	2	ARCON PAM Server Privilege Description Feature Navigation
109	2	Change User Restricted
109	2	Commands
109	2	Server Manager >
109	2	Services > Manage
109	2	Commands
109	2	And
109	2	Server Manager >
109	2	Services > Manage
109	2	Processes
109	2	Services, Commands, or Processes
109	2	Server Manager >
109	2	Services > Manage
109	2	Users > Copy User
109	2	Profile
109	2	Manage Users and Map Groups/Users
109	2	Server Manager >
109	2	Services > Manage
109	2	Users (or Manage
109	2	Groups/Users)
109	2	Receive Alert On User
109	2	Creation By Maker
109	2	Server Manager >
109	2	Manage > Maker's
109	2	Checker
109	2	Server Manager >
109	2	Services > Manage
109	2	Users > Edit User
109	2	Settings
109	2	Server Manager >
109	2	Manager > Copy Text
109	2	Log
109	2	Password
109	2	Manager
109	2	Manage > My Apps>
109	2	Password Vault >
109	2	Password Change
109	2	And
109	2	Manage > My Apps>
109	2	Password Vault >  User
109	2	Services > Change
110	2	ARCON PAM Server Privilege Description Feature Navigation
110	2	Manage > My Apps >
110	2	Password Vault >  User
110	2	Services > View
110	2	Password
110	2	Generate Server
110	2	Password Envelope
110	2	Manage > My Apps>
110	2	Password Vault >
110	2	Password Vault > Print
110	2	Password Envelope
110	2	Print Server Password
110	2	Envelope
110	2	Manage > My Apps>
110	2	Password Vault > Print
110	2	Password Envelope >
110	2	Print Envelope(s)
110	2	Reprint Server
110	2	Password Envelope
110	2	Envelope Status as Printed, First
110	2	Reprint, Second Reprint, Third
110	2	Reprint, Fourth Reprint, Fifth
110	2	Reprint, Sixth Reprint, Seventh
110	2	Manage > My Apps>
110	2	Password Vault > Print
110	2	Password Envelope >
110	2	Print Envelope(s)
110	2	And
110	2	Manage > My Apps>
110	2	Password Vault > Print
110	2	Password Envelope >
110	2	Password Envelope(s)
110	2	For APEM Tool
110	2	Verify Reprint Server
110	2	Password Envelope
110	2	Manage > My Apps>
110	2	Password Vault > Print
110	2	Password Envelope >
110	2	Print Envelope(s)
110	2	And
110	2	Manage > My Apps>
110	2	Password Vault > Print
110	2	Password Envelope >
110	2	Password Envelope(s)
110	2	For APEM Tool
110	2	Manage > My Apps>
110	2	Password Vault >
110	2	Password Policy Editor
110	2	Show Password Change
110	2	History
110	2	Manage > My Apps>
110	2	Password Vault > User
110	2	Commands > Manage
110	2	Services > Show
110	2	Password Change
110	2	History
111	2	ARCON PAM Server Privilege Description Feature Navigation
111	2	Password Change
111	2	Process Approver
111	2	Manage > My Apps>
111	2	Password Vault >
111	2	Password Change
111	2	Windows Connection
111	2	Password Dependency
111	2	Services, Windows DCOM, and
111	2	Manage > My Apps>
111	2	Password Vault > Select
111	2	Change Password
111	2	Manually
111	2	Manage > My Apps>
111	2	Password Vault >
111	2	Manage Services >
111	2	Change Password
111	2	Download Envelope
111	2	PDF
111	2	Manage > My Apps>
111	2	Password Vault >
111	2	Envelope > Download
111	2	Envelope PDF
111	2	APEM
111	2	(ARCON Password Envelope Manager)
111	2	Manage > My Apps>
111	2	Password Vault >
111	2	Envelope > Download
111	2	PinMailer
111	2	Manage > My Apps>
111	2	Password Vault >
111	2	Envelope > Download
111	2	Envelope PDF
111	2	Manage > My Apps>
111	2	Password Vault >
111	2	Password
111	2	Reconciliation
111	2	Manager> My Apps>
111	2	Settings > Windows
111	2	Utility
111	2	Server Manager > Tools
111	2	> Import
111	2	Privileged User
111	2	Discovery &
111	2	Reconciliation
111	2	Server Manager > Tools
111	2	> Privileged User
111	2	Discovery &
111	2	Reconciliation
111	2	Server Manager > Tools
111	2	> Service Discovery
112	2	ARCON PAM Server Privilege Description Feature Navigation
112	2	HSM Device
112	2	Configuration
112	2	HSM Device
112	2	Configuration
112	2	PAM
112	2	Settings> HSM Device
112	2	Configuration
112	2	Manage
112	2	Services, ARCOS
112	2	Configuration
112	2	PAM
112	2	Manager > Settings >
112	2	Manage Services
112	2	ARCOS Configuration
112	2	Manager >
112	2	Administrative
112	2	Console>Manage >
112	2	UserRoles>Admin>Rea
112	2	Add Roles in ARCON PAM
112	2	Manager >
112	2	Administrative
112	2	Console>Manage >
112	2	UserRoles>Admin >Add
112	2	Role
112	2	Modify Roles in ARCON PAM
112	2	Manager >
112	2	Administrative
112	2	Console>Manage >
112	2	UserRoles>Admin >
112	2	Modify Role
112	2	Manage Service
112	2	Group
112	2	Server Manager
112	2	Services > Manage
112	2	Services ARCOS
112	2	Add Service Group in ARCON PAM
112	2	Server Manager
112	2	Services > Manage
112	2	Services ARCOS
112	2	Configuration
112	2	PAM
112	2	Server Manager
112	2	Services > Modify
112	2	Service Group
112	2	PAM
112	2	Server Manager
112	2	Services >Drop Service
112	2	Group
112	2	Manager > My
112	2	Apps>Administrative
112	2	Console> Settings> Tag
113	2	ARCON PAM Server Privilege Description Feature Navigation
113	2	Add Tag in ARCON PAM
113	2	Manager > My
113	2	Apps>Administrative
113	2	Console> Settings> Tag
113	2	Manager > My
113	2	Apps>Administrative
113	2	Console> Settings> Tag
113	2	Manager > My
113	2	Apps>Administrative
113	2	Console> Settings> Tag
113	3	4.3.3.4 Group Admin Privilege
113	2	What are Group Admin Privileges?
113	2	ARCON PAM Group Admin
113	2	Privileges Description Feature Navigation
113	2	Group Log
113	2	Viewer
113	2	View
113	2	Command Log
113	2	Server Manager >
113	2	Manage > Logs >
113	2	Command Logs
113	2	And
113	2	Server Manager >
113	2	Manage > Logs
113	2	> Process Logs
113	2	View Service
113	2	Access Log
113	2	Server Manager >
113	2	Manage > Logs
113	2	> Service Logs
114	2	ARCON PAM Group Admin
114	2	Privileges Description Feature Navigation
114	2	Manage
114	2	Services
114	2	Assign Service
114	2	To User
114	2	Server Manager >
114	2	Services > Map
114	2	Users/Services
114	2	And
114	2	Server Manager >
114	2	Services > Group
114	2	Admin - Map
114	2	Services
114	2	Revoke Service
114	2	From User
114	2	Server Manager >
114	2	Services > Map
114	2	Users/Services
114	2	And
114	2	Server Manager >
114	2	Services > Group
114	2	Admin - Map
114	2	Services
114	2	Change User
114	2	Restricted
114	2	Command
114	2	Server Manager >
114	2	Services > Manage
114	2	Commands
114	2	Manage User
114	2	Request
114	2	Service Access
114	2	Approver
114	2	Workflow Manager
114	2	And
114	2	Client Manager >
114	2	Server Manager >
114	2	Service Access
114	2	Request
114	3	4.3.4 Password Vault
114	3	4.3.4.1 What is ARCON | Password Vault?
115	3	4.3.4.2 Why use ARCON | Password Vault?
115	3	4.3.4.3 What is Password Management in ARCON | Password Vault?
115	3	4.3.4.3.1 Why use Password Management in ARCON | Password Vault?
115	3	4.3.4.4 Dashboard Password Vault
116	3	4.3.4.4.2 Widgets
116	2	Widget Name Description
117	2	Widget Name Description
117	2	Password Reconciliation
117	2	Failed
117	3	4.3.4.4.3 Charts
120	3	4.3.4.5 Password Envelope
120	3	4.3.4.5.1 What is a Password Envelope?
120	3	4.3.4.5.2 Why is the Password Envelope important?
120	2	Navigation
121	2	Customize Columns ?
121	2	Column Name Description
122	2	Column Name Description
122	3	4.3.4.5.3 Envelope Logs
122	2	What are Envelope Logs?
122	3	4.3.4.5.3.1 Why are Envelope Logs important?
123	2	Column Name Description
123	3	4.3.4.5.4 Filters
124	2	Field Name Description
124	3	4.3.4.6 Auto Healing
124	3	4.3.4.6.1 What is the Auto Heal Feature?
125	3	4.3.4.6.2 Why is the Auto Heal Feature important?
125	3	4.3.4.6.3 Prerequisites
125	3	4.3.4.6.3.1 What are the prerequisites for using the Auto Heal feature?
125	2	Password Vault > Service Vault > Select a Service > Modify
125	3	4.3.4.6.4 Auto Heal – Configuration
125	3	4.3.4.6.4.1 What are the configuration settings required for Auto Heal?
125	2	SSH Telnet
125	2	MS SQL EM - Local
125	2	MySQL QA
125	2	SSH LINUX
125	2	MS SQL QA
125	2	MS SQL EM - RDP
125	2	SSH Router
125	2	SSH Switch
125	2	SSH Firewall
125	2	SSH Unix
125	2	ORACLE QA
126	2	Configuration Description
126	1	2 Root account for MSSQL Database Users Password Auto Heal
126	1	3 Root account for Oracle Database Users Password Auto Heal
126	1	4 Root account for MySQL Database Users Password Auto Heal
126	3	4.3.4.6.5 Auto-Healing Process
126	3	4.3.4.6.5.1 What is the Auto-Healing process in ARCON | PAM?
126	3	4.3.4.7 Password Policy In Password Vault
126	3	4.3.4.7.1 What is the Password Policy in ARCON | PAM Password Vault?
127	3	4.3.4.7.2 Why is Password Policy important?
127	3	4.3.4.7.3 How to Create Policy ?
129	2	Field Name Description
129	2	Name Enter the Policy Name
129	2	Choose Characters
129	2	Minimum Character
129	2	Fixed Character
130	2	Field Name Description
130	2	Advanced
130	2	Other
130	2	Customize Columns
130	2	Column Name Description
131	2	Column Name Description
131	3	4.3.4.7.4 How to Modify Policy?
131	3	4.3.4.8 Password Connectors
131	2	What is Password Connector Module?
132	3	4.3.4.8.1 How Create Password Connector ?
133	2	SSH
133	2	Telnet
133	2	RPA
133	3	4.3.4.8.2 Configure Steps
134	2	Field Name Description
135	2	Field Name Description
135	3	4.3.4.8.3 Assign Services
137	3	4.3.4.9 Password Rotate
137	3	4.3.4.9.1 What is Password Rotation in ARCON | Password Vault?
137	3	4.3.4.9.2 Why use Password Rotation in ARCON | Password Vault?
138	2	Customize Columns
138	2	Column Name Description
139	2	Column Name Description
139	3	4.3.4.9.3 History
141	3	4.3.4.9.4 Filters
142	2	Field Name Description
142	2	Password Last Changed Date of Password Last Changed
142	2	Password Next Changed Date of Password Next Change
142	3	4.3.4.10 Password Reconciliation In Password Vault
142	2	What is Password Reconciliation In Password Vault ?
143	3	4.3.4.10.1 Reconcile Services
143	2	Column Name Description
144	2	Column Name Description
144	2	Reconcile
144	2	Remove
145	3	4.3.4.11 Service Vault
145	3	4.3.4.11.1 What is Service Vault in ARCON | Password Vault?
145	3	4.3.4.11.2 Why use Service Vault in ARCON | Password Vault?
145	2	Customize Columns
146	2	Column Name Description
146	3	4.3.4.11.3 View Password
148	2	Field Name Description
148	2	Request
148	2	Authorize
148	2	Authorizing User Select the User
148	2	Verification Code Enter the Captcha
148	3	4.3.4.11.4 Modify Password
149	2	Field Name Description
149	2	Configuration
149	2	PAM
150	2	Field Name Description
150	2	Custom Connector Select Custom Connector
150	3	4.3.4.11.5 Password History
152	3	4.3.4.11.6 Pre-Post Actions
154	2	Action Type Parameters
155	2	Category  Device/OEM
155	2	OEM Service/
155	2	Feature Type
155	2	Operation Type Version/ Type
155	2	ARCON PAM
155	2	Post Password
155	2	Action/
155	2	Navigation Type
155	2	OS Microsoft
155	2	Windows
155	2	Server File Transfer
155	2	Server
155	2	2008, 2012 R2 Action Type-
155	2	Transfer File
155	2	OS Microsoft
155	2	Windows
155	2	Active Directory
155	2	Domain Account
155	2	Domain Account
155	2	Password
155	2	Change
155	2	Dependency
155	2	2008, 2012 R2 Password
155	2	Dependency
155	2	Type-Change
155	2	Password-
155	2	Update Service
155	2	Password Only
155	2	OS Microsoft
155	2	Windows
155	2	Configuration Auto Logon 2008, 2012 R2 Action Type-
155	2	Execute
155	2	Command
155	2	OS Microsoft
155	2	Windows
155	2	System Center
155	2	Operation
155	2	Manager
155	2	Password
155	2	Change
155	2	Dependency
155	2	2008, 2012 R2 Action Type-
155	2	Update Through
155	2	API
155	2	OS Microsoft
155	2	Windows
155	2	Server Network Cluster
155	2	Failover Process
155	2	2008, 2012 R2 Action Type-
155	2	Update Through
155	2	API
155	2	OS Microsoft
155	2	Windows
155	2	SharePoint SharePoint
155	2	Domain Account
155	2	Password
155	2	Change
155	2	2008, 2012 R2 Password
155	2	Dependency
155	2	Type-Change
155	2	Password-
155	2	Update Service
155	2	Password Only
155	2	OS Microsoft
155	2	Windows
155	2	SharePoint SharePoint Local
155	2	Account
155	2	Password
155	2	Change
155	2	2008, 2012 R2 Action Type-
155	2	Update
155	2	Password In File
155	2	OS Microsoft
155	2	Windows
155	2	Server Scheduled Tasks 2008, 2012 R2 Windows
155	2	Password
155	2	Dependency
155	2	OS Microsoft
155	2	Windows
155	2	Server COM, DCOM 2008, 2012 R2 Windows
155	2	Password
155	2	Dependency
155	2	OS SSH Linux Configuration Auto Logon Ubuntu Action Type-
155	2	Execute
155	2	Command
156	2	Category  Device/OEM
156	2	OEM Service/
156	2	Feature Type
156	2	Operation Type Version/ Type
156	2	ARCON PAM
156	2	Post Password
156	2	Action/
156	2	Navigation Type
156	2	Database Microsoft
156	2	Windows
156	2	SQL Server Dependent
156	2	Database
156	2	Password
156	2	Change
156	2	2008, 2012 Action Type-
156	2	Update Through
156	2	Registry(DSN)
156	2	Database Microsoft
156	2	Windows
156	2	SQL Server
156	2	Auditing
156	2	Dependent
156	2	Database
156	2	Password
156	2	Change
156	2	2008, 2012 Action Type-
156	2	Update Through
156	2	Registry(DSN)
156	2	Web/
156	2	Application
156	2	Server
156	2	Oracle
156	2	WebLogic
156	2	WebLogic
156	2	Application
156	2	Server
156	2	Dependent
156	2	Server Password
156	2	Change
156	2	11g, 12c Action Type-
156	2	Update
156	2	Password In File
156	2	Web/
156	2	Application
156	2	Server
156	2	Apache Tomcat Tomcat
156	2	Application
156	2	Server
156	2	Dependent
156	2	Server Password
156	2	Change
156	2	7.0, 8.5 Action Type-
156	2	Update
156	2	Password In File
156	2	Web/
156	2	Application
156	2	Server
156	2	Microsoft
156	2	Windows
156	2	Internet
156	2	Information
156	2	Service
156	2	Application Pool
156	2	Password
156	2	Change
156	2	2008, 2012 R2 Action Type-
156	2	Execute
156	2	Command
156	2	Server Password
156	2	Change
156	2	6.0 Action Type-
156	2	Update Through
156	2	Registry
156	2	Server Password
156	2	Change
156	2	13.1 Action Type-
156	2	Update Through
156	2	Registry
156	2	Start / Stop IIS Website
156	2	Start / Stop Windows services
157	2	Windows COM+ devices(eg- DCOM,SCOM)
157	3	4.3.4.11.7 Use-cases
157	2	Use-cases - Fulfilled
157	2	Service Accounts
157	2	Database Accounts
157	2	Make Changes to ODBC Drivers
157	2	Session States
157	2	Error Handling
157	2	Security
158	2	Use-cases - Fulfilled
158	2	Website Accounts
158	2	Execute PowerShell Commands
158	2	Tag Description
159	2	Use-cases - Fulfilled
159	2	Network Drive User Accounts
159	2	Reconnect Network Drive
159	2	Reconnect Network Drive with User Credentials
159	2	File Transfer Transfer Files from Linux to Windows & Citrix Servers
159	2	Notify Admins Send Email
159	2	Use-cases - Under Development
159	2	Interface
159	2	Update UI of Management Consoles
160	2	Using BOT Process
160	2	Others Update Password for COM+ Components
160	2	Make Changes in Regedit
160	3	4.3.4.11.8 Sample Applications
160	3	4.3.4.11.8.1 Microsoft SharePoint
162	2	#####Powershell Script Starts#####
162	2	Stop-SPService -Identity “Microsoft Sharepoint Foundation“ ##Stop the
162	2	Microsoft Sharepoint Service
162	2	$m = Get-SPManagedAccount -Identity “ANBGLOBALDC\Pratap.Patil“
162	2	Set-SPManagedAccount -Identity  $m -NewPassword <AUSRNP> -ConfirmPassword
162	2	Start-SPService -Identity “Microsoft Sharepoint Foundation“  ##Start the
162	2	Microsoft Sharepoint Service
162	2	#####Powershell Script Ends#####
164	3	4.3.4.11.8.2 Swift
167	3	4.3.4.11.8.3 Huawei Local Maintenance Terminal - RPA Bot Process
169	2	Log Generation
170	3	4.3.4.11.8.4 WSB2BAutomation
170	3	4.3.4.11.9 Other Applications
170	2	Automated Teller Machine (ATM)
170	2	SailPoint
170	2	Sonicwall Firewalls
170	2	Okta
170	3	4.3.4.11.10 Dependency
172	3	4.3.4.11.11 Change Password Manually
173	2	Update Vault
180	2	Field Name Description
180	2	Update Vault
181	3	4.3.4.11.12 Filters
181	2	Field Name Description
181	2	The Only Server Group Admin Can Perform Password Change-Is Enabled configuration enables
182	2	Field Name Description
182	2	Password Last Changed Date of Password Last Changed
182	2	Password Next Changed Date of Password Next Changed
182	3	4.3.4.11.13 Bulk Service Vault Modification
183	2	Field Name Description
183	3	4.3.4.12 Password Logs
183	2	What is Password Logs
186	3	4.3.4.12.1 Filters
187	2	Filed Name Description
187	2	Rotation Initiated
187	3	4.3.4.13 Downloads
187	2	Privileges -> Download Schedule Password Envelope
188	2	Column Name Description
188	3	4.3.4.13.1 Download Envelope
189	3	4.3.4.13.2 View Logs
190	2	Customize Columns
191	3	4.3.5 Tool Management
191	3	4.3.5.1 What is Tool Management?
191	2	Real Time Session Monitoring
191	2	Windows Utility
191	2	Import
191	2	Privilege User Discovery and Reconciliation
191	2	Service Discovery
191	3	4.3.5.2 Why is Tool Management Important?
192	3	4.3.5.3 Service Discovery
192	3	4.3.5.3.1 What is Service Discovery?
192	2	ACMO → Server Manager → Tools → Service Discovery
193	3	4.3.5.4 Windows Utility
193	3	4.3.5.4.1 What is Windows Utility?
193	2	Tools → Windows Utility
196	3	4.3.5.5 Privilege User Discovery and Reconciliation
196	3	4.3.5.5.1 Privilege User Discovery and Reconciliation
196	3	4.3.5.5.1.1 What is Privilege User Discovery and Reconciliation?
196	3	4.3.5.5.1.2 Why is Privilege User Discovery and Reconciliation Important?
196	2	Manage → Users and Services → Manage Services
198	2	Tools → Privileged User Discovery & Reconciliation
199	2	Database-DB2
199	2	Database-MSSQL
199	2	Database-Oracle
199	2	Desktop-Windows
199	2	Server-Unix-SSH
199	2	Server-Windows
199	2	SSH Router
199	2	Telnet Router
202	2	Schedule User Discovery
203	2	Field Name Description
203	2	Create (radio
204	2	Modify
204	2	Search
204	2	Services
204	2	Database-DB2
204	2	Database-MSSQL
204	2	Database-Oracle
204	2	Desktop-Windows
204	2	Server-Unix-SSH
204	2	Server-Windows
204	2	Scheduler
204	2	Parameters
204	2	Use Gateway
204	2	Server
205	2	Download/
205	2	Email Report
205	2	Email
205	2	Parameters
205	2	User Email
205	2	Email
205	2	Subject
205	3	4.3.5.6 Real-Time Session Monitoring
205	3	4.3.5.6.1 What is Real-Time Session Monitoring?
206	2	• Communication
206	2	Tools → Real Time Session Monitoring
208	3	4.3.5.7 Import
208	2	What is Import Utility?
208	2	Import Server Connections
208	2	Update Server Connections
209	2	Import Windows Services
209	2	Change DMZ Gateway
209	2	Import Users
209	2	User Server Mapping
209	2	Import User Groups
209	2	Import Service Groups
209	2	Import User Group Server Group
209	2	Tools → Import
209	3	4.3.5.7.1 Update Server Connections
209	3	4.3.5.7.1.1 What is Update Server Connections?
209	2	Field Name Description
209	2	*IP Address_ORI / Host
209	2	Name_ORI
210	2	Field Name Description
211	2	Read File Process Completed
213	3	4.3.5.7.2 Import Server Connections
213	3	4.3.5.7.2.1 What is Import Server Connections?
215	3	4.3.5.7.3 Import Windows Services
215	3	4.3.5.7.3.1 What is Import Windows Services?
216	2	Field Name Description
218	2	Read File Process Completed
219	2	Import To Database Process Completed
220	3	4.3.5.7.4 Change DMZ Gateway
220	2	What is Change DMZ Gateway ?
221	2	Field Name Description
222	2	Read File Process Completed
223	2	Import to Database Process Completed
224	3	4.3.6 Workflow Management
224	3	4.3.6.1 What is workflow Management ?
224	3	4.3.6.2 Workflow Logs
225	2	Workflow Tracker
225	2	User Service Request Workflow Tracker
225	2	Service Password Request Workflow Tracker
225	2	Ticket Request Workflow Tracker
225	2	Critical Command Workflow Tracker
225	3	4.3.6.2.2 Why is it important?
225	3	4.3.6.2.3 View Workflow Approval Matrix Logs
225	2	What is View Workflow Approval Matrix Logs ?
225	2	Manager → Server Manager →Manage → Workflow Tracker
226	2	Field Description
226	3	4.3.6.2.4 View User Service Request Workflow Logs
226	2	What is View User Service Request Workflow Logs ?
227	2	Field Name Description
228	2	Field Name Description
228	3	4.3.6.2.5 View Service Password Request Workflow Logs
228	2	What is View Service Password Request Workflow Logs ?
228	2	Tracker
229	2	To View the View Service Password Request Workflow Logs follow below Steps
229	2	Field Name Description
229	2	LOB/ Profile Select the LOB
230	3	4.3.6.2.6 View Ticket Request Workflow Logs
230	2	What is View Ticket Request Workflow Logs ?
231	2	Field Name Description
232	3	4.3.6.2.7 View Critical Command Workflow Logs
232	2	What is View Critical Command Request Workflow Logs ?
233	2	Field Name Description
233	3	4.3.7 Settings
233	2	Why is Settings Important?
234	2	Manager → Settings
234	2	LOB
234	2	Group
234	2	User
234	2	Service
234	2	Password
234	2	Workflow
234	2	Session
234	2	Domain
234	2	Ticket
234	2	Log
234	2	Network/Connection
234	2	API
234	2	General
234	2	My Vault
234	2	Cloud
234	2	Configure
234	3	4.3.7.1 LOB(s)
234	3	4.3.7.1.1 Gateway Configurations
234	3	4.3.7.1.1.1 Gateway Servers Details
235	2	Settings > LOB > Gateway Configurations > Gateway Server Details
236	2	Field Name Description
236	2	Directly to Database (PVSL - Password Vault Session Logging)
238	2	Field Name Description
238	3	4.3.7.1.1.2 Gateway Assign Details
239	2	Gateway Server Assigned To LOB/ Profile
240	3	4.3.7.1.2 Web Gateway Configurations
240	2	What are Web Gateway Servers?
240	2	Settings > LOB > Gateway Configurations > Web Gateway Configuration
241	2	Field Name Description
242	2	Field Name Description
243	3	4.3.7.1.3 Service Configuration
243	2	What is Service Configuration?
243	2	Settings > LOB > Service Configuration
243	2	Field Name Description
243	2	Remove From User Group If User
243	2	Removed From LOB/Profile - Is
243	2	Enabled
244	2	Field Name Description
244	2	Remove Service Mapping If User
244	2	Removed From LOB/Profile - Is
244	2	Enabled
244	2	Auto Revoking of User-Service
244	2	Auto Revoking of User-Service
245	2	Field Name Description
245	2	Revoking of User-Service Mapping LOB Wise under LOB Wise
245	2	Allow Service Access Request For All
245	2	Services In LOB
245	3	4.3.7.1.4 LOB Wise Global Configuration
245	2	What is LOB Wise Global Configuration?
245	2	Field Name Description
246	2	Field Name Description
246	2	Automate User and Service Mapping
246	2	Enabled
246	3	4.3.7.2 Group
246	2	What are Group Settings?
246	2	Why are Group Settings Important?
247	2	Apply Password Settings
247	2	Apply Command Profile
247	2	USER DOOR ACCESS
247	2	BIOMETRIC
247	2	Machine Control
247	2	ACMO
247	2	Alerts
247	2	Mapping
247	3	4.3.7.2.1 Apply Password Settings
247	2	What are Apply Password Settings?
247	2	Settings → Group
250	2	Field Name Description
250	2	Allow Password
250	2	Change
251	2	Field Name Description
251	2	Use Global Password
251	2	Policy
251	2	Allow Scheduled
251	2	Password Change
251	2	Auto Discovery To enable Auto Discovery
251	2	Low
251	2	Medium
251	2	High
251	2	Critical
251	3	4.3.7.2.2 Apply Command Profile
251	2	What is Command Profile Settings?
255	2	LOB/Profile – Command Policy Applied Successfully
255	2	No Of Users Affected: (Total Number)
256	3	4.3.7.2.3 2FA
256	3	4.3.7.2.3.1 Dual Factor IP Range
256	2	Settings > Group > 2FA
257	2	Field Name Description
258	3	4.3.7.2.3.2 CISCO Duo MFA
258	2	Settings > Group > 2FA > Cisco Duo MFA
258	2	Field Name Description
259	2	Field Name Description
259	3	4.3.7.2.3.3 2FA Configurations
259	2	Settings → Group → 2FA
259	2	Field Name Description
259	2	User Door Access Authentication -
259	2	Error Message
259	2	SMS OTP -  Enforce Self
259	2	Mobile OTP - Enforce Self
259	2	SMS OTP -Enforce Self Registration for All Users and Mobile
260	2	Field Name Description
260	2	SMS OTP Mobile No Duplication
260	2	Validation - Is Enable
260	2	Unlock SSH Linux User Account and
260	2	Change Password
260	2	Set SMS OTP (Dual Factor
260	2	Allow Duplicate Mobile OTP
260	2	(Unique ID)
260	2	SMS OTP -Enforce Self Registration for All Users and Mobile
260	2	It Has Been Already Used For Some Other User.' with another
261	2	Field Name Description
261	2	Enable Mobile OTP Registration on
261	2	Multiple Instances
261	2	Disable Hardware Token - for All
261	2	User
261	3	4.3.7.2.3.4 User Door Access
261	2	What is User Door Access Authentication?
261	2	Settings → Group → 2FA → USER DOOR ACCESS
262	2	Confirm Changes?0
262	2	Field Name Description
263	2	Field Name Description
263	2	User Door Access Configuration
263	2	Settings → Group → 2FA → USER DOOR ACCESS0
263	2	Field Name Description
263	2	RADIUS Server
263	2	Connection Timeout
263	2	Hardware Token-Radius Servers
263	2	What are Hardware Token-Radius Servers?
263	2	Settings → Group → 2FA → USER DOOR ACCESS0
265	2	Field Name Description
265	2	Radius User Authentication Enable Radius User Authentication for User Authentication
265	2	Radius 2FA Enable Radius 2FA for 2FA
266	3	4.3.7.2.3.5 Biometric
266	2	What is Biometric Setting?
266	2	Voice Biometric Configuration
266	2	Settings → Group → 2FA → BIOMETRIC
267	2	Field Name Description
267	2	True
267	2	False
267	2	True
267	2	False
267	2	Biometric Configurations
268	2	Settings → Group → 2FA → BIOMETRIC
268	2	Field Name Description
268	2	Biometric – Finger Print - Mode -
268	2	Centralized Valid For (Minutes)
268	2	Biometric Finger Print
268	2	Authenticator Link On ACMO
268	2	Login Page - Is Enabled
268	2	Biometric-Finger Print- Minimum
268	2	Match Score (Percentage)
268	3	4.3.7.2.4 Machine Control
268	3	4.3.7.2.4.1 Network Segments
269	2	Settings → Group → Machine Control
269	2	Field Name Description
270	3	4.3.7.2.4.2 Machine Controls Global Configurations
270	2	Settings → Group → Machine Control
270	2	Field Name Description
270	2	Desktop Level Access Control -
270	2	MAC/IP Filter
271	2	Field Name Description
271	2	Common Temp Parent Folder
271	2	For ARCOS ActiveX
271	2	Access On Hold (By Default) In
271	2	User Access Review - Is Enabled
271	3	4.3.7.2.5 ACMO
271	2	Settings → Group → ACMO
271	2	Field Name Description
271	2	ACMO Session Timeout
272	2	Field Name Description
272	2	Sort All Filter Data In
272	2	ACMO Connections - Is
272	2	Enabled
272	2	ARCOS Security Token
272	2	Validation In ACMO - Is
272	2	Enabled
272	2	Service Access All LOB - Is
272	2	Enabled
272	2	Hide ACMO My Services
272	2	Page Table Column (Case
272	2	Instance
272	2	ACMO Enable Agentless
272	2	Login
273	2	Field Name Description
273	2	Dashboard-Critical
273	2	Commands Fired Daywise
273	2	Disable Domain Field for
273	2	Login
273	2	Enable Multi Access
273	2	Button
274	2	Field Name Description
274	2	Enable Hash Value
274	2	Comparison
274	2	Display My Vault APEM
274	2	Incident Management
274	2	Admin Users
274	2	Password Complexity Of
274	2	API Users
274	3	4.3.7.2.6 Alerts
275	2	Settings → Group→Alerts(?)
275	2	Field Name Description
275	2	Send Alert To All Checkers
275	2	When Maker Creates New
275	2	User
275	2	User Dormancy Alert -
275	2	Schedule Days
275	3	4.3.7.2.7 MFA
275	2	What are MFA Settings?
276	2	Settings → Group → MFA
276	2	Field Name Description
276	2	Enabled
276	2	Invalid Login Attempts
276	2	Threshold for Local Users
276	2	Invalid Login Attempts
276	2	Threshold for Domain Users
276	2	OTP Expiration Time (In
276	2	Minutes)
276	2	Maximum OTP Resend
276	2	Attempts Threshold
276	3	4.3.7.2.8 Mapping - Settings
276	2	What are Mapping Settings?
277	2	Settings > Group > Mapping
277	2	Field Name Description
277	2	Automate UserGroup And
277	2	ServerGroup Mapping (AD
277	2	OnBoarding) - Is Enabled
277	2	Service Mapping When
277	2	Is Enabled
277	2	ServerGroup- Is Enabled
277	3	4.3.7.3 User Settings
277	2	What are User Settings?
278	3	4.3.7.3.1 Mac or IP Filter
278	2	Settings → User0
278	2	Select Mac/IP Filter:0
279	2	Field Name Description
279	2	IP Address
279	2	MAC Address
279	2	Processor ID
279	2	BIOS Serial ID
281	3	4.3.7.3.2 User Security
281	3	4.3.7.3.2.1 Configure Dormancy Period at Group Level
281	2	Settings→ User Security → Configure Dormancy Period at Group Level
281	2	Field Name Description
281	2	Account Threshold Values
282	3	4.3.7.3.2.2 Mail Servers
282	2	SMTP Setting
283	2	Field Name Description
283	2	Proxy Settings
284	2	Field Name Description
284	2	IMAP Setting
284	2	Field Name Description
284	2	Proxy Settings
285	2	Field Name Description
285	2	EWS Setting
285	2	Field Name Description
285	2	Proxy Settings
286	2	Field Name Description
286	2	O 365 Settings
286	2	Field Name Description
286	2	MS Teams
287	2	Assigned Mail Server(s)
288	3	4.3.7.3.2.3 User Security - Other Configurations
288	2	Field Name Description
288	3	4.3.7.3.3 User Modification
288	2	What are User Modification Settings?
289	2	Field Name Description
289	2	Allow User Enabling Once
289	2	Disabled - Is Enabled
289	2	Editable Display Name For
289	2	Domain User - Is Enabled
289	2	User Display Name Properties In
289	2	LDAP (Separated With ~)
289	2	ACMO-> Manage -> Server Manager
289	2	Map Group/Users
289	2	Map Users/Services
289	2	Manage Commands
289	2	Manage Processes
289	2	GroupAdmin - Map Services
290	2	Field Name Description
290	3	4.3.7.3.3.1 Configure User Tags
290	2	Settings > User > User Modifications > Configure User Tags0
291	3	4.3.7.4 Service Setting
291	2	What are Service Settings?
291	2	Why are Service Settings Important?
291	2	Security
291	2	SSH
291	2	Windows
291	2	Request
291	2	Service Modifications
291	3	4.3.7.4.1 Security setting
291	3	4.3.7.4.1.1 Service Critical Command
292	2	Settings → Service → Service Security
293	2	Field Name Description
294	3	4.3.7.4.1.2 Service Security Configurations
295	2	Field Name Description
295	2	Service Critical
295	2	Commands
295	2	Restricted Command
295	2	Error Message
295	2	Resolve IP Address
295	2	Before Connecting (If
295	2	Direct Access) - Is
295	2	Enabled
295	2	Toolbar In App
295	2	Attachmate Reflection -
295	2	Is Enabled
295	2	Remove Sign On Menu
295	2	In App PLSQL Developer
295	2	Oracle - Is Enabled
296	2	Field Name Description
296	2	ARCON PAM MultiTab
296	2	Option
296	2	Days For Server Last
296	2	Accessed On
296	3	4.3.7.4.1.3 Outside ARCON PAM Access Configuration
296	2	Settings → Service → Service Security0
297	2	Field Name Description
298	3	4.3.7.4.2 SSH
300	2	Field Name Description
300	2	SYSADM Account For Root User 7
300	2	& 16 (With Comma)
300	2	Root Account For IP Service Type
300	1	7 & 16 (With Comma)
300	2	Domain Validation For SSH Based
300	2	Connections - Is Enabled
300	2	Service Critical Commands - Ask
300	2	User Confirmation (Before
300	2	Execution) - Is Enabled
301	2	Field Name Description
301	2	ARCOS SSH Terminal (2) SSH
301	2	Authentication Methods Type
301	2	ARCOS Switch User Reason
301	2	Popup Box
301	2	ARCOS SFTP Latest Ciphers Is
301	2	Enabled
301	2	Valid Values Configure web API URL for ARCON API URL
301	2	Execute Network Command With
301	2	Credential
301	2	Router, Telnet Switch, SSH Router, SSH Switch, SSH Telnet) to switch to
302	2	Field Name Description
302	2	Stop SSHOracleSqlplus Auto
302	2	Login
302	2	Enable/Disable Copy Paste in
302	2	Putty
302	2	ARCOSPutty
302	2	SSH New Command Log Web
302	2	Method
303	2	Field Name Description
303	3	4.3.7.4.3 Windows
303	2	What are Windows Settings?
304	2	Field Name Description
304	2	Windows RDP - Use Console
304	2	Privileges
304	2	Windows RDP - Allow Clipboard
304	2	To All
304	2	Windows App Option For
304	2	Windows RDP - Is Enabled
304	2	Process Level Restriction - Is
304	2	Enabled
305	2	Field Name Description
305	2	ARCOS TS Monitor Keep Alive
305	2	Max Value
305	2	ARCOS TS Monitor Connection
305	2	Timeout (Seconds)
305	2	Allow RDP Connection Without
305	2	TS-Monitor
305	2	Windows Terminal Option For
305	2	Windows RDP - Is Enabled
305	3	4.3.7.4.4 Request
305	2	What are Request Settings?
306	2	Field Name Description
306	2	Time Based Request Service
306	2	Access - Is Enabled
306	2	Hide Configuration Command for
306	2	Service Request
306	2	ARCOS Service Password - Is
306	2	Enabled
307	2	Field Name Description
307	2	ARCOS Service Access - Is
307	2	Enabled
307	2	Raise Request (My Access > Raise Request) in the Client Manager
307	2	Access Duration For Service
307	2	Permanent Request Service
307	2	Access - Is Enabled
307	2	Time Based Service
307	2	Access Request From Server
307	2	Manager - Is Enabled
307	2	One Time Service Access
307	2	Request- Is Enabled
308	2	Field Name Description
308	2	Select Service Types For Offline
308	2	Access
308	3	4.3.7.4.5 Service Modification
308	3	4.3.7.4.5.1 Service Mandatory Field Configuration
308	2	Settings → Service →  Service Modifications
309	3	4.3.7.4.5.2 Advanced Utility
309	2	What is Advanced Utility?
310	2	Settings → Service → Modification:0
310	2	Field Name  Description
310	2	Convert First Letter of Server User Name To
310	2	Uppercase
310	3	4.3.7.4.5.3 Service Classifications
310	2	What are Service Classifications?
311	2	Settings → Service → Service Modifications0
311	2	Field Name  Description
313	2	Server Manager → Manage → Users and Services → Manage Services
313	2	Server Manager → Tools → Settings → Groups→ Apply Password Settings
313	3	4.3.7.4.5.4 Service Modifications Configurations
313	2	Field Name Description
314	2	Field Name Description
314	2	Confirmation Box For
314	2	Mapping Operations In
314	2	ARCOS Server Manager -
314	2	Is Enabled
314	2	Allow Permanently Service
314	2	Deletion - Is Enabled
314	2	Service Display
314	2	Configuration
314	2	Service (CM > My Access > Raise Request > Service Access)
314	2	Service (CM > My Access > Raise Request > Service Password)
314	2	Valid Values IPADDRESS,USERNAME,DOMAIN,DBINSTANCE,HOSTNAME,USERDISPLAY
314	2	NAME,USERDESCRIPTION
314	2	Service Creation - Force
315	2	Field Name Description
315	3	4.3.7.5 Password
315	2	What are Password Settings?
315	2	Why are Password Settings Important?
315	2	Generic Scheduler Setting
315	2	Password Dashboard
315	2	View Password
315	2	Password Change
315	2	Reconciliation
315	2	Fail Safe (Envelope)
315	2	Debug Mode
315	2	Miscellaneous
315	3	4.3.7.5.1 HSM Configuration
315	2	What is HSM Configuration?
316	2	Settings → Password
316	2	Field Name Description
317	2	Field Name Description
317	2	Label/Key Enter the Key
318	3	4.3.7.5.2 Generic Scheduler Settings
318	2	What are Generic Scheduler Settings?
318	2	Assign Generic Scheduler Setting
318	2	Configure Generic Scheduler Settings
318	2	Settings → Password
320	2	Sr. No. Settings Name Settings Value Description Usage
320	1	1. ProvisioningApiUrl http://IP/arcos/ This value is used for calling External
320	2	Used
320	2	Scheduler
321	2	Sr. No. Settings Name Settings Value Description Usage
321	1	2. ProvisioningProces
321	2	Used
321	2	Scheduler
321	1	3. BatchSize 10000 This value indicates the batch size of
321	2	Generic Scheduler
321	2	Generic Scheduler
321	2	ARCONPAMVaultA
321	2	Generic Scheduler
321	2	ARCONPAMVaultA
321	1	6. ApplicationName GenericScheduler This value indicates the name of the
321	2	Generic Scheduler
321	1	7. TimerInterval 6000 This value indicates the Timer to be
321	2	Generic Scheduler
321	2	ARCONPAMVaultA
321	1	8. HighCpu 90 -The value indicates the high limit of
321	2	Generic Scheduler
321	2	ARCONPAMVaultA
322	2	Sr. No. Settings Name Settings Value Description Usage
322	1	9. ParallelProcessing N -This value indicates whether
322	2	Generic Scheduler
322	2	ARCONPAMVaultA
322	2	Site1)
322	2	Generic Scheduler
322	1	11. DWHAPIUrl http://IP:Port/api/ This value indicates the URL of API
322	2	Generic Scheduler
322	1	12. OffPeakTime NightTime This value indicates the time other
322	2	Generic Scheduler
322	1	13. DecryptDataLimit 50000 This value indicates the decryption
322	2	Generic Scheduler
322	1	14. DatawareHousePr
322	2	Generic Scheduler
322	1	15. HighMemory 90 This value indicates the Timer to be
322	2	Generic Scheduler
322	2	ARCONPAMVaultA
322	1	16. StartTime 9:00:00 -This value indicates the start time of
322	2	ARCONPAMVaultA
322	1	17. EndTime 22:00:00 -This value indicates the end time of
322	2	ARCONPAMVaultA
322	1	18. PasswordChangePr
322	2	ARCONPAMVaultA
323	2	Sr. No. Settings Name Settings Value Description Usage
323	1	19. MaxPasswordAgeR
323	1	10 -This value indicates the number of
323	2	ARCONPAMVaultA
323	1	20. MonthCount 2 This value indicates the number of
323	2	Generic Scheduler
323	1	21. IsRunIncrementalD
323	1	0 This value indicates whether to run
323	2	Generic Scheduler
323	1	22. TillDate 05/01/2018 This value indicates up to which back
323	2	Generic Scheduler
323	1	23. MaxDegreeOfParal
323	1	1000 This value indicates the number of
323	2	ARCONPAMVaultA
323	1	24. TelnetTimeout 0 This value is used for telnet the
323	2	ARCONPAMVaultA
323	1	25. BatchSizeForRecon
323	1	50 This value indicates the batch size
323	2	ARCONPAMVaultA
324	2	Sr. No. Settings Name Settings Value Description Usage
324	1	27. EntityName ARCON PAM
324	2	Reporting
324	1	28. EntityCode PAMRP This is the code name of the
324	1	29. CertificateName IISExpressDev.pfx This is the certificate used for SAML
324	2	Authentication
324	1	31. ConsumerServiceU
324	2	ReportView/
324	2	Index2
324	1	33. AssertionEncryptio
324	2	ARCOS Encrypted format. API URL
324	1	34. rpUser ARCOS Encrypted
324	2	Value
324	2	HPQR7/H1qB5lh/
324	2	TU=)
324	1	35. rpPass ARCOS Encrypted
324	2	Value
324	2	Encrypted Value of API Users
324	1	36. APIUrl Base64 encoding
324	2	Value
324	2	FsaG9zdDoxMjQ3
324	2	Lw==)
325	3	4.3.7.5.3 View Password
325	2	What is View Password?
325	2	Settings → Password→ View Password
325	2	Field Name Description
325	2	View Password - No of
325	2	Authentication Users
325	2	Allow Password Request Of
325	2	Dependent Services - Is Enabled
325	2	Allow Multiple Users to Request
325	2	Set Min-Max Range for Service
325	2	Password Duration (Hours)
325	2	Minimum Range: 1-24
325	2	Maximum Range: 2-96
326	2	Field Name Description
326	2	Display the Vault Password
326	3	4.3.7.5.4 Password Change
326	3	4.3.7.5.4.1 Password Dictionary
326	2	Settings → Password → Password Change0
327	2	Field Name Description
328	3	4.3.7.5.4.2 Password Change Defaults
328	2	Settings → Password → Password Change0
328	2	Field Name Description
329	2	Field Name Description
329	2	Use Replace Keyword in
329	2	Password Change (Oracle)
329	2	Use Gateway Server (ARCON
329	2	PAM – Firewall)
329	2	ARCON PAM Windows
329	2	Password Change Service
329	2	Port
329	2	Enable ARCON PAM Windows Password Change Service Port, when you
329	2	Use Central Password
329	2	Change Service (CPCS Client)
329	2	Use “suse” For UNIX
329	2	Password Change
329	2	Hide Password Changing Log
329	2	Window (Beta)
329	2	Configure Multiple CPCS Clients
331	2	Field Name Description
331	2	Domain Name Enter Domain Name
331	2	Server IP Enter the IP Address of Server
331	2	Server Port Enter Port Number of Server
331	2	ARCOSWinPasswordChangeService
331	2	CiscoACSPasswordChangeService
331	2	CiscoISEPasswordChange Service
331	2	ForcePointPasswordChangeService
331	2	AD Auth URL Enter AD Auth URL
331	2	Protocol Port Enter Protocol Port number
331	2	Domain Extension Enter Domain Extension
331	2	Admin Username Enter Admin Username
331	2	Admin Password Enter Admin Password
332	3	4.3.7.5.4.3 Custom Command Configuration
332	2	What is Custom Command Configuration?
332	2	Settings → Password → Password Change
333	2	Field Name Description
333	2	SSH
333	2	Telnet
333	2	Robotic Process Automation (RPA)
334	2	Field Name Description
334	2	Command Enter Command
334	2	Command Condition NA
334	2	Command Response NA
334	2	Is Password Prompt NA
334	2	Prompt Test NA
336	3	4.3.7.5.4.4 Password change Configurations
336	2	What are Password Change Configurations?
336	2	Settings → Password → Password Change
336	2	Field Name Description
336	2	Default Password Age For
336	2	New Service
336	2	Password Manager - Group
336	2	Authorization (Request
336	2	Email Approval) - Is Enabled
337	2	Field Name Description
337	2	Change Password - No of
337	2	User(s) Authentication
337	2	Supported Service Types For
337	2	Password Change Services
337	2	Eg:1,7
337	2	Maximum Failed Attempts
337	2	For Password Change
337	2	Services
337	2	Allow Dependency From
337	2	Across LOB Is Enabled
337	2	Only Server Group Admin
337	2	Can Perform Password
337	2	Change-Is Enabled
338	2	Field Name Description
338	2	Failure Interval (In Hours)
338	2	For Password Change
338	2	Services
338	2	To Unlock and Forced Log
338	2	Off User Before Password
338	2	Change
339	3	4.3.7.5.5 Reconciliation
339	2	Why is Reconciliation Important?
339	2	Settings → Password → Reconciliation
339	2	Field Name Description
339	2	Application Password
339	2	Change (ASM) - Is
339	2	Enabled
339	2	Database Users
339	2	Passwords Auto Heal
339	1	1. 10.10.0.180@user1
339	1	2. 10.10.0.280@user1
339	1	3. 10.10.0.180@user2
339	2	Database Users
339	2	Passwords Auto Heal
340	2	Field Name Description
340	1	1. 10.10.0.180@user1
340	1	2. 10.10.0.280@user1
340	1	3. 10.10.0.180@user2
340	2	Database Users
340	2	Password Auto Heal
340	3	4.3.7.5.6 Fail Safe(Envelope)
340	2	What is Password Fail Safe Setting?
340	2	Settings → Password→ Fail Safe(Envelope)
341	2	Field Name Description
341	2	Pin Mailer - Auto
341	2	Generate Password For
341	2	PDF - Is Enabled
341	2	Schedule Password
341	2	Envelope - Is Enabled
341	2	Settings→ Logs→ Scheduler→ Schedule Password Envelope
341	2	Password Envelope
341	2	Protected File
341	3	4.3.7.5.7 Debug Mode
341	2	What is Password Debug Mode Setting?
341	2	Settings → Password→ Debug Mode
341	2	Manage > Password Manager > Print Password Envelope > Print
342	2	Field Name Description
342	2	ARCOS Password Change
342	2	Log In Debug Mode - Is
342	2	Enabled
342	2	ARCOS Password Change
342	2	Log File Path In Debug
342	2	Mode
342	3	4.3.7.5.8 Miscellaneous
342	2	What is Password Miscellaneous Setting?
342	2	Settings → Password→ Miscellaneous
342	2	Field Name Description
342	2	Auto Detect Dependent Service
342	2	With Common Domain Name and
342	2	User Name (For Update Service
342	2	Password Only) - Is Enabled
342	2	ARCOSAPI (Password Retrieval)
342	2	Requestor Validation - Is Enabled
343	2	Field Name Description
343	2	Automatically Apply Password
343	2	Server Group
343	2	Enable Robotic Automation
343	2	Process
343	3	4.3.7.5.8.1 ARCON PAM Plugin
343	2	Overview
344	2	ARCON PAM Plugin Installation
347	2	Temp Folder Permission
347	2	ARCON PAM Plugin Temp Permission - Chrome
352	2	ARCON PAM
355	3	4.3.7.6 Alert & Notifications
356	2	Alert and Notification Configuration
356	2	Alert Email Template
356	2	Custom Email Alert
356	2	ARCON PAM Message Board
356	2	Configure
356	2	Pre Requisite for Alert & Notification
356	2	Process Flow Diagram
357	3	4.3.7.6.1 Alert & Notification Configuration
358	2	Settings → Alert & Notifications0
359	1	3. From here, we can configure the following Alerts/Notification-
360	2	Field Name Description
361	2	Field Name Description
362	2	Field Name Description
362	2	SSH, Service Password Manually Changed, Password
362	2	Critical Service(s) Accessed In Service Group, and
363	3	4.3.7.6.2 Alert Email Template
363	2	What is Alert Email Template?
363	2	Settings → Alert & Notifications
364	2	Field Name Description
365	2	Field Name Description
365	2	Service Password Request
365	2	Service Access
365	2	Service Ticket
365	2	Critical With Approval
365	2	Approver
365	2	Requestor
366	3	4.3.7.6.3 Custom Email Alert
366	2	Settings > Alerts & Notifications > Custom Email Alert
367	2	Field Name Description
368	2	Field Name Description
368	3	4.3.7.6.4 ARCON PAM Message Board
368	2	Settings → Alert & Notifications0
369	2	Field Name Description
369	2	Message Settings
370	3	4.3.7.6.5 Configure
370	3	4.3.7.6.5.1 SMS Gateway Configuration
370	2	Settings → Alert & Notifications → Configure0
371	2	Field Name  Description
371	2	Gateway Sender ID Enter the Gateway Sender ID
372	2	Field Name  Description
372	3	4.3.7.6.5.2 Configurations
372	2	Settings → Alert & Notifications → Configure
372	2	Field Name Description
372	2	Email Notification
373	2	Field Name Description
373	3	4.3.7.7 Workflow
373	2	Configure Holidays
373	2	Raise Request
373	2	Admin Activities
373	3	4.3.7.7.1 Configure Holiday
373	2	Settings → Workflow
374	2	Field Name Description
375	3	4.3.7.7.2 Raise Request
375	2	Settings → Workflow → Raise Request0
375	2	Field Name Description
375	2	Reference Details Mandate while
375	2	Enable
376	2	Field Name Description
376	2	Allow Raising Password Request
376	2	For All Services In Group
376	2	Selected LOB
376	3	4.3.7.7.2.1 User Request Approval Workflow
376	2	Settings → Workflow → Raise Request
378	2	Field Name Description
379	2	Field Name Description
379	2	If LOB Wise Workflow Configuration - Is Enabled Configuration is
379	1	0 Approval Level can be configured only for Service Password
380	2	Field Name Description
380	2	Approver
380	2	Send Email Notification(s) to
380	2	Requester
381	3	4.3.7.7.3 Admin Activities
381	3	4.3.7.7.3.1 Workflow Approval Matrix
382	2	Settings → Workflow → Admin Activities
384	2	Field Name Description
384	2	Created
384	2	Modified
384	2	Deleted
384	2	Assigned
384	2	Revoked
384	2	View
385	2	Field Name Description
387	3	4.3.7.7.3.2 Admin Activities Global Configurations
387	2	Settings → Workflow → Admin Activities
387	2	Field Name Description
387	2	User Request Approval Workflow - Is
387	2	Enabled
387	2	CAPTCHA Validation In ACMO Service
387	2	Access And Password Request - Is
387	2	Enabled
387	2	Minimum Length of Comment Field
387	2	While Rejecting Any Workflow
387	2	Minimum Length of Comment Field
387	2	While Approving Any Workflow
387	2	Manage > Workflow Tracker > User Service Request Workflow
388	2	Field Name Description
388	3	4.3.7.8 Session
388	3	4.3.7.8.1 Time Control
388	2	What is Application Configuration?
388	2	Settings → Session → Time Control
389	2	Field Name Description
389	2	Session Lock Out
390	2	Change After Day(s)
390	2	Enforce Password
390	2	History
390	2	Password Dictionary
390	2	Check
390	2	Password Equal
390	2	Username Check
390	2	Character Allowance (ACMO-Login Form)
390	2	Special Characters
390	2	Field
390	2	Special Characters
390	2	Field
391	2	Domain Users
391	3	4.3.7.8.2 Time Control Configuration
391	2	Settings → Session → Time Control
391	2	Field Name Description
391	2	Max Session(s) Per User
391	2	(0 Is Unlimited)
391	2	Min Time Wait For New
391	2	User Session - If Exceeds
391	2	AWM Session Timeout
392	2	Field Name Description
392	2	Max Hours For Service
392	2	Session Duration
392	2	Auto Terminate Session
392	2	If Session Duration
392	2	Expired (Minutes)
392	2	Service Session(s) Per
392	3	4.3.7.8.3 UI Control
392	2	Settings → Session → UI Control
392	2	Field Name Description
392	2	ARCOS Window Min
392	2	Width
392	2	ARCOS Window Min
392	2	Height
392	2	Terminate Session
392	2	Button On Unlock
392	2	Session - Is Enabled
393	2	Field Name Description
393	2	Client Session Window
393	2	Title Order
393	2	Disable Snipping Tool -
393	2	Is Enable
393	2	Launch Putty FullScreen
393	2	Mode - Is Enabled
393	3	4.3.7.9 Domain
393	2	What is Domain Configuration?
393	2	Settings → Domain → Configure
394	2	Field Name  Description
394	2	Protocol Type Select authentication type as ARCOSAUTH, LDAP, LDAP SSL, Azure AD
395	2	Field Name  Description
397	2	Field Name Description
397	3	4.3.7.10 Ticket
397	2	Service Reference Template
397	2	Service Type
397	3	4.3.7.10.1 Service Reference Template
397	2	What is Service Reference Template?
398	2	Settings → Ticket → Template0
398	2	Field Name Description
399	2	Field Name Description
399	2	Allow Max
399	2	Attempts
399	2	Reference
399	2	Method
400	2	Field Name Description
402	3	4.3.7.10.2 Service Type
402	3	4.3.7.10.2.1 Server Reference / Call log
402	2	Settings → Ticket → Service Type
403	3	4.3.7.11 Logs
404	2	LOB Wise Log Archival Settings
404	2	Image Quality
404	2	Capture
404	2	Archival Service
404	2	Scheduler
404	2	Settings → Log
404	2	Field Name Description
404	2	Reference Detail Required For
404	2	Audit Trail - Is Enabled
404	2	Settings → Log → Capture→ Modify Service type→ Enable/Disable
404	2	Settings → Log → Capture→ Modify Service type→ Enable/Disable
404	3	4.3.7.11.1 LOB Wise Log Archival Settings
405	2	Settings → Log
405	2	Field Name Description
406	2	Field Name Description
406	2	Shared Folder
406	2	Web Dav
406	2	IP Address:Port/ARCOSLogManagerServiceLog_Archived
407	3	4.3.7.11.2 Image Quality
407	2	Settings → Logs → Image Quality
407	2	Field Name Description
407	2	ARCOS Video Log Image
407	2	Config - Is Enabled
407	2	This configuration enables/disables ARCON PAM Video Log Image
407	2	ARCOS Video Log Image
407	2	Width
407	2	ARCOS Video Log Image
407	2	Height
408	2	Field Name Description
408	2	ARCOS Video Log Image
408	2	Compression - Is Enabled
408	2	This configuration enables/disables ARCON PAM Video Log Image
408	2	Compression
408	2	ARCOS Video Log Image
408	2	Quality
408	2	ARCOSSIEMConnectorService
408	2	- ARCOS Event ID From SIEM
408	3	4.3.7.11.2.1 File Naming Template
408	2	What is File Naming Template?
409	2	Settings → Log → Image Quality
409	2	Field Name Description
409	2	Video Logs
409	2	Password Envelope
409	2	PDF From Logs
410	2	Field Name Description
410	3	4.3.7.11.3 Capture
410	2	What is Log Manager Service?
410	2	Settings → Logs → Capture
411	2	Field Name Description
411	2	Colored
411	2	Gray Scaled
412	3	4.3.7.11.3.1 Video Log Information Configuration
412	2	Settings → Log → Capture
413	3	4.3.7.11.3.2 ARCON PAM Staging Log Server
414	2	Settings → Logs → Capture0
415	2	Field Name Description
416	3	4.3.7.11.3.3 Modify Service Type
416	2	What is Modify Service Type?
416	2	Settings → Log → Capture
417	3	4.3.7.11.3.4 Capture Configurations
417	2	Settings → Logs → Capture
417	2	Field Name Description
417	2	ARCON Desk Insight Video
417	2	Log - Is Enabled For All
417	2	ARCOSRDPDB SQL
417	2	Connect Timeout
417	2	Video Log Threading For
417	2	RDP - Is Enabled
417	2	Capture Window
417	2	Activated/Inactivated
417	2	State - Is Enabled
418	2	Field Name Description
418	2	Capture Window
418	2	Minimized / Maximized
418	2	State - Is Enabled
418	2	Max Duration(in days) For
418	2	Log Generation
418	2	Disable Video Logs by
418	2	Server Group
418	2	ARCON QA Video Log
418	2	Enable
418	2	Use WebDT for Web API
418	2	Image Capture
419	2	Field Name Description
419	2	RDPDB Database)
419	2	Old encryption-  Image Encoding
419	2	New encryption- AES 256 Encryption
419	2	New Encryption with Tamperproof
419	2	Image Log Failure
419	2	Frequency
419	3	4.3.7.11.4 Archival Service
419	2	Settings → Logs → Archival Service
419	2	Field Name Description
419	2	ARCOS Log Archiver Service - Is
419	2	Enabled
419	2	ARCOS Log Archiver Service - Is
419	2	Delete Service Log (If Archive
419	2	Success)
419	2	ARCOS Log Archiver Service -
419	2	Archive Older Than Hours
420	2	Field Name Description
420	3	4.3.7.11.5 Scheduler
420	2	Scheduler Master
420	2	Schedule Password Envelope
420	2	Schedule Reports and Logs
420	3	4.3.7.11.5.1 Schedule Master
420	2	Settings →Logs→ Scheduler
421	2	Field Name Description
422	2	Field Name Description
422	2	Run Only Between These
422	2	Times
422	2	Run Only Between These
423	3	4.3.7.11.5.2 Scheduler Configurations
423	2	Settings → Logs → Scheduler
423	2	Field Name Description
423	2	Show ServiceType, Service
423	2	Group & UserID Filters In
423	2	ACMO.ViewAccessLogs
423	2	Exclude Inactive Or Disabled
423	2	Users From Reports - Is
423	2	Enabled
424	2	Field Name Description
424	2	Service ID for Dashboard
424	2	Widget
424	2	Valid Values Service type ID
424	2	Generate Envelope By Domain
424	2	IDs
424	3	4.3.7.11.5.3 Schedule Password Envelopes
424	2	What are Scheduled Password Envelopes?
424	2	Settings → Logs → Scheduler
426	2	Field Name Description
427	2	Field Name Description
427	2	Send Newly Created
427	2	Envelope(s) Instantaneously
427	2	File Location
427	2	Shared
427	2	Email
427	2	Both
427	2	Email Parameters
428	3	4.3.7.11.5.4 Schedule Reports and Logs
428	2	Settings → Logs → Scheduler
430	2	Field Name Description
431	2	Field Name Description
431	2	Schedule Type
432	2	Field Name Description
432	2	File Location
432	2	Email Parameters
432	2	Scheduled
432	2	Settings → Logs → Scheduler
435	2	Field Name Description
435	2	Schedule Type
436	2	Field Name Description
436	2	File Location
436	2	Email Parameters
436	2	Scheduled
436	3	4.3.7.12 Network/Connection
436	3	4.3.7.12.1 Gateway
437	3	4.3.7.12.2 VPN Servers
437	2	Settings → Network/Connection → Gateway
438	2	Field Name Description
438	2	Directly to Database (PVSL - Password Vault Session Logging)
438	2	Via Application Server (EPAM - Enterprise Privileged Account
439	2	Field Name Description
440	2	Field Name Description
441	3	4.3.7.12.3 Gateway Configurations
441	2	Settings → Network/Connection → Gateway
441	2	Field Name Description
441	2	VPN For ARCON Desk Insight
441	2	(RDP) - Is Enabled
442	2	Field Name Description
442	2	ARCON VPN Client Version
442	2	(For SSH, Telnet)
442	2	ARCON VPN Client Version
442	2	(For SFTP, FTP)
442	2	ARCOS Compro Secure
442	2	Gateway Is Enable
442	2	Key Exchange Method
443	3	4.3.7.12.4 AGW
443	3	4.3.7.12.4.1 Configure Enduser IP Range
443	2	Settings → Network/Connection → AGW
443	2	Select Configure Enduser IP Range under AGW:0
444	2	Field Name Description
444	2	Gateway
444	2	AGW
445	3	4.3.7.12.4.2 AGW Configuration
445	2	Settings → Network/Connection →AGW0
446	2	Field Name Description
446	2	AGW Time Between Sign Off and New
446	2	Connection
447	3	4.3.7.13 API
447	2	API Configure
447	2	3rd Party API Notifier
447	2	Service Creation Validator
447	2	Registered Machines
447	3	4.3.7.13.1 API Configure
447	3	4.3.7.13.1.1 Web API Configuration
447	2	Settings → API → Configure00
447	2	Select Web API Configuration under the API Configure.0
448	1	2. Select the Add button to add a new Web API:0
450	2	Field Name Description
450	2	SOAP Action
450	2	Response Parameters
451	2	Field Name Description
451	2	Custom Validation
451	2	Enable Proxy
453	3	4.3.7.13.2 3rd Party API Notifier
453	3	4.3.7.13.2.1 API Reference Mapping
453	2	Settings → API → 3rd Party API Notifier
453	2	Field Name Description
453	2	Enable Select to Enable API Reference Mapping
453	2	Param 1 Value Not Applicable
453	2	Param 2 Value Not Applicable
454	2	Field Name Description
454	2	Param 3 Value Not Applicable
454	2	Param 4 Value Not Applicable
454	3	4.3.7.13.3 Service Creation Validator
454	3	4.3.7.13.3.1 Server Monitoring System
454	2	Settings → API → Service Creation Validator
455	2	Field Name Description
455	2	Is Validate Service User
455	2	Name
455	3	4.3.7.13.4 Registered Machines
455	3	4.3.7.13.4.1 Web API Registration
455	2	Settings → API → Registered Machines0
456	2	Field Name Description
457	2	Field Name Description
457	3	4.3.7.13.4.2 Bulk Import
458	2	Field Name Description
459	2	Field Name Description
459	3	4.3.7.14 General
459	2	Settings → General
459	2	Field Name Description
459	2	ARCOS Server Manager Login
459	2	Mode
460	2	Field Name Description
460	2	ARCOS Server Master - Is
460	2	Enabled
460	2	Manager > Settings  > Logs > Scheduler
460	2	Show List Of Newly Discovered
460	2	Devices In Server Manager - Is
460	2	Enabled
460	2	Cisco ISE HTTP Protocol for
460	2	Certificate Validation
460	2	Valid Values SSL3, TLS, TLS1.1, TLS1.2
460	2	Valid values Server IP
461	2	Field Name Description
461	2	Force Client Manager Splash
461	2	Enable Custom Columns in
461	2	Reports
461	2	Enable Browser Protocol to
461	2	Open Connection
461	2	Frequency in Minutes For
462	2	Field Name Description
462	2	Disable ARCON PAM Plugin
462	2	Security
463	2	Field Name Description
463	3	4.3.7.14.1 ARCON PAM Server Configuration
463	2	Settings → General
464	3	4.3.7.14.2 Server Master
464	2	Settings → General
465	2	Field Name Description
466	2	Field Name Description
466	2	Production
466	2	Production – HA
466	2	Disaster Recovery
466	2	Disaster Recovery - HA
466	2	Application Server
466	2	Vault Server
466	2	Gateway (VPN) Server
466	2	Critical Error Alert
467	2	Field Name Description
468	3	4.3.7.14.3 Server Type Configuration
468	2	What is Server Type Configuration?
469	2	ACMO Screen
469	2	Settings → General
470	2	Field Name Description
470	2	BLACK #000000 RGB(0, 0, 0)
470	2	RED #FF0000 RGB(255, 0, 0)
470	2	MAROON #800000 RGB(128, 0, 0)
470	2	YELLOW #FFFF00 RGB(255, 255, 0)
470	2	OLIVE #808000 RGB(128, 128, 0)
470	2	LIME #00FF00 RGB(0, 255, 0)
470	2	GREEN #008000 RGB(0, 128, 0)
470	2	AQUA #00FFFF RGB(0, 255, 255)
470	2	TEAL #008080 RGB(0, 128, 128)
470	2	BLUE #0000FF RGB(0, 0, 255)
470	2	NAVY #000080 RGB(0, 0, 128)
470	2	PURPLE #800080 RGB(128, 0, 128))
471	3	4.3.7.14.4 Object Counter
471	2	What is Object Counter?
471	2	General→ ARCOS Object Counter
472	3	4.3.7.14.5 Performance Monitoring
472	2	What is Performance Monitoring?
473	2	Settings → General
473	3	4.3.7.14.6 LOB Wise
473	2	Settings → General → LOB Wise
473	2	Field Name Description
473	2	LOB Wise User Management -
473	2	Is Enabled
473	2	Manager > Manage Users and Server Manager > Manage > Maker’s
474	2	Field Name Description
474	2	LOB Wise Workflow
474	2	Configuration - Is Enabled
474	2	>Workflow >Raise Request > User Request Approval Workflow. Also
474	2	LOB Wise Master And Manager
474	2	- Is Enabled
474	2	LOB Wise Real Time Session
474	2	Monitoring - Is Enabled
474	2	LOB Wise Service Management
474	2	- Is Enabled
475	2	Field Name Description
475	2	Password Envelope (SM > Manage > Password Manager) while
475	2	Settings → General → Ticket
475	2	Field Name Description
475	2	ARCOS Ticketing System - Is
475	2	Enabled
475	2	Access Duration For Ticket
475	2	Max Hours For Ticket Session
476	3	4.3.7.14.8 Real Time Session Monitoring
476	2	What is Real Time Session Monitoring?
476	2	Settings → General → Real-Time Session Monitoring
476	2	Field Name Description
476	2	Real Time Session Monitoring -
476	2	Is Enabled
476	2	Real Time Session Monitoring
476	2	With Freeze / Unfreeze Session
476	2	- Is Enabled
476	3	4.3.7.14.9 Privileged User Discovery and Reconciliation
476	2	Settings → General → Privileged User Discovery and Reconciliation
476	2	Field Name Description
476	2	Privileged User Discovery &
476	2	Reconciliation - Is Enabled
477	3	4.3.7.14.10 Maker Checker
477	2	Settings → General → Maker Checker
477	2	Field Name Description
477	2	User Maker Checker - Is
477	2	Enabled
477	3	4.3.7.14.11 Log Staging Server
477	2	Settings → General → Log Staging Server
477	2	Field Name Description
477	2	ARCOS Staging Log Server - Is
477	2	Enabled
477	3	4.3.7.14.12 Database
477	2	Settings → General → Database
477	2	Field Name Description
477	2	Use ARCOS Web Service DT
477	2	For Database (Server Manager)
477	2	- Is Enabled
478	2	Field Name Description
478	2	Use ARCOS Web Service DT
478	2	For Database (Script Manager)
478	2	- Is Enabled
478	2	Use ARCOS Web Service DT
478	2	For Database (ARCOS Clients)
478	2	- Is Enabled
478	2	New Timer Update Mechanism
478	2	- Is Enabled
478	2	New Timer Update
478	2	Mechanism(OFFLINE) - Is
478	2	Enabled
479	2	Field Name Description
479	3	4.3.7.15 My Vault
479	3	4.3.7.15.1 File(s)
479	2	Settings → My Vault → Files(s)
479	2	Field Name Description
479	3	4.3.7.16 Cloud
479	2	Settings → Cloud
480	2	Field Name Description
481	2	Field Name Description
482	2	Field Name Description
483	3	4.3.7.17 Configures
483	3	4.3.7.17.1 Image Log Configuration
483	2	What is Image Log Configuration?
483	2	Settings > Configure > Image Log Configuration
484	2	Field Description Default
484	2	Value
484	2	Colored
484	2	Image Log
484	2	Quality
484	2	Network
484	2	Bandwidth
484	2	Dependent
484	2	Adaptive Image
484	2	Quality
484	2	For Month - <MONTH>\, for Day - <DAY\
484	3	4.3.7.17.1.1 Session Orchestrator Video Log
484	2	What is Session Orchestrator Video Log?
485	2	Column Name Description
486	2	Column Name Description
486	2	Add/Edit Session Orchestrator Video Log
487	2	Fields Description Default
487	2	Value
488	2	Fields Description Default
488	2	Value
488	2	Session Orchestrator Setting
488	2	Storage Folder
488	2	Type
488	2	Connector Configuration
488	2	Session
488	2	Orchestrator
488	2	Retry Count
488	2	Working
488	2	API(URL)
488	2	Storage Folder
488	2	Path
488	2	Delete Session Orchestrator Video Log
489	3	4.3.7.17.1.2 Delta Image Capture Video Log
489	2	What is Delta Image Capture Video Log?
490	2	Column Name Description
490	2	Add/Edit Delta Image Capture Video Log
491	2	Field Name Description
492	2	Field Name Description
492	3	4.3.7.17.2 Cloud Storage Configuration
492	2	Settings > Configure > Cloud Storage Configuration
492	2	Column Name Description
492	3	4.3.7.17.2.1 Add/Edit Cloud Storage Configuration
493	3	4.3.7.18 PAM Plugin Configuration
493	3	4.3.7.18.1 Test PAM Plugin Release
494	3	4.3.7.18.2 Full PAM Plugin Release
495	3	4.3.7.18.3 Auto Update Logs
495	2	Column Name Description
496	3	4.3.8 Logs Management
496	3	4.3.8.1 Overview
496	2	Service Logs
496	2	Process Logs
496	2	Command Logs
496	2	User Access Logs
496	2	Service Password Status
496	2	User Activity Log
496	2	Envelope Logs
496	2	Import Utility Logs
496	2	MetaData/Text Logs
496	3	4.3.8.2 Service Logs
496	3	4.3.8.2.1 What are Service Logs?
496	3	4.3.8.2.2 How to Generate Service Logs?
496	2	Manage → Logs → Service Logs
497	2	Field Name Description
499	3	4.3.8.3 Process Logs
499	3	4.3.8.3.1 What are Process Logs?
500	3	4.3.8.3.2 How to generate process logs?
500	2	Manage → Logs → Process Logs
500	2	Field Name Description
501	2	Field Name Description
501	2	User Name
501	2	User IP (MAC) Address
501	2	Server IP Address
501	2	Process Name
501	2	Process Title
503	3	4.3.8.4 MetaData/Text Logs
503	3	4.3.8.4.1 What are Meta Data/Text Logs?
503	3	4.3.8.4.2 How to generate Meta Data/Text Logs Logs?
503	2	ACMO → Server Manager → Manage → Logs → Meta Data/Text Logs
503	2	SSMS for MS SQL
503	2	SQL Navigator for Oracle
503	2	PL/SQL Developer for Oracle
504	2	Field Name Description
505	3	4.3.8.5 User Activity Log
505	3	4.3.8.5.1 What is User Activity Log?
505	3	4.3.8.5.2 How to generate User Activity Log in ACMO?
505	2	ACMO → Server Manager → Logs → User Activity Log
506	2	Field Name Description
507	3	4.3.8.6 Command Logs
507	3	4.3.8.6.1 What are Command Logs?
508	3	4.3.8.6.2 How to generate Command Logs?
508	2	Manage → Logs → Command Logs
508	2	Field Name Description
508	2	User Name
508	2	Server IP Address
508	2	User IP (MAC) Address
508	2	Command Fired
508	2	Command Response
508	2	User Groups
508	2	Service Groups
511	3	4.3.8.7 ARCON PAM Logs
511	3	4.3.8.7.1 What are PAM Logs?
511	3	4.3.8.7.2 How to generate ARCON PAM Logs?
511	2	Manage → Logs → ARCON PAM Logs
512	2	Field Name Description
514	3	4.3.8.7.3 Reference Detail for Audit Trail
515	3	4.3.8.7.4 Configure reference details in ARCON PAM Logs
515	2	Tools → Advanced Configuration → Default Configuration → Menu → Global Configuration
516	3	4.3.8.7.5 How to view the details?
516	2	Manage → Logs → ARCON PAM Logs
517	3	4.3.8.8 User Access Logs
517	3	4.3.8.8.1 What are User Access Logs?
517	3	4.3.8.8.2 How to generate User Access Logs?
517	2	Manage → Logs → User Access Logs
517	2	Field Name Description
518	3	4.3.8.9 User Validity Status
518	3	4.3.8.9.1 What is User Validity Status?
518	3	4.3.8.9.2 How to generate User Validity Status?
518	2	Manage → Logs → User Validity Status
519	2	Field Name Description
520	3	4.3.8.10 Service Password Status
520	3	4.3.8.10.1 What is Service Password Status?
520	3	4.3.8.10.2 How to generate Service Password Status log?
520	2	Manage → Logs → Service Password Status
521	2	Field Name Description
521	2	Select Service
521	2	Group
521	2	Select Service Group
521	2	Service Type Select the Service Type
522	3	4.3.8.11 Service Reference Logs
522	3	4.3.8.11.1 What are Service Reference Logs?
522	3	4.3.8.11.2 How to generate Service Reference Logs?
522	2	Manage → Logs → Service Reference Logs
522	2	Field Name Description
523	2	Field Name Description
523	3	4.3.8.12 Import Utility Logs
523	3	4.3.8.12.1 What are Import Utility Logs?
523	3	4.3.8.12.2 How to generate Import Utility Logs?
524	2	ACMO → Server Manager → Logs → Import Utility Logs
524	2	Field Name Description
525	3	4.3.8.13 Envelope Logs
525	3	4.3.8.13.1 What are Envelope Logs?
525	3	4.3.8.13.2 How to generate the Envelope Logs?
525	2	ACMO → Server Manager → Logs → Envelope Logs
525	2	Field Name Description
526	2	Field Name Description
526	3	4.3.9 Entity Management and Mapping
526	3	4.3.9.1 What is Entity Management and Mapping?
527	3	4.3.9.2 Why is Entity Management Needed?
527	2	LOB
527	2	User
527	2	Service
527	2	Groups
527	2	Mappings
527	3	4.3.9.3 LOB
527	3	4.3.9.3.1 What is LOB (Line of Business)?
527	3	4.3.9.3.2 Why is LOB (Line of Business) Needed?
528	2	Create LOB
528	3	4.3.9.3.3 Create LOB
528	3	4.3.9.3.3.1 How to Create a LOB?
528	2	Manage → LOB/Profile Master and Manager → Manage LOB
528	2	Field Name Description
529	2	Field Name Description
529	3	4.3.9.4 User
529	3	4.3.9.4.1 What is a User?
530	3	4.3.9.4.2 Why is User Important?
530	2	User Creation Approval Process
530	2	User Access Control
530	2	User Creation Approval Process
530	3	4.3.9.4.3 User Profile
530	3	4.3.9.4.3.1 How to Copy the User Profile?
530	2	Manage → Users and Services → Manage Users
531	2	Do You Want To Perform this Operation?
532	2	Copy LOB
532	2	Copy User Group
532	2	Copy Services
532	2	Copy Commands
532	2	Copy Process
533	2	Copy ACMO Privileges
533	2	Copy ASM Privileges
533	2	Copy Group Admin Privileges
533	3	4.3.9.4.4 User Creation Approval Process
533	3	4.3.9.4.4.1 What is User Creation Approval Process?
533	2	User Creation Process
534	3	4.3.9.4.4.2 How to Create Domain or Local User?
534	2	Server Manager → Manage → Users and Services → Manage Users
534	1	2. The Create/Modify User screen contains the following fields:0
534	2	Field Name Description
535	2	Field Name Description
535	2	Client
535	2	Admin
535	2	Users Found on Domain With Specified User Name” is
536	2	Field Name Description
536	2	Department
536	2	Blood Group
536	2	**Customized Field
536	2	Country
536	2	**Customized Field
536	2	State
536	2	**Customized Field
537	2	Field Name Description
537	3	4.3.9.4.4.3 User Approving Process
537	2	Approving User through Maker Checker
537	2	The Send Alert To All Checker When Maker Creates New User configuration
537	2	User
538	3	4.3.9.4.4.4 How to Approve User from Maker’s Checker?
538	2	Server Manager → Manage → Maker’s Checker
538	3	4.3.9.4.4.5 How to Approve User from Approval Link?
538	2	Server Manager → Tools → Advanced Configuration → ARCOS Workflow Approval Matrix
539	2	Field Name Description
540	2	Field Name Description
540	2	Created
540	2	Modified
540	2	Deleted
540	2	Assigned
540	2	Revoked
540	2	CheckerApproved
540	2	CheckerNotApproved
540	2	Accessed
540	2	Viewed
540	2	Shared
540	2	Un-Shared
543	3	4.3.9.4.4.6 Process Flow Diagram
543	3	4.3.9.4.5 User Access Control
543	3	4.3.9.4.5.1 What is User Access Control?
543	3	4.3.9.4.5.2 Why is User Access Control Important?
544	3	4.3.9.4.5.3 How to Access Manage Users?
544	2	Manage → Users and Services → Manage Users
545	2	Security Setting
545	2	Access Control Setting
545	2	Endpoint-Based Access Setting
545	3	4.3.9.4.5.4 Access Control Setting
545	2	What is Access Control Setting?
546	2	Field Name Description
546	2	Enable Logon
546	2	Period
546	2	Use Global Session
546	2	Lock Out
546	2	Enable Endpoint
546	2	Based Access
546	2	Restrict Clipboard
547	3	4.3.9.4.5.5 Endpoint Based Access Setting
547	2	What is Endpoint Based Access Setting?
547	2	How to Add/Edit Endpoint Based Access Setting?
548	2	Field Name Description
548	2	IP Address
548	2	MAC Address
548	2	Processor ID
548	2	BIOS Serial ID
548	2	Is Active
548	3	4.3.9.4.5.6 Security Settings
548	2	How to Edit Security Settings?
548	2	Manage → Users and Services → Manage Users
550	2	Configure TOTP Authentication
550	2	What is TOTP Authentication?
550	2	Pre-requisites
550	2	Google Authenticator
550	2	Microsoft Authenticator
550	2	Symantec VIP Authenticator
551	2	How to Enable Dual Factor Authentication - TOTP?
551	2	Manage → Users and Services → Manage Users
555	2	After Enforcing Self Registration TOTP Authenticator. Click on Ok button
555	2	How to Post TOTP Configuration?
557	2	Configure Mobile OTP
557	2	Why is Dual-Factor Authentication via Mobile OTP Important?
557	2	Pre-requisite
559	2	How to Enable Dual Factor Authentication - Mobile OTP?
559	2	Manage → Users and Services → Manage Users
565	2	Post Mobile OTP Configuration
567	2	Configure Email Address
567	2	How to Configure Email Address?
567	2	Manage → Users and Services → Manage Users
569	2	Configure Email OTP
569	2	How to Configure Email OTP?
571	2	Post Email OTP Configuration
572	2	Configure Biometric Device
572	2	What is Biometric Device Configuration?
572	2	How to Configure Biometric Device?
578	2	Post-Biometric Device Configuration
581	2	Morpho Biometric Device Installation
586	2	Configure Hardware Token
586	2	What is Hardware Token Authentication?
586	2	How to Configure Hardware Token via RADIUS Server?
586	2	Tools → Advanced Configuration → Hardware Token – Radius Server
586	2	Field Name Description
587	2	Field Name Description
587	2	Radius 2FA Enables Dual Factor Authentication. ARCON PAM supports two
587	2	Software Token: A RADIUS Windows application
588	2	Confirm Changes?
588	2	Field Name Description
589	2	Field Name Description
590	2	Post Hardware Token Configuration
590	2	Configure Voice Biometric
590	2	What is Voice Biometric Authentication?
591	2	How to Configure Voice Biometric Authentication?
591	2	Settings → Group → 2FA → Voice Bio Metric Configuration
591	2	Select Voice Bio Metric Configuration
591	2	Field Name Description
591	2	True
591	2	False
591	2	The Administrator having Default Configuration and Voice Biometric
592	2	Field Name Description
592	2	True
592	2	False
592	2	How to Configure Dual Factor IP Range?
592	2	Settings → Group → 2FA → Dual Factor IP Range
593	2	Field Name Description
594	2	Configure SMS OTP
594	2	What is SMS OTP Dual-Factor Authentication?
594	2	How to Configure SMS OTP?
596	2	Post SMS OTP Configuration
597	2	Passwordless Authentication
597	2	What is Passwordless Authentication?
600	2	Go to Sites > ARCOSClientManagerOnline > DomainAuth > Double Click > Authentication
601	2	Internet Options Configuration (Server)
602	2	Internet Options Configuration (End-user machine)
603	1	2. Select Local Intranet > Sites
604	2	Click Close
604	2	How to Access PAM?
606	2	Domain Validation
606	2	Settings → Group → ACMO
606	2	Field Name Description
606	2	Domain
606	2	ACMO
606	2	( WindowsOS
606	2	Domain
606	2	ACMO
607	2	Field Name Description
607	2	Custom Domain
607	2	Validation
609	2	Configure Face Recognition
609	2	How to Configure Facial Information?
609	2	Server Manager > Manage Users
611	2	Post-Face Registration Configuration
613	2	Configure FIDO2 Authentication
613	2	What is FIDO2 Authenticator?
613	2	How to Configure FIDO2 Authenticator?
616	2	Post-FIDO Authentication Configuration
621	3	4.3.9.4.6 Modify details of User
621	3	4.3.9.4.6.1 How to Modify the details of a User?
621	2	Manage → Users and Services → Manage Users
623	3	4.3.9.5 Service
623	3	4.3.9.5.1 What are Services?
623	3	4.3.9.5.2 Why are Services Important?
623	2	Service Classification
623	2	Add Services in DMZ Supporting Server
623	2	Bulk Update
623	2	Service Quick Search
623	2	Copy Service Details
623	2	Modify Service Parameters
623	3	4.3.9.5.3 Service Classification
624	3	4.3.9.5.3.1 How to define service classification?
624	2	Tools → Advanced Configuration → Service Classification
624	2	Field
624	2	Name Description
624	2	Service
624	2	Classifica
624	2	Descripti
624	2	Server Manager → Manage → Users and Services → Manage Services
625	2	LOB / Profile - Password Policy
625	3	4.3.9.5.4 Create a Service
625	3	4.3.9.5.4.1 How to Create a Service?
625	2	Manage → Users and Services → Manage Services
628	2	Field Name Description
629	2	Field Name Description
630	2	Field Name Description
630	2	Use Customized
630	2	Connector
630	2	User Lock To Console/
630	2	Supporting Service
631	2	Field Name Description
631	2	Enable Application
631	2	Mapping
631	2	App Xshell
631	2	App SecureCRT
631	2	App MobaXterm
631	2	App WinSCP
631	2	App FileZilla
631	2	App BMT
631	2	App BSCLOGCOL
631	2	App 3 HIT Tool
631	2	Putty
632	2	New Server Instance Created
632	2	Options Description
632	2	Paste Service
632	2	Details
633	2	Options Description
633	2	Resolve Hostname
633	3	4.3.9.5.4.2 App X-RDP
633	3	4.3.9.5.4.3 ARCON DBeaver QA Connector
633	2	What is DBeaver Integration?
633	2	Pre-requisites
633	2	ACMO (PAM Portal)
633	2	ARCON PAM API
633	2	PAM Version: U10
634	2	Single Sign On
634	2	Command Restrictions
634	2	Critical With Approval
634	2	Alerts for Critical Commands
634	2	Session Recording
634	2	Video Logs
634	2	Session Monitoring
634	2	Behavior Analytics
634	3	4.3.9.5.4.4 App Corona Workbench
635	2	ACMO (PAM Portal)
635	2	PAM Version: U10
635	2	Files (x86)\CoronaCS\7.8\ftms.exe)
635	2	Technologies\Corona\7.8
635	2	Property File Path <DATA><CONFIGPATH>%APPDATA%\SmartStream
635	2	Technologies\Corona\7.8\Logon Profiles.ini</CONFIGPATH></DATA>
636	2	Single Sign-On
636	2	Session Recording
636	2	SSM
636	3	4.3.9.5.5 Define a Critical Command for a Service
636	3	4.3.9.5.5.1 What are Critical Commands?
636	3	4.3.9.5.5.2 How to define Critical Commands?
636	2	Tools → Advanced Configuration → Service Critical Commands
637	2	Field Name Description
637	2	Command
637	2	Description
637	2	Ask User
637	2	Confirmation
637	2	Execution)
638	3	4.3.9.5.6 Add Services in DMZ Supporting Server
638	3	4.3.9.5.6.1 What is DMZ or Demilitarized Zone?
638	3	4.3.9.5.6.2 How to Add Services in the DMZ Supporting Server?
638	2	Manage → Users and Services → Manage Services
639	3	4.3.9.5.6.3 How to view the added services in DMZ Zone?
640	3	4.3.9.5.7 Bulk Update
640	3	4.3.9.5.7.1 How to Bulk Update or Delete Service?
640	2	Manage → Users and Services → Manage Services
643	3	4.3.9.5.8 Service Quick Search
643	3	4.3.9.5.8.1 How to search for a service using Quick Search?
643	2	Manage → Users and Services → Manage Services
646	3	4.3.9.5.9 Copy Service Details
646	3	4.3.9.5.9.1 How to Copy Details of Service?
646	2	Manage → Users and Services → Manage Services
646	2	Service Details Copied To Clipboard
647	3	4.3.9.5.10 Modify Service Parameters
647	3	4.3.9.5.10.1 How to Schedule password change process for a service?
647	2	Manage → Users and Services → Manage Services
649	2	Field Name Description
649	2	Service Type -
649	2	Version
649	2	Change
649	2	Session
649	2	Disconnection
649	2	SSH Telnet
649	2	MS SQL EM - Local
649	2	MySQL QA
649	2	SSH LINUX
649	2	MS SQL QA
649	2	MS SQL EM - RDP
649	2	SSH Router
649	2	SSH Switch
649	2	SSH Firewall
649	2	SSH Unix
649	2	ORACLE QA
650	2	Field Name Description
650	2	Allow
650	2	Reconciliation
650	2	SSH Telnet
650	2	MS SQL EM - Local
650	2	MySQL QA
650	2	SSH LINUX
650	2	MS SQL QA
650	2	MS SQL EM - RDP
650	2	SSH Router
650	2	SSH Switch
650	2	SSH Unix
650	2	ORACLE QA
650	2	Min Password
650	2	Age
650	2	Max Password
650	2	Age
650	2	Use Global
650	2	Password Policy
650	2	Allow Scheduled
650	2	Password
650	2	Change
651	2	Field Name Description
651	2	Service
651	2	Classification
651	2	Service Configuration
653	1	4. Click Modify, parameter updated screen shall be displayed
653	3	4.3.9.5.10.2 Windows Process Elevation
656	3	4.3.9.6 Revoke and Share
656	3	4.3.9.6.1 What is Revoke and Share?
657	3	4.3.9.6.2 Why is Revoke and Share Needed?
657	2	Remove Users from LOB
657	2	Remove User Groups from LOB
657	2	Remove Services from LOB
657	2	Remove Service Groups from LOB
657	2	Share Users between LOB's
657	3	4.3.9.6.3 Remove Users from LOB
657	3	4.3.9.6.3.1 How to remove Users from a Particular LOB?
657	2	Manage → LOB/Profile Master and Manager → Map LOB/Users
658	2	User(s) Removed From LOB
658	3	4.3.9.6.4 Remove User Groups from LOB
658	2	Manage → LOB/Profile Master and Manager → Map LOB/User Groups
659	2	User Group Removed From LOB
659	3	4.3.9.6.5 Remove Services from LOB
659	3	4.3.9.6.5.1 How to remove services from a particular LOB?
659	2	Manage → LOB/Profile Master and Manager → Map LOB/Services
660	2	Services(s) Removed From LOB
661	3	4.3.9.6.6 Remove Service Groups from LOB
661	3	4.3.9.6.6.1 How to Remove Service Groups from a Particular LOB?
661	2	Manage → LOB/Profile Master and Manager → Map LOB/Services
661	2	Service Group Removed From LOB
662	3	4.3.9.6.7 Share Users between LOB's
662	3	4.3.9.6.7.1 How to share users between LOB(s)?
662	2	Manage → LOB/Profile Master and Manager → LOB Shared Users
663	2	New User Added To Shared User List
663	3	4.3.9.7 Groups
663	3	4.3.9.7.1 What are Groups?
664	3	4.3.9.7.2 Why are Groups Important?
664	2	Create User and Server Group
664	2	Manage Group Utility
664	3	4.3.9.7.3 Modify details of User or Server Group
664	3	4.3.9.7.3.1 How to modify the details of a User Group/ Server Group?
664	2	Manage → Users and Services → Manage Groups
665	3	4.3.9.7.4 Create User and Server Group
665	3	4.3.9.7.4.1 What is a Group?
665	3	4.3.9.7.4.2 How to Create Groups?
665	2	Manage → Users and Services → Manage Groups
666	2	Field Name Description
666	2	Modify (radio
667	2	Field Name Description
667	2	User Group
667	2	Server Group
667	2	New Group Created
667	3	4.3.9.7.5 Manage Group Utility
667	3	4.3.9.7.5.1 What is the Manage Group Utility?
668	3	4.3.9.7.5.2 How to Manage Groups?
668	2	Manage → Users and Services → Manage Groups
670	2	Group Transfer Process Completed
670	3	4.3.9.8 Mappings
670	3	4.3.9.8.1 What is Mapping?
670	3	4.3.9.8.2 Why is Mapping Needed?
670	2	Map Users to LOB
671	2	Map Services to LOB
671	2	Map User Group to LOB
671	2	Map Service Group to LOB
671	2	Map Users to User Group
671	2	Map Services to Server Group
671	2	Map Server Group to User Group
671	2	Map Service to Multiple Users
671	2	Automatically Map User to Service and Vice Versa
671	3	4.3.9.8.3 Map Users to LOB
671	3	4.3.9.8.3.1 How to Map Users to a Particular LOB?
671	2	Manage → LOB/Profile Master and Manager → Map LOB/Users
672	2	New User(s) Added To LOB
672	3	4.3.9.8.3.2 User LOB/Profile Management
672	3	4.3.9.8.3.3 How to Map User to LOB?
672	2	Manage → Users and Services → Manage Users
675	3	4.3.9.8.4 Map User Group to LOB
675	3	4.3.9.8.4.1 How to Map User Groups to a Particular LOB?
675	2	Manage → LOB/Profile Master and Manager → Map LOB/User Groups
676	2	New User Group Added To LOB
676	3	4.3.9.8.5 Map Users to User Group
677	3	4.3.9.8.5.1 How to Map Users to User Group?
677	2	Manage → Users and Services → Map Groups/Users
678	3	4.3.9.8.5.2 User Group Management
678	3	4.3.9.8.5.3 How to Map User to User Group?
678	2	Manage → Users and Services → Manage Users
682	3	4.3.9.8.6 Map Services to LOB
682	3	4.3.9.8.6.1 How to Map a service to a particular LOB?
682	2	Manage → LOB/Profile Master and Manager → Map LOB/Services
683	2	New Service(s) Added To LOB
683	3	4.3.9.8.7 Map Service Group to LOB
683	3	4.3.9.8.7.1 How to Map Service Group to a particular LOB?
683	2	Manage → LOB/Profile Master and Manager → Map LOB/Service Groups
684	2	New Service Group Added To LOB
684	3	4.3.9.8.8 Map Services to Server Group
685	3	4.3.9.8.8.1 How to Map Services to Server Group?
685	2	Manage → Users and Services → Map Groups/Services
687	3	4.3.9.8.8.2 Group Management
687	3	4.3.9.8.8.3 How to Map Server to Server Group?
687	2	Manage → Users and Services → Manage Service
691	3	4.3.9.8.9 Map Server Group to User Group
691	3	4.3.9.8.9.1 How to Map Server Group to User Group?
691	2	Manage → Users and Services → Map Group Types
692	3	4.3.9.8.10 Map Services to a User
693	3	4.3.9.8.10.1 How to Map Services to Users?
693	2	Manage → Users and Services → Map Users/ Services
695	3	4.3.9.8.11 Map Service to Multiple Users
695	3	4.3.9.8.11.1 How to Map Services to Multiple Users?
695	2	Manage → User and Services → Group Admin – Map Services
698	3	4.3.9.8.12 Automatically Map User to Service and Vice Versa
699	3	4.3.9.8.12.1 Automatically Assign Users to all Services
699	3	4.3.9.8.12.2 Automatically Assign Services to All Users
701	1	5 PAM Access and Dashboard
702	2	POC (Point of Contact) & Support Information
702	2	Web
702	2	Sales Contact
702	2	Support Contact
702	2	ARCON Support Centre (ASC): https://support.arconnet.com/
702	2	Central Support E-mail Address: arcos.support@arconnet.com
702	2	Global: +91 8080005577 (For ARCON PAM Support Press 1)
702	2	UAE: 800035703628 (Press 1)
