key,pool,release,fix_versions,issuetype,status,status_category,priority,client,client_raw,component,components,category,category_source,category_tags,testing_areas,classification,env_config,reopen_from_customer,hosting_env,severity,created,updated,builds_in_title,family_hf,parent,recurrence_links,group_id,is_defect,is_distinct,labels,title
PAMIT-7815,focus-build,?,35.8.29 HF14,Story,Dev Review and Testing,To Do,High,Geojit Finance,Geojit Finance,ACMO,ACMO,"Access Control, Workflow & Approval",title,"Access Control, Workflow & Approval",Workflow / Approval,,False,,,,2022-05-18,2026-08-20,,35.8.29 HF14,PAMIT-24344,,,False,True,,Geojit Finance Add mobile number in Service Access Workflow request email notification
PAMIT-26092,focus-build,?,35.8.29 HF2|35.8.29 HF14,Bug,Awaiting Response,In Progress,High,ICICI Bank,ICICI Bank Ltd,Report / Dashboard,Report / Dashboard,Reporting & Scheduling,title,Reporting & Scheduling,Authentication / Authorization,cross-release lineage; release-specific (?),False,,,,2025-01-22,2026-08-06,,35.8.29 HF2|35.8.29 HF14,,PAMIT-30812,24,True,True,AML,ICICI Bank U16SP2 Dormant User Report
PAMIT-29843,focus-build,?,35.8.29 HF14,Story,Development Analysis,In Progress,High,Edelweiss,Edelweiss,ACMO,ACMO|Server Manager,"Access Control, Workflow & Approval",title,"Access Control, Workflow & Approval|Log Viewing & Audit Reports",Workflow / Approval,,False,,,Sev-2,2025-05-21,2026-08-06,35.8.28,35.8.29 HF14,PAMIT-24551,,,False,True,AMLSup|BH|CRITICALP1|OE,Edelweiss Need to add extra column Request Workflow ID in Service Logs U16 SP2
PAMIT-31150,focus-build,?,35.8.29 HF14,Story,Development Analysis,In Progress,High,CONSTL,CONSTL,All Modules,All Modules,Session Recording & Audit Evidence,title,Session Recording & Audit Evidence,Session Recording|Upgrade / Migration|Environment Compatibility,,True,,,Sev-2,2025-07-04,2026-08-17,,35.8.29 HF14,PAMIT-24351,,,False,True,AMLIMP|GTH|MI|Missing_files_DB_Data,CONSTL Delta Images Not Deleted from smLogsApi Folder
PAMIT-32756,focus-build,?,35.8.29 HF14,Story,Development Analysis,In Progress,Medium,ICICI Bank,ICICI Bank - Cloud,Connector,Connector,"Platform Services, Agent & Gateway",title,"Platform Services, Agent & Gateway",Environment Compatibility,,True,,,Sev-2,2025-09-02,2026-08-06,,35.8.29 HF14,PAMIT-24355,,,False,True,AMLIMP|Connector|GTH|IP2|MI,ICICI BANK CLOUD : FQDN/Domain base routing for SGW and Web gateway
PAMIT-33337,focus-build,?,35.8.29 HF14,Story,Business Analysis,In Progress,High,ITD-IRI,ITD-IRI,«none»,,Third-Party Tool & Platform Compatibility,title,Third-Party Tool & Platform Compatibility,Security|Environment Compatibility,,True,,,Sev-2,2025-09-11,2026-08-06,,35.8.29 HF14,PAMIT-24355,,,False,True,AMLIMP|GTH|connector,[POC] ITD-MC Client wants to control Clipboard and File transfer functionalities within RDP sessions
PAMIT-33706,focus-build,?,35.8.29 HF14,Task,Development Analysis,In Progress,High,Kerela Bank,Kerela Bank,All Modules,All Modules,Reporting & Scheduling,description,Reporting & Scheduling|Performance & Responsiveness,Upgrade / Migration|Performance|Environment Compatibility,,True,,,,2025-09-22,2026-08-27,35.8.24,35.8.29 HF14,PAMIT-24348,,,False,True,CRITICALP1|database,Kerela Bank U16 SP2 Build V2 PAM Database Compatibility Fixes for SQL Server 2022 Upgrade
PAMIT-33981,focus-build,HF12,35.8.29 HF12,Security Fix,Client Release,In Progress,ShowStopper,Bank Muscat,Bank Muscat,All Modules,All Modules,Security Hardening & Exposure,title,Security Hardening & Exposure,Security,clone-tracked; release-specific (HF12),False,,,,2025-09-28,2026-08-28,35.8.28,35.8.29 HF12,PAMIT-24355,,25,True,True,,BM Vulnerabilities identified in ACMO files
PAMIT-36281,focus-build,?,35.8.29 HF14,Story,Awaiting Response,In Progress,High,Kotak Bank,Kotak Bank New,Auto onboarding,Auto onboarding,API & Integration,title,API & Integration,API / Integration|Workflow / Approval,,False,,,Sev-2,2025-12-09,2026-09-03,,35.8.29 HF14,PAMIT-24353,,,False,True,AMLIMP|NTD,Kotak Bank : Auto Onboarding with Service Now integration
PAMIT-36514,focus-build,?,35.8.29 HF2|35.8.29 HF14,Story,Development Analysis,In Progress,High,Star Health & Allied Insurance Company Limited,Star Health & Allied Insurance Company Limited,Cloud,Cloud,Session Recording & Audit Evidence,title,Session Recording & Audit Evidence,Session Recording|API / Integration|Environment Compatibility,,True,,,Sev-2,2025-12-15,2026-08-06,,35.8.29 HF2|35.8.29 HF14,PAMIT-24354,,,False,True,AMLIMP|GTH|PAM,Star Health Archival Need to configure the Oracle object Storage for archived video logs
PAMIT-37067,focus-build,HF13,35.8.29 HF13,Security Fix,Security Check,In Progress,Medium,ICICI Bank,ICICI Bank Ltd,VA,VA,Security Hardening & Exposure,title,Security Hardening & Exposure,Logging / Monitoring|Security,clone-tracked; release-specific (HF13),False,,,,2026-01-06,2026-09-03,,35.8.29 HF13,PAMIT-24351,,26,True,True,tushar,ICICI Bank U16SP2 Non-HTML contents directly accessible
PAMIT-37780,focus-build,?,35.8.29 HF14,Story,Business Analysis,In Progress,Medium,Bank Muscat,Bank Muscat,Arcon Service / Agent,Arcon Service / Agent,"Access Control, Workflow & Approval",title,"Access Control, Workflow & Approval",Workflow / Approval,,False,,,Sev-1,2026-01-22,2026-09-03,,35.8.29 HF14,PAMIT-24351,,,False,True,AMLIMP|GTH|IP2|MI,BM Service mapped type should be included in Admin Workflow approval email for User to service mapping process from ASM
PAMIT-37830,focus-build,?,35.8.29 HF14,Story,Business Analysis,In Progress,High,Kotak Bank,Kotak Bank New,Server Manager,Server Manager,Password & Credential Lifecycle,title,Password & Credential Lifecycle,,,False,,,Sev-2,2026-01-23,2026-08-26,,35.8.29 HF14,PAMIT-24551,,,False,True,AMLIMP,Kotak Bank Concern related to Password Change Manually Option.
PAMIT-38176,focus-build,?,35.8.29 HF14,Story,Business Analysis,In Progress,High,Indus Towers,Indus Towers,Settings,Settings,Uncategorised,none,,,,False,,,,2026-02-03,2026-08-21,,35.8.29 HF14,PAMIT-24369,,,False,True,AML|CRITICALP1|MI,Indus Towers Dormancy Alert to sent to admin user 8.28
PAMIT-38397,focus-build,?,35.8.29 HF14,Story,Development Analysis,In Progress,High,ITD-MC,ITD-MC,RTSM,RTSM,Session Lifecycle & Connectivity,title,Session Lifecycle & Connectivity,Session Recording|Configuration|Logging / Monitoring|UI / Browser Compatibility,,True,,,Sev-0,2026-02-10,2026-09-01,,35.8.29 HF14,PAMIT-24376,PAMIT-38458,,False,True,AMLIMP|rtsm|tushar,ITD-MC RTSM not working when using New Tab functionality for Web Application via WGW
PAMIT-38408,focus-build,?,35.8.29 HF14,Story,Product Hold,To Do,High,Kotak Bank,Kotak Bank New,PAM API,PAM API,API & Integration,title,API & Integration|Enhancement / Change Request,API / Integration,,False,,,Sev-1,2026-02-10,2026-08-06,,35.8.29 HF14,PAMIT-24350,,,False,True,AMLIMP|GTH,KOTAK BANK NEW Enhancement Request: API to Fetch Incremental Data from ARCON for ServiceNow Integration
PAMIT-38409,focus-build,?,35.8.29 HF14,Story,Business Analysis,In Progress,High,Kotak Bank,Kotak Bank New,Connector,Connector|RTSM,Third-Party Tool & Platform Compatibility,title,Third-Party Tool & Platform Compatibility|Enhancement / Change Request,Session Recording|Configuration|Logging / Monitoring|UI / Browser Compatibility,,True,,,,2026-02-11,2026-08-14,,35.8.29 HF14,PAMIT-24355,PAMIT-38458,,False,True,AML|Connector|rtsm,KOTAK BANK NEW RTSM is required in New Tab Within App Web Browser
PAMIT-38691,focus-build,HF13,35.8.29 HF13,Story,Closed,Done,ShowStopper,Kotak Bank,Kotak Bank New,PAM API,PAM API,API & Integration,title,API & Integration,API / Integration,,False,,,Sev-1,2026-02-19,2026-08-19,,35.8.29 HF13,PAMIT-24350,,,False,True,AMLIMP|API|GTH,KOTAK BANK NEW GET API to Retrieve Group Type Mappings for UserGroup and ServerGroup (ServiceNow Integration)
PAMIT-38783,focus-build,HF12,35.8.29 HF12,Story,Client Release,In Progress,High,Kotak Bank,Kotak Bank New,PAM API,PAM API,API & Integration,title,API & Integration|Enhancement / Change Request,API / Integration,,False,,,Sev-1,2026-02-24,2026-08-28,,35.8.29 HF12,PAMIT-24350,,,False,True,AMLIMP|GTH,KOTAK BANK NEW Enhancement Request – Support “ALL” Service Type in Get Active Service API
PAMIT-38793,focus-build,HF12,35.8.29 HF12,Bug,Closed,Done,High,OCL-Paytm,OCL-Paytm,Auto onboarding,Auto onboarding,Service & Asset Management (CRUD/Bulk),title,Service & Asset Management (CRUD/Bulk)|Session Lifecycle & Connectivity,Boundary Testing|Environment Compatibility|Data Integrity / Consistency,clone-tracked; release-specific (HF12),False,,,,2026-02-24,2026-08-04,35.8.24 HF1,35.8.29 HF12,PAMIT-38756,,27,True,True,CRITICALP1|PAM,OCL-PAYTM Autoscaling group server count not matching U16 SP2
PAMIT-38889,focus-build,HF12,35.8.29 HF12,Story,Client Release,In Progress,High,ITD-MC,ITD-MC-2,Connector,Connector,Enhancement / Change Request,title,Enhancement / Change Request,Authentication / Authorization|Configuration|Logging / Monitoring,,True,,,Sev-0,2026-02-26,2026-09-02,,35.8.29 HF12,PAMIT-24355,PAMIT-43583,,False,True,AMLIMP|NTD,"ITD-MC-02 Enhancement Client wants to bypass the prompt for logging in using ""PROMPT_USER"""
PAMIT-39276,focus-build,?,35.8.29 HF14,Bug,Development Analysis,In Progress,ShowStopper,Paytm Payment Services Ltd - PPSL,Paytm Payment Services Ltd - PPSL,ACMO,ACMO|PAM API|Password|PYCLI,Session Lifecycle & Connectivity,title,"Session Lifecycle & Connectivity|Platform Services, Agent & Gateway",Configuration|Logging / Monitoring,cross-release lineage; cross-module; release-specific (?); config/environment-sensitive,True,,,,2026-03-12,2026-08-06,,35.8.29 HF3|35.8.29 HF14,PAMIT-24378,PAMIT-38210,28,True,True,,Paytm Payments PYCLI ssh not working
PAMIT-39694,focus-build,HF12,35.8.29 HF12,Security Fix,Development Analysis,In Progress,High,ICICI Bank,ICICI Bank OnPrem – Upgrade,Settings,Settings,Input Validation & Error Handling,title,Input Validation & Error Handling,Third-Party Compatibility|Configuration|Negative Testing,clone-tracked; release-specific (HF12); config/environment-sensitive,True,,,,2026-03-24,2026-09-02,,35.8.29 HF12,PAMIT-24369,,29,True,True,,ICICI Bank U16SP2 Server Side input validations are not in place NG Settings
PAMIT-39696,focus-build,?,35.8.29 HF7|35.8.29 HF11 P2,Security Fix,Security Check,In Progress,High,ICICI Bank,ICICI Bank OnPrem – Upgrade,Access Control,Access Control|Password Vault,Input Validation & Error Handling,title,Input Validation & Error Handling|Vulnerability Assessment (VA / VAPT),Authentication / Authorization|Security|Negative Testing|Environment Compatibility,repeated in scope; cross-module; cross-release,False,No,Windows,,2026-03-24,2026-08-24,,35.8.29 HF7|35.8.29 HF11 P2,PAMIT-24365,PAMIT-43191,2,True,True,,ICICI Bank U16SP2 VA Application accepts special characters as user inputs
PAMIT-39750,focus-build,?,35.8.29 HF11|35.8.29 HF11 P2,Story,Document Review,In Progress,High,ICICI Bank,ICICI Bank OnPrem – Upgrade,ACMO,ACMO|Settings,API & Integration,title,API & Integration|Vulnerability Assessment (VA / VAPT),Authentication / Authorization|API / Integration,,False,,,Sev-2,2026-03-25,2026-09-03,,35.8.29 HF11 P2|35.8.29 HF11,PAMIT-24344,PAMIT-43187,,False,True,AML,ICICI Bank U16SP2 VA Password policy is not followed as per the ICICI policy API User
PAMIT-39840,focus-build,HF12,35.8.29 HF12,Story,Client Release,In Progress,High,MashreqBank,MashreqBank,Password,Password,Password & Credential Lifecycle,title,Password & Credential Lifecycle,Configuration,,True,,,Sev-2,2026-03-30,2026-08-28,,35.8.29 HF12,PAMIT-26697,MP-533|MP-661,,False,True,AMLIMP|Password|rpa,Mashreq SoundCloud Password Change
PAMIT-39906,focus-build,?,35.8.29 HF14,Story,Solution Analysis,In Progress,High,Affin Bank,Affin Bank,Connector,Connector,Connector Development & New Integration,title,Connector Development & New Integration,Authentication / Authorization,,False,,,Sev-1,2026-04-01,2026-08-25,,35.8.29 HF14,,,,False,True,CRITICALP1|Connector,Affin Bank - U16 SP2 B35.8.28 Feasibility check for new connector onboarding AHIB Global One App
PAMIT-39917,focus-build,?,35.8.29 HF14,Bug,Development Analysis,In Progress,High,ICICI Bank,ICICI Bank Ltd,User Discovery,User Discovery,Service & Asset Management (CRUD/Bulk),title,Service & Asset Management (CRUD/Bulk),Authentication / Authorization|Environment Compatibility,one-time; release-specific (?); config/environment-sensitive,True,,,,2026-04-02,2026-08-07,,35.8.29 HF14,,,30,True,True,,ICICI Bank U16SP2 Error during User Discovery
PAMIT-39984,focus-build,?,35.8.29 HF14,Bug,Dev Review and Testing,To Do,ShowStopper,ICICI Bank,ICICI Bank OnPrem – Upgrade,ACMO,ACMO|Connector,Authentication & Identity Integration,title,Authentication & Identity Integration,Authentication / Authorization|Configuration|Logging / Monitoring|Environment Compatibility,clone-tracked; cross-module; release-specific (?); config/environment-sensitive,True,,,,2026-04-06,2026-08-07,,35.8.29 HF14,PAMIT-24355,,31,True,True,ACMO|Connector,"ICICI Bank U16SP2 SSH SSO via RA fails when SSH output log is enabled in PAM settings, while access via main PAM works"
PAMIT-40007,focus-build,?,35.8.29 HF14,Story,Development Analysis,In Progress,High,Bangladesh Election Commission,Bangladesh Election Commission,Connector,Connector,Connector Development & New Integration,title,Connector Development & New Integration,,,False,,,Sev-1,2026-04-07,2026-09-03,,35.8.29 HF14,PAMIT-24355,PAMIT-42357,,False,True,Connector,BEC New connector request Oracle CLI
PAMIT-40271,focus-build,?,35.8.29 HF8|35.8.29 HF11 P2,Performance,Closed,Done,ShowStopper,ICICI Bank,ICICI Bank OnPrem – Upgrade,ACMO,ACMO,Performance & Responsiveness,title,Performance & Responsiveness,Configuration|Upgrade / Migration|Performance,cross-release lineage; release-specific (?); config/environment-sensitive,True,,,,2026-04-17,2026-08-25,,35.8.29 HF8|35.8.29 HF11 P2,PAMIT-24344,,32,True,True,ACMO,ICICI Bank Facing slowness issue on RA instances
PAMIT-40468,focus-build,?,35.8.29 HF14,Story,Business Analysis,In Progress,High,Kotak Bank,Kotak Bank New,Password Vault,Password Vault,Password & Credential Lifecycle,description,Password & Credential Lifecycle,UI / Browser Compatibility,,False,,,,2026-04-24,2026-08-06,,35.8.29 HF14,PAMIT-24365,,,False,True,AML,Kotak Bank New Kotak Team highlighted Password Management Challenges
PAMIT-40470,focus-build,?,35.8.29 HF14,Story,Development Analysis,In Progress,High,Kotak Bank,Kotak Bank New,Password Vault,Password Vault,Password & Credential Lifecycle,title,Password & Credential Lifecycle|Input Validation & Error Handling,UI / Browser Compatibility|Workflow / Approval,,False,,,Sev-2,2026-04-24,2026-08-06,,35.8.29 HF14,PAMIT-24365,,,False,True,AMLIMP,KOTAK BANK NEW Request for Alternative Requestor Validation Mechanism in Password Vault
PAMIT-40505,focus-build,?,35.8.29 HF11 P2,Bug,Client Release,In Progress,High,ICICI Bank,ICICI Bank Ltd,Server Manager,Server Manager,Service & Asset Management (CRUD/Bulk),title,Service & Asset Management (CRUD/Bulk)|Input Validation & Error Handling,Boundary Testing,repeated in scope; cross-release; config/environment-sensitive,True,No,Windows,,2026-04-27,2026-09-03,35.8.29 HF6,35.8.29 HF11 P2,PAMIT-24355,PAMIT-43186,3,True,True,,ICICI Bank Bulk import failed with large values in parameter field
PAMIT-40536,focus-build,?,35.8.29 HF14,Story,Development Analysis,In Progress,Medium,Kotak Bank,Kotak Bank New,PAM API,PAM API,API & Integration,title,API & Integration|Enhancement / Change Request,Third-Party Compatibility|API / Integration|Environment Compatibility|Data Integrity / Consistency,,False,,,Sev-2,2026-04-28,2026-08-06,,35.8.29 HF14,PAMIT-24350,,,False,True,AMLIMP,KOTAK BANK NEW API Enhancement-Support Multi-Service Offboarding per IP in /api/ServiceDetails/SetServiceOffboarding
PAMIT-40583,focus-build,?,35.8.29 HF14,Bug,Open,To Do,ShowStopper,Ujjivan Financial Services,Ujjivan Financial Services,Connector,Connector,Session Lifecycle & Connectivity,title,Session Lifecycle & Connectivity,Third-Party Compatibility,clone-tracked; release-specific (?); config/environment-sensitive,True,,,,2026-04-30,2026-08-06,35.8.29 HF11,35.8.29 HF14,PAMIT-24355,PAMIT-38651,33,True,True,,Ujjivan Unable to access app sql dveloper oracle service with JAB parameter 8.24
PAMIT-40628,focus-build,?,35.8.29 HF14,Story,Development Analysis,In Progress,High,Ujjivan Financial Services,Ujjivan Financial Services,Connector,Connector,Reporting & Scheduling,description,Reporting & Scheduling|Input Validation & Error Handling,Negative Testing,,False,,,,2026-05-05,2026-08-27,35.8.24 HF11,35.8.29 HF14,PAMIT-24355,,,False,True,CRITICALP1,UJJIVAN U16 SP2 PSCP Issues
PAMIT-40770,focus-build,?,35.8.29 HF14,Bug,Awaiting Response,In Progress,High,Reserve Bank of India,Reserve Bank of India,ACMO,ACMO,Authentication & Identity Integration,description,Authentication & Identity Integration|Service & Asset Management (CRUD/Bulk),Authentication / Authorization,one-time; release-specific (?); config/environment-sensitive,True,,,,2026-05-11,2026-08-06,35.8.18 HF9,35.8.29 HF14,,,34,True,True,CRITICALP1,RBI U16 SP2 Issue with Dual Factor Authentication for Target Device Access
PAMIT-40873,focus-build,?,35.8.29 HF14,Story,Solution Analysis,In Progress,High,HDB Financial Services Limited,HDB Financial Services Limited,ACMO,ACMO,"Access Control, Workflow & Approval",title,"Access Control, Workflow & Approval",Configuration|Workflow / Approval,,True,,,Sev-3,2026-05-15,2026-08-27,,35.8.29 HF14,PAMIT-24344,,,False,True,AMLSup,HDB Finance U16SP2B35.8.28 Changes in UI for Service Approval
PAMIT-40903,focus-build,HF12,35.8.29 HF12,Bug,Closed,Done,ShowStopper,Bank Muscat,Bank Muscat,Connector,Connector,Third-Party Tool & Platform Compatibility,title,Third-Party Tool & Platform Compatibility|Session Lifecycle & Connectivity,Third-Party Compatibility,repeated in scope; cross-release; client-reopened,False,,,,2026-05-18,2026-08-17,,35.8.29 HF12,PAMIT-24355,,4,True,True,,BM - Dbeaver connection issue
PAMIT-40985,focus-build,HF12,35.8.29 HF12,Story,Closed,Done,High,IDFC,IDFC,ACMO,ACMO|Settings,"Access Control, Workflow & Approval",title,"Access Control, Workflow & Approval",Workflow / Approval,,False,,,Sev-3,2026-05-22,2026-08-30,,35.8.29 HF12,PAMIT-24369,PAMIT-26157,,False,True,AMLSup|MI,IDFC 2nd level approval for Workflow
PAMIT-40987,focus-build,?,35.8.29 HF14,Story,Development Analysis,In Progress,High,ICICI Bank,ICICI Bank Ltd,PAM API,PAM API,Password & Credential Lifecycle,title,Password & Credential Lifecycle|API & Integration|Enhancement / Change Request,API / Integration|Configuration|Workflow / Approval|Boundary Testing|Data Integrity / Consistency,,True,,,Sev-2,2026-05-22,2026-09-02,,35.8.29 HF14,PAMIT-24350,PAMIT-43520,,False,True,CRITICALP1,ICICI Bank API Enhancement for Service Modification and Password Rotation
PAMIT-41012,focus-build,?,35.8.29 HF14,Story,Business Analysis,In Progress,High,Canara Bank,Canara Bank,Connector,Connector,Third-Party Tool & Platform Compatibility,title,Third-Party Tool & Platform Compatibility|Enhancement / Change Request,Third-Party Compatibility|UI / Browser Compatibility|Boundary Testing|Data Integrity / Consistency,,False,,,,2026-05-23,2026-08-27,,35.8.29 HF14,PAMIT-24355,,,False,True,,CANARA BANK- WinSCP File List Enhancement & Double-Click Behavior Issue in SFTP
PAMIT-41027,focus-build,HF13,35.8.29 HF13,Story,Development Analysis,In Progress,High,ICICI Bank,ICICI Bank Ltd,Integration,Integration,Authentication & Identity Integration,title,Authentication & Identity Integration|Reporting & Scheduling,Authentication / Authorization|API / Integration|Logging / Monitoring,,False,,,Sev-2,2026-05-25,2026-09-03,,35.8.29 HF13,PAMIT-24366,,,False,True,AML|CRITICALP1,ICICI Bank Add JIT Audit Trail Report for ServiceNow Service Mapping Requests in PAM
PAMIT-41046,focus-build,HF12,35.8.29 HF12,Story,Client Release,In Progress,ShowStopper,IFTAS,IFTAS,Password Vault,Password Vault,Third-Party Tool & Platform Compatibility,title,Third-Party Tool & Platform Compatibility|Password & Credential Lifecycle,Third-Party Compatibility|Authentication / Authorization|Environment Compatibility,,True,,,Sev-1,2026-05-26,2026-09-01,,35.8.29 HF2|35.8.29 HF12,,PAMIT-41047|PAMIT-31236|PAMIT-40995,,False,True,CRITICALP1,"IFTAS 29_HF2 Password Rotation for Master - Slave Setup for SSH OracleSQLPlus, SSH PostgreSQL, SSH MySQL Clone - 1"
PAMIT-41055,focus-build,?,35.8.29 HF14,Bug,Development Analysis,In Progress,High,ITD-MC,ITD-MC,ACMO,ACMO,Security Hardening & Exposure,title,Security Hardening & Exposure|Session Recording & Audit Evidence,Session Recording|Logging / Monitoring|Security,clone-tracked; release-specific (?),False,,,,2026-05-26,2026-08-31,,35.8.29 HF14,PAMIT-24355,,35,True,True,Connector,ITD-MC Not Able to Play video when Encryption is ON
PAMIT-41129,focus-build,HF12,35.8.29 HF12,Bug,Closed,Done,ShowStopper,MashreqBank,MashreqBank,ACMO,ACMO,Authentication & Identity Integration,title,Authentication & Identity Integration,Authentication / Authorization,clone-tracked; release-specific (HF12),False,,,,2026-05-29,2026-08-30,,35.8.29 HF12,PAMIT-24344,PAMIT-40094,36,True,True,CRITICALP1,Mashreq Bank Login with SAML for Azure AD
PAMIT-41161,focus-build,HF12,35.8.29 HF12,Task,Client Release,In Progress,High,Renew,Renew,Server Manager,Server Manager,Reporting & Scheduling,title,Reporting & Scheduling|Log Viewing & Audit Reports,Third-Party Compatibility|Session Recording,,False,,,,2026-06-01,2026-08-28,35.8.29 HF2,35.8.29 HF12,,,,False,True,CRITICALP1|Server-Manager,Renew Unable to export/download the service logs in PDF format in Server Manager 29
PAMIT-41219,focus-build,HF13,35.8.29 HF13,Task,Security Check,In Progress,ShowStopper,Punjab National Bank (OBC),Punjab National Bank (OBC),Connector,Connector,Third-Party Tool & Platform Compatibility,title,Third-Party Tool & Platform Compatibility,Third-Party Compatibility|Configuration|Logging / Monitoring,,True,,,Sev-1,2026-06-03,2026-09-03,35.8.29 HF6,35.8.29 HF13,PAMIT-24355,,,False,True,CRITICALP1,PNB IBM DB2 Client via App Dbeaver U16 SP2
PAMIT-41239,focus-build,HF13,35.8.29 HF13,Security Fix,Development Analysis,In Progress,High,GFL,GFL,ACMO,ACMO,Security Hardening & Exposure,title,Security Hardening & Exposure|Authentication & Identity Integration,Authentication / Authorization|Security,clone-tracked; release-specific (HF13),False,,,,2026-06-04,2026-09-03,,35.8.29 HF13,PAMIT-24344,,37,True,True,,GFL Password Exposure During JIT Provisioning
PAMIT-41254,focus-build,?,35.8.29 HF14,Task,Patch Shared,To Do,High,Banque Libano-Française(Lebanon),Banque Libano-Française(Lebanon),Connector,Connector,Service & Asset Management (CRUD/Bulk),description,"Service & Asset Management (CRUD/Bulk)|Platform Services, Agent & Gateway",Authentication / Authorization|Configuration,,True,No,Windows,,2026-06-04,2026-09-03,35.8.29 HF5,35.8.29 HF14,PAMIT-24355,PAMIT-43596,,False,True,CRITICALP1|Connector,BLF APP Xshell Login Issue During Automation via PAM U16 SP2
PAMIT-41259,focus-build,?,35.8.29 HF14,Story,Awaiting Response,In Progress,High,Bank Of India,Bank Of India,Connector,Connector,Uncategorised,none,,,,False,,,Sev-0,2026-06-04,2026-08-27,,35.8.29 HF14,PAMIT-24355,,,False,True,CRITICALP1,BOI IBM MQ U16SP235.8.24HF11
PAMIT-41260,focus-build,?,35.8.29 HF14,Story,Awaiting Response,In Progress,High,NICL,NICL,Connector,Connector,Session Recording & Audit Evidence,description,"Session Recording & Audit Evidence|Access Control, Workflow & Approval|Service & Asset Management (CRUD/Bulk)|Reporting & Scheduling",Session Recording|Logging / Monitoring,,True,,,Sev-0,2026-06-04,2026-08-27,35.8.29 HF1,35.8.29 HF14,PAMIT-24355,,,False,True,CRITICALP1,NICL U16_SP2_B35.8.29 Onboarding of Dell NetWorker Management Console as a connector
PAMIT-41273,focus-build,HF13,35.8.29 HF13,Bug,Development Analysis,In Progress,High,BOBCARD,BOBCARD,AGW,AGW,Session Recording & Audit Evidence,title,Session Recording & Audit Evidence|Input Validation & Error Handling,Session Recording|Logging / Monitoring,clone-tracked; release-specific (HF13); config/environment-sensitive,True,,,,2026-06-05,2026-09-02,,35.8.29 HF13,PAMIT-24347,,38,True,True,Engg_AGW|Manikandan,BOBCARD Error while downloading Videos from session monitoring
PAMIT-41274,focus-build,HF12,35.8.29 HF12,Bug,Client Release,In Progress,High,Piramal Finance,Piramal Finance,Connector,Connector,Third-Party Tool & Platform Compatibility,title,Third-Party Tool & Platform Compatibility|Session Lifecycle & Connectivity,Third-Party Compatibility|Session Recording|Environment Compatibility,clone-tracked; release-specific (HF12),False,,,,2026-06-05,2026-08-31,35.8.29 HF1,35.8.29 HF12,PAMIT-24359,,39,True,True,CRITICALP1,Piramal Finance U16 SP2 SSH MYSQL service not accessible in MAC
PAMIT-41291,focus-build,?,35.8.29 HF14,Story,Solution Analysis,In Progress,High,Janalakshmi Financial Services,Janalakshmi Financial Services,Connector,Connector,Connector Development & New Integration,title,Connector Development & New Integration,API / Integration,,False,,,Sev-0,2026-06-06,2026-08-25,,35.8.29 HF14,PAMIT-24355,PAMIT-42186,,False,True,CRITICALP1|Connector,Weblogic Remote Console connector request Jana Bank
PAMIT-41302,focus-build,HF12,35.8.29 HF12,Bug,Closed,Done,High,MashreqBank,MashreqBank,User Discovery,User Discovery,Service & Asset Management (CRUD/Bulk),title,Service & Asset Management (CRUD/Bulk),Data Integrity / Consistency,cross-release lineage; release-specific (HF12),False,,,,2026-06-08,2026-08-28,,35.8.29 HF11|35.8.29 HF12,PAMIT-24375,PAMIT-41197|PAMIT-41676,40,True,True,CRITICALP1,Mashreq Bank Issue with User Discovery Functionality – Duplicate Service Entries Forward merge
PAMIT-41316,focus-build,?,35.8.29 HF14,Task,Open,To Do,High,Invesco India,Invesco India,Connector,Connector,Uncategorised,none,,Environment Compatibility,,True,,,,2026-06-08,2026-08-06,,35.8.29 HF14,PAMIT-24355,PAMIT-41126,,False,True,Connector,Invesco Not Able to input any command into SSH
PAMIT-41359,focus-build,HF12,35.8.29 HF12,Task,Duplicate,Done,ShowStopper,ICICI Bank,ICICI Bank Ltd,Report / Dashboard,Report / Dashboard,Third-Party Tool & Platform Compatibility,title,Third-Party Tool & Platform Compatibility|Reporting & Scheduling,Third-Party Compatibility|Authentication / Authorization|API / Integration,,True,,,,2026-06-09,2026-08-17,,35.8.29 HF10|35.8.29 HF12,,PAMIT-40761,,False,False,,"ICICI Bank Report feature is disabled due to ongoing issues, but customer still need access to specific reports for sharing MYSQL"
PAMIT-41372,focus-build,HF12,35.8.29 HF12,Task,Client Release,In Progress,High,ITD-MC,ITD-MC,Connector,Connector,Authentication & Identity Integration,description,"Authentication & Identity Integration|Platform Services, Agent & Gateway",Authentication / Authorization|Configuration|Data Integrity / Consistency,,True,,,,2026-06-10,2026-08-28,,35.8.29 HF12,PAMIT-24355,,,False,True,,ITD-MC For the SecureCRT SSH2 protocol is required
PAMIT-41384,focus-build,HF12,35.8.29 HF12,Bug,Client Release,In Progress,High,Catholic Syrian Bank,Catholic Syrian Bank,Connector,Connector,"Access Control, Workflow & Approval",title,"Access Control, Workflow & Approval|Session Lifecycle & Connectivity",Workflow / Approval,repeated in scope; cross-release; config/environment-sensitive,True,No,Windows,,2026-06-11,2026-08-28,,35.8.29 HF12,PAMIT-24355,PAMIT-36106|PAMIT-42677,5,True,True,,Session Extension Workflow
PAMIT-41389,focus-build,?,35.8.29 HF14,Bug,Development Analysis,In Progress,High,Kotak Bank,Kotak Bank,Server Manager,Server Manager,Service & Asset Management (CRUD/Bulk),title,Service & Asset Management (CRUD/Bulk),Configuration|Boundary Testing,clone-tracked; release-specific (?); config/environment-sensitive,True,,,,2026-06-11,2026-08-06,35.8.29 HF1,35.8.29 HF14,PAMIT-24551,PAMIT-33579,41,True,True,,Kotak Bank - U16 SP2 Issue with Auto-Mapping Feature During Bulk Import
PAMIT-41451,focus-build,HF12,35.8.29 HF12,Story,Client Release,In Progress,High,ICICI Bank,ICICI Bank Ltd,UAG,UAG,"Platform Services, Agent & Gateway",title,"Platform Services, Agent & Gateway",Authentication / Authorization,,False,,,Sev-3,2026-06-15,2026-08-28,,35.8.29 HF12,PAMIT-24373,,,False,True,UAG,ICICI Bank U16SP2 UAG Reviewer Selection Not Restricted to User Group
PAMIT-41467,focus-build,HF12,35.8.29 HF12,Story,Client Release,In Progress,High,ICICI Bank,ICICI Bank Ltd,UAG,UAG,"Platform Services, Agent & Gateway",title,"Platform Services, Agent & Gateway",UI / Browser Compatibility,,True,,,Sev-0,2026-06-15,2026-08-28,,35.8.29 HF12,PAMIT-24373,,,False,True,,ICICI BANK U16SP2 Feasibility on UAG – Campaign Active Phase (Edit Option)
PAMIT-41557,focus-build,?,35.8.29 HF14,Story,Business Analysis,In Progress,High,Kotak Bank,Kotak Bank New,PAM API,PAM API,Session Recording & Audit Evidence,title,Session Recording & Audit Evidence|API & Integration,API / Integration|Logging / Monitoring|Workflow / Approval|Boundary Testing|Environment Compatibility,,False,,,,2026-06-18,2026-08-06,,35.8.29 HF14,PAMIT-24350,PAMIT-41304,,False,True,AML|MI,Kotak Bank New Missing Audit Logs for Locked API Users and No Frontend Unlock Capability
PAMIT-41606,focus-build,?,35.8.29 HF14,Task,Development Analysis,In Progress,High,Kotak Bank,Kotak Bank New,Connector,Connector,Session Recording & Audit Evidence,title,Session Recording & Audit Evidence,Session Recording|Configuration,,True,,,,2026-06-20,2026-08-21,,35.8.29 HF14,PAMIT-24355,,,False,True,Connector,Kotak Bank New Video Logs Storage Issue
PAMIT-41746,focus-build,?,35.8.29 HF14,Story,Business Analysis,In Progress,Medium,ICICI Bank,ICICI Bank Ltd,UAG,UAG,Enhancement / Change Request,title,Enhancement / Change Request,Logging / Monitoring|Workflow / Approval,,False,,,,2026-06-25,2026-08-28,,35.8.29 HF14,PAMIT-24373,,,False,True,UAG,ICICI Bank Enhancement of Pending Review Reporting Capability
PAMIT-41749,focus-build,?,35.8.29 HF14,Bug,Development Analysis,In Progress,High,Kotak Bank,Kotak Bank New,Server Manager,Server Manager,Session Recording & Audit Evidence,title,Session Recording & Audit Evidence,Logging / Monitoring|Data Integrity / Consistency,clone-tracked; release-specific (?),False,,,,2026-06-25,2026-08-25,,35.8.29 HF14,PAMIT-24551,,42,True,True,AML|CRITICALP1|MI,Kotak Bank New Inconsistent Audit Log Entries for Automated User Account Status Changes (Auto-Unlock)
PAMIT-41880,focus-build,HF12,35.8.29 HF12,Bug,Closed,Done,Medium,"Royal Hashemite Court, Jordan","Royal Hashemite Court, Jordan",All Modules,All Modules,Authentication & Identity Integration,title,Authentication & Identity Integration,Environment Compatibility,clone-tracked; release-specific (HF12); config/environment-sensitive,True,,,,2026-06-29,2026-09-02,35.8.29 HF5,35.8.29 HF12,PAMIT-24551,,43,True,True,AMLSup|CRITICALP1,RHC U16SP2 Need to remove AD bridging Module from ACMO
PAMIT-41944,focus-build,HF12,35.8.29 HF12,Bug,Closed,Done,ShowStopper,Kotak Bank,Kotak Bank New,Connector,Connector,Session Recording & Audit Evidence,title,Session Recording & Audit Evidence|Session Lifecycle & Connectivity,Session Recording,clone-tracked; release-specific (HF12); config/environment-sensitive,True,,Windows,,2026-07-02,2026-08-29,,35.8.29 HF12,PAMIT-24355,PAMIT-40986,44,True,True,,KOTAK BANK NEW Session Disconnection Due to Shared ArconConnector.VideoRecord.exe Across Environments
PAMIT-41945,focus-build,?,35.8.29 HF14,Story,Solution Analysis,In Progress,High,Kotak Bank,Kotak Bank New,mac,mac,Third-Party Tool & Platform Compatibility,title,Third-Party Tool & Platform Compatibility,UI / Browser Compatibility|Environment Compatibility,,False,,Windows,Sev-0,2026-07-02,2026-08-06,,35.8.29 HF14,PAMIT-24359,,,False,True,CRITICALP1,"Kotak Bank New Support Normal Sessions (SSH, RDP, etc.) on Mac using Chrome & Edge Browsers"
PAMIT-41949,focus-build,HF12,35.8.29 HF12,Bug,Closed,Done,High,IIBX,IIBX,Connector,Connector,Session Lifecycle & Connectivity,title,Session Lifecycle & Connectivity,Logging / Monitoring,clone-tracked; release-specific (HF12); config/environment-sensitive,True,,Windows,,2026-07-02,2026-08-29,,35.8.29 HF12,PAMIT-24355,PAMIT-41042,45,True,True,Connector,IIBX getting all connectors logged out after sometimes
PAMIT-41953,focus-build,HF12,35.8.29 HF12,Bug,Closed,Done,High,MashreqBank,MashreqBank,Connector,Connector,Session Recording & Audit Evidence,title,Session Recording & Audit Evidence|Authentication & Identity Integration,Session Recording|Authentication / Authorization|Logging / Monitoring,clone-tracked; release-specific (HF12),False,,Windows,,2026-07-02,2026-08-29,,35.8.29 HF12,PAMIT-24355,PAMIT-41829,46,True,True,,Avrioc Delta Video logs capture unintended applications during SSO
PAMIT-41954,focus-build,HF12,35.8.29 HF12,Bug,Closed,Done,High,Xtelify (Airtel),Xtelify (Airtel),Connector,Connector,Session Recording & Audit Evidence,title,Session Recording & Audit Evidence,Session Recording|Authentication / Authorization,clone-tracked; release-specific (HF12); config/environment-sensitive,True,,Windows,,2026-07-02,2026-08-29,,35.8.29 HF12,PAMIT-24355,PAMIT-41712,47,True,True,,Xtelify Delta Images not Generating
PAMIT-41955,focus-build,HF12,35.8.29 HF12,Story,Client Release,In Progress,High,FYERS Securities,FYERS Securities,Password,Password|Password Vault,Service & Asset Management (CRUD/Bulk),description,Service & Asset Management (CRUD/Bulk)|Reporting & Scheduling,Authentication / Authorization|Environment Compatibility,,False,,Windows,Sev-2,2026-07-02,2026-08-28,,35.8.29 HF12,,PAMIT-42424,,False,True,passwordvault,Fyers Securites SSH key is not updating on dependency
PAMIT-41958,focus-build,HF12,35.8.29 HF12,Bug,Closed,Done,High,Torrent Power,Torrent Power,Connector,Connector,Third-Party Tool & Platform Compatibility,title,"Third-Party Tool & Platform Compatibility|Platform Services, Agent & Gateway",Session Recording|Configuration|UI / Browser Compatibility|Environment Compatibility,clone-tracked; release-specific (HF12); config/environment-sensitive,True,,Windows,,2026-07-02,2026-08-29,,35.8.29 HF12,PAMIT-24355,PAMIT-30102,48,True,True,WEBGATEWAY|WebProxy,Torrent Power Web Gateway App Web Browser Issue
PAMIT-41990,focus-build,HF12,35.8.29 HF12,Bug,Closed,Done,ShowStopper,GAIL,GAIL,Connector,Connector,Third-Party Tool & Platform Compatibility,title,Third-Party Tool & Platform Compatibility|Service & Asset Management (CRUD/Bulk)|Reporting & Scheduling,Third-Party Compatibility|UI / Browser Compatibility|Environment Compatibility,clone-tracked; release-specific (HF12); config/environment-sensitive,True,,Windows,,2026-07-03,2026-09-03,,35.8.29 HF12,PAMIT-24355,PAMIT-32814,49,True,True,,GAIL Auto-Download Chrome Driver
PAMIT-42054,focus-build,HF12,35.8.29 HF12,Bug,Closed,Done,High,Canara Bank,Canara Bank,ACMO,ACMO,"Access Control, Workflow & Approval",title,"Access Control, Workflow & Approval",Authentication / Authorization|Workflow / Approval,clone-tracked; release-specific (HF12),False,No,Windows,,2026-07-06,2026-08-28,,35.8.29 HF12,,PAMIT-40827,50,True,True,,Canara Bank - Delegation users id add & Service approve Issue
PAMIT-42059,focus-build,HF12,35.8.29 HF12,Bug,Closed,Done,High,Bank Of India,Bank Of India,Arcon Service / Agent,Arcon Service / Agent,"Platform Services, Agent & Gateway",title,"Platform Services, Agent & Gateway",,clone-tracked; release-specific (HF12),False,,Windows,,2026-07-06,2026-08-29,35.8.29 HF12,35.8.29 HF12,PAMIT-24364,PAMIT-41493,51,True,True,,BOI IPCSERVICE ISSUE U16SP235.8.24HF11
PAMIT-42107,focus-build,HF12,35.8.29 HF12,Bug,Closed,Done,Medium,SBI Cards,SBI Cards,Connector,Connector,Third-Party Tool & Platform Compatibility,title,Third-Party Tool & Platform Compatibility|Service & Asset Management (CRUD/Bulk)|Input Validation & Error Handling,Third-Party Compatibility|Configuration,clone-tracked; release-specific (HF12); config/environment-sensitive,True,No,Windows,,2026-07-08,2026-08-29,,35.8.29 HF12,PAMIT-24355,PAMIT-42036,52,True,True,,SBI Cards Unable to update WinScp path in preference
PAMIT-42115,focus-build,HF12,35.8.29 HF12,Bug,Closed,Done,High,ICICI Bank,ICICI Bank Ltd,Arcon Service / Agent,Arcon Service / Agent,Password & Credential Lifecycle,title,"Password & Credential Lifecycle|Platform Services, Agent & Gateway",Configuration,repeated in scope; cross-release; config/environment-sensitive,True,No,Windows,,2026-07-08,2026-08-29,35.8.29 HF12,35.8.29 HF6|35.8.29 HF12,PAMIT-24364,PAMIT-41449,6,True,True,,ICICI Bank IPC Service Not Triggering Password Closure for Certain Services After Password Open Activity
PAMIT-42117,focus-build,HF12,35.8.29 HF12,Bug,Client Release,In Progress,Medium,Kotak Bank,Kotak Bank New,Server Manager,Server Manager,Session Recording & Audit Evidence,title,Session Recording & Audit Evidence|API & Integration|Log Viewing & Audit Reports,API / Integration|Logging / Monitoring|Data Integrity / Consistency,clone-tracked; release-specific (HF12); config/environment-sensitive,True,No,Windows,,2026-07-08,2026-08-28,,35.8.29 HF12,PAMIT-24551,,53,True,True,,Kotak Bank New Server Manager and Scheduled PAM Logs Data Mismatch for API User Activity & and Missing Machine Details
PAMIT-42134,focus-build,HF12,35.8.29 HF12,Bug,Closed,Done,High,TCL Global,TCL GLOBAL,Connector,Connector,Third-Party Tool & Platform Compatibility,title,Third-Party Tool & Platform Compatibility|Authentication & Identity Integration,Third-Party Compatibility|Authentication / Authorization,clone-tracked; release-specific (HF12),False,No,Windows,,2026-07-08,2026-08-29,35.8.29 HF6,35.8.29 HF12,PAMIT-24355,PAMIT-41296,54,True,True,,TCL Global U16 SP2 TJ5100 EMS SSO Issue
PAMIT-42168,focus-build,HF12,35.8.29 HF12,Bug,Closed,Done,High,ICICI Bank,ICICI Bank Ltd,PAM API,PAM API,Password & Credential Lifecycle,title,Password & Credential Lifecycle|Service & Asset Management (CRUD/Bulk)|API & Integration,API / Integration|Configuration|UI / Browser Compatibility|Data Integrity / Consistency,cross-release lineage; release-specific (HF12),False,No,Windows,,2026-07-08,2026-08-29,,35.8.29 HF11|35.8.29 HF12,PAMIT-24350,PAMIT-41431,55,True,True,,ICICI Bank Child Services Missing in Rotate Tab API Changes
PAMIT-42186,focus-build,?,35.8.29 HF14,POC,Open,To Do,High,Janalakshmi Financial Services,Janalakshmi Financial Services,Connector,Connector,Connector Development & New Integration,title,Connector Development & New Integration,API / Integration,,False,,,Sev-0,2026-07-09,2026-08-31,,35.8.29 HF14,PAMIT-24355,PAMIT-41291,,False,True,Connector,[POC] CLONE - Weblogic Remote Console connector request Jana Bank
PAMIT-42189,focus-build,HF12,35.8.29 HF12,Bug,Closed,Done,ShowStopper,Suryoday Bank,Suryoday Bank,Server Manager,Server Manager,"Access Control, Workflow & Approval",title,"Access Control, Workflow & Approval",API / Integration|Configuration|UI / Browser Compatibility|Workflow / Approval,clone-tracked; release-specific (HF12); config/environment-sensitive; client-reopened,True,Yes,Windows,,2026-07-09,2026-08-29,35.8.29 HF12,35.8.29 HF12,,PAMIT-40510,56,True,True,,Suryoday Bank Production Workflow/ Server manager Issue
PAMIT-42212,focus-build,HF12,35.8.29 HF12,Bug,Closed,Done,High,Passport Seva,Passport Seva,Connector,Connector,"Access Control, Workflow & Approval",description,"Access Control, Workflow & Approval",Configuration|Workflow / Approval|Environment Compatibility,clone-tracked; release-specific (HF12); client-reopened,False,Yes,Windows,,2026-07-10,2026-08-29,35.8.29 HF6,35.8.29 HF12,PAMIT-24355,PAMIT-41571,57,True,True,,Restricted and CWA commands getting fired within seconds of service access Passport Seva 29
PAMIT-42247,focus-build,HF12,35.8.29 HF12,Bug,Closed,Done,High,Landmark Group (Dubai),Landmark Group (Dubai),Server Manager,Server Manager,Service & Asset Management (CRUD/Bulk),title,Service & Asset Management (CRUD/Bulk),API / Integration|Logging / Monitoring|Boundary Testing,clone-tracked; release-specific (HF12),False,No,Windows,,2026-07-13,2026-08-29,,35.8.29 HF12,PAMIT-24551,PAMIT-42065,58,True,True,CRITICALP1,"Landmark Getting ""Cannot perform the operation. Please try again"" when doing Bulk update from Server Manager"
PAMIT-42267,focus-build,HF12,35.8.29 HF12,Bug,Reopen,In Progress,ShowStopper,Kotak Bank,Kotak Bank New,Connector,Connector,Session Recording & Audit Evidence,title,Session Recording & Audit Evidence,Session Recording|Authentication / Authorization|Logging / Monitoring|Environment Compatibility,clone-tracked; release-specific (HF12),False,No,Windows,,2026-07-14,2026-09-03,,35.8.29 HF12,PAMIT-24355,,59,True,True,CRITICALP1,Kotak Bank New Incorrect Video Logs Displayed Across Service Sessions & Missing Video Banner
PAMIT-42296,focus-build,?,35.8.29 HF14,Story,Development Analysis,In Progress,High,BOBCARD,BOBCARD,Connector,Connector|Password,Password & Credential Lifecycle,title,Password & Credential Lifecycle|Enhancement / Change Request,Authentication / Authorization|Configuration|Logging / Monitoring|UI / Browser Compatibility|Workflow / Approval,,True,,Windows,Sev-1,2026-07-15,2026-08-31,,35.8.29 HF14,PAMIT-24364,,,False,True,,BOBCARD Enhancement Request – Support for Dynamic Variables in Customized Password Rotation Commands
PAMIT-42322,focus-build,?,35.8.29 HF14,Story,Solution Analysis,In Progress,ShowStopper,Osource Global,Osource Global,Connector,Connector,Connector Development & New Integration,title,Connector Development & New Integration,API / Integration|Logging / Monitoring|Boundary Testing|Environment Compatibility,,True,Yes,Windows,Sev-1,2026-07-15,2026-09-02,35.8.29 HF9,35.8.29 HF14,PAMIT-24355,PAMIT-31903,,False,True,CRITICALP1|Connector,OSOURCE GLOBAL U16 SP2 CMD Connector for SQLPlus required
PAMIT-42357,focus-build,?,Mac Version Future Release|35.8.29 HF14,Story,Business Analysis,In Progress,High,Bangladesh Election Commission,Bangladesh Election Commission,Connector,Connector,Third-Party Tool & Platform Compatibility,title,Third-Party Tool & Platform Compatibility|Connector Development & New Integration,Environment Compatibility,,False,,,Sev-1,2026-07-16,2026-08-06,,35.8.29 HF14,PAMIT-24355,PAMIT-40007,,False,True,Connector,BEC (MAC) New connector request Oracle CLI
PAMIT-42369,focus-build,?,35.8.29 HF6|35.8.29 HF11 P2,Bug,Ready For Released,Done,High,ICICI Bank,ICICI Bank Ltd,Password Vault,Password Vault,Password & Credential Lifecycle,title,Password & Credential Lifecycle|Reporting & Scheduling,,repeated in scope; cross-release,False,No,Windows,,2026-07-17,2026-09-03,,35.8.29 HF6|35.8.29 HF11 P2,,PAMIT-42917|PAMIT-42943,7,True,True,,ICICI Bank U16SP2 Error (System.OutOfMemoryException) During Password Vault Log Export and Password Envelope Download
PAMIT-42404,focus-build,HF12,35.8.29 HF11|35.8.29 HF12|35.8.29 HF11 P2,Task,Client Release,In Progress,High,ICICI Bank,ICICI Bank Ltd,ACMO,ACMO,Authentication & Identity Integration,description,Authentication & Identity Integration,Authentication / Authorization,,False,No,Windows,,2026-07-20,2026-08-28,,35.8.29 HF11 P2|35.8.29 HF11|35.8.29 HF12,PAMIT-24344,PAMIT-42804,,False,True,,ICICI Bank FIDO Yubikey Authentication
PAMIT-42424,focus-build,?,35.8.29 HF14,Story,Business Analysis,In Progress,High,FYERS Securities,FYERS Securities,Password,Password|Password Vault,Service & Asset Management (CRUD/Bulk),description,Service & Asset Management (CRUD/Bulk)|Reporting & Scheduling,Authentication / Authorization|Environment Compatibility,,False,,Windows,Sev-2,2026-07-20,2026-08-31,,35.8.29 HF14,,PAMIT-41955,,False,True,passwordvault,Fyers Securites SSH key is not updating on dependency
PAMIT-42458,focus-build,?,35.8.29 HF14,Bug,Open,To Do,High,ADQCC,ADQCC,Connector,Connector,Session Lifecycle & Connectivity,title,Session Lifecycle & Connectivity,,clone-tracked; release-specific (?); config/environment-sensitive,True,No,Windows,,2026-07-22,2026-08-06,35.8.29 HF9,35.8.29 HF14,PAMIT-24355,PAMIT-42421,60,True,True,,ADQCC 29 certificate parameter not working
PAMIT-42463,focus-build,HF12,35.8.29 HF12,Bug,Closed,Done,High,Edelweiss,Edelweiss,Server Manager,Server Manager,API & Integration,description,API & Integration,API / Integration|UI / Browser Compatibility|Environment Compatibility,clone-tracked; release-specific (HF12); config/environment-sensitive,True,No,Windows,,2026-07-22,2026-08-29,,35.8.29 HF12,,PAMIT-42441,61,True,True,,Edelweiss Server Manager Icons Issue 29_HF10
PAMIT-42478,focus-build,?,35.8.29 HF14,Bug,Development Analysis,In Progress,High,Canara Bank,Canara Bank,Connector,Connector,Uncategorised,none,,,clone-tracked; release-specific (?),False,No,Windows,,2026-07-23,2026-08-06,,35.8.29 HF14,PAMIT-24355,PAMIT-42172,62,True,True,,Canara Bank - Unable to Navigate Multiple Tabs in Bottom Pane
PAMIT-42492,focus-build,?,35.8.29 HF14,Bug,Development Analysis,In Progress,Medium,Kotak Bank,Kotak Bank New,Server Manager,Server Manager,Input Validation & Error Handling,title,Input Validation & Error Handling,Configuration|UI / Browser Compatibility|Negative Testing,cross-release lineage; release-specific (?); client-reopened,False,Yes,Windows,,2026-07-23,2026-08-24,,35.8.29 HF5|35.8.29 HF14,PAMIT-24551,PAMIT-41640,63,True,True,CRITICALP1,Kotak Bank New Import Server Connection Validation Restricts Valid Characters in Field 4
PAMIT-42514,focus-build,?,35.8.29 HF11 P2,Bug,Closed,Done,ShowStopper,ITD-MC,ITD-MC,Settings,Settings,"Platform Services, Agent & Gateway",title,"Platform Services, Agent & Gateway",Configuration,one-time; release-specific (?); config/environment-sensitive,True,No,Windows,,2026-07-23,2026-08-26,,35.8.29 HF11 P2,,,64,True,True,,ITD-MC Gateway server already exist issue (Admin Setting)
PAMIT-42528,focus-build,?,35.8.29 HF14,Bug,Open,To Do,High,Kotak Bank,Kotak Bank New,Server Manager,Server Manager,Session Lifecycle & Connectivity,description,Session Lifecycle & Connectivity,Boundary Testing,cross-release lineage; release-specific (?),False,No,Windows,,2026-07-23,2026-08-06,,35.8.29 HF5|35.8.29 HF14,PAMIT-24551,PAMIT-42431,65,True,True,,Kotak Bank New Issue with Bulk User Service Mapping for Instances with Long Names
PAMIT-42576,focus-build,?,35.8.29 HF11 P2,Performance,Closed,Done,High,ITD-MC,ITD-MC,Browser Plugin,Browser Plugin|Connector|SSO,Authentication & Identity Integration,title,Authentication & Identity Integration|Performance & Responsiveness,Authentication / Authorization|Performance,one-time; cross-module; release-specific (?),False,No,Windows,,2026-07-24,2026-08-07,,35.8.29 HF11 P2,,,66,True,True,,ITD-MC PAM Plugin Issue - SSO Slowness
PAMIT-42577,focus-build,?,35.8.29 HF11 P2,Bug,Closed,Done,High,ITD-MC,ITD-MC,Application & Audit Logs,Application & Audit Logs|Connector,Session Recording & Audit Evidence,title,Session Recording & Audit Evidence,Third-Party Compatibility|Session Recording,repeated in scope; cross-module; release-specific (?),False,No,Windows,,2026-07-24,2026-09-03,,35.8.29 HF11 P2,,PAMIT-42793|PAMIT-43057,1,True,True,,ITD-MC Delta Image Capture Issue Third-Party Connector (MobaXterm)
PAMIT-42582,focus-build,?,35.8.29 HF14,Bug,Forward Merge,In Progress,ShowStopper,Indusind Bank Ltd,Indusind Bank Ltd,Connector,Connector,Third-Party Tool & Platform Compatibility,title,Third-Party Tool & Platform Compatibility,Environment Compatibility,clone-tracked; release-specific (?); config/environment-sensitive,True,No,Windows,,2026-07-24,2026-08-14,,35.8.29 HF14,PAMIT-24355,,67,True,True,CRITICALP1,Indusind Bank FREE RDP is getting crashed in DR 8.28
PAMIT-42594,focus-build,HF12,35.8.29 HF12,Bug,Closed,Done,High,Renew,Renew,Settings,Settings,Reporting & Scheduling,title,Reporting & Scheduling|Input Validation & Error Handling,Negative Testing,repeated in scope; cross-release,False,No,Windows,,2026-07-25,2026-08-31,,35.8.29 HF12,PAMIT-24369,PAMIT-42898,8,True,True,,Renew Unexpected Script Detected error while updating schedule reports and envelopes and unable to delete scheduled reports 29HF11
PAMIT-42601,focus-build,?,35.8.29 HF14,Bug,Open,To Do,ShowStopper,Suryoday Bank,Suryoday Bank,Connector,Connector|SSO,Authentication & Identity Integration,title,"Authentication & Identity Integration|Platform Services, Agent & Gateway",Authentication / Authorization|Environment Compatibility,clone-tracked; cross-module; release-specific (?),False,No,Windows,,2026-07-27,2026-08-24,35.8.29 HF6,35.8.29 HF14,PAMIT-24371,PAMIT-41377,68,True,True,CRITICALP1,Suryoday Bank We are not able sso into windows service after security patch
PAMIT-42616,focus-build,?,35.8.29 HF14,Bug,Audit,In Progress,High,Yes Securities,Yes Securities,Server Manager,Server Manager,Service & Asset Management (CRUD/Bulk),title,Service & Asset Management (CRUD/Bulk),Boundary Testing,clone-tracked; release-specific (?),False,No,Windows,,2026-07-27,2026-08-24,,35.8.29 HF14,,PAMIT-42348,69,True,True,,YESSECURITIES Unable to delete services in Bulk update
PAMIT-42623,focus-build,?,35.8.29 HF14,Bug,Open,To Do,High,Kotak Bank,Kotak Bank New,Server Manager,Server Manager,Performance & Responsiveness,title,Performance & Responsiveness,Performance|Boundary Testing,cross-release lineage; release-specific (?),False,No,Windows,,2026-07-27,2026-08-06,,35.8.29 HF9|35.8.29 HF14,PAMIT-24551,PAMIT-41441,70,True,True,Server-Manager,Kotak Bank New Server Manger performance issue.
PAMIT-42663,focus-build,?,35.8.29 HF11 P2,Bug,Closed,Done,High,Saudi National Guard (SANG),Saudi National Guard (SANG),Password Vault,Password Vault,Password & Credential Lifecycle,title,Password & Credential Lifecycle,,one-time; release-specific (?); config/environment-sensitive,True,No,Windows,,2026-07-28,2026-09-02,,35.8.29 HF11 P2,,,71,True,True,,SANG Manual Password Rotation Fails
PAMIT-42677,focus-build,?,35.8.29 HF14,Bug,Open,To Do,High,Catholic Syrian Bank,Catholic Syrian Bank,Connector,Connector,"Access Control, Workflow & Approval",title,"Access Control, Workflow & Approval|Session Lifecycle & Connectivity",Workflow / Approval,repeated in scope; cross-release; config/environment-sensitive,True,No,Windows,,2026-07-29,2026-08-06,,35.8.29 HF14,PAMIT-24355,PAMIT-41384,5,True,True,,Session Extension Workflow
PAMIT-42681,focus-build,?,35.8.29 HF11 P2,Bug,Closed,Done,Medium,ITD-MC,ITD-MC,Application & Audit Logs,Application & Audit Logs,Session Lifecycle & Connectivity,description,Session Lifecycle & Connectivity,,one-time; release-specific (?),False,No,Windows,,2026-07-29,2026-09-03,,35.8.29 HF11 P2,,,72,True,True,,ITD-MC Application Logs Filter Issue (PAM Logs)
PAMIT-42686,focus-build,?,35.8.29 HF11 P2,Bug,Awaiting Response,In Progress,High,Aurus Inc,Aurus Inc,ACMO,ACMO,Authentication & Identity Integration,title,Authentication & Identity Integration,Authentication / Authorization|Upgrade / Migration,clone-tracked; release-specific (?); config/environment-sensitive,True,No,Windows,,2026-07-29,2026-08-26,,35.8.29 HF11 P2,PAMIT-24344,,73,True,True,tushar,Aurus Inc Sso issue after upgrade and Pam plugin
PAMIT-42689,focus-build,?,35.8.29 HF11 P2,Bug,Ready For Released,Done,ShowStopper,ICICI Bank,ICICI Bank Ltd,ACMO,ACMO,Session Lifecycle & Connectivity,title,Session Lifecycle & Connectivity,Upgrade / Migration,repeated in scope; cross-release; config/environment-sensitive,True,No,Windows,,2026-07-29,2026-08-31,,35.8.29 HF11 P2,,PAMIT-43183,9,True,True,tushar,ICICI Bank U16SP2 Server Manager fails to launch from end-user machines
PAMIT-42711,focus-build,?,35.8.29 HF9 P2,Client-Support,Development Review,In Progress,High,Bank Muscat,Bank Muscat,Password Vault,Password Vault,Password & Credential Lifecycle,title,Password & Credential Lifecycle,Third-Party Compatibility|API / Integration,repeated in scope; cross-release; config/environment-sensitive,True,No,,,2026-07-30,2026-09-02,,35.8.29 HF9 P2,,PAMIT-43007,10,True,True,,Muscat - Thales HSM iintegration with PAM
PAMIT-42719,focus-build,?,35.8.29 HF11 P2,Bug,Closed,Done,High,ITD-MC,ITD-MC,Settings,Settings,Session Lifecycle & Connectivity,title,Session Lifecycle & Connectivity,Configuration|Negative Testing,one-time; release-specific (?); config/environment-sensitive,True,No,Windows,,2026-07-30,2026-08-12,,35.8.29 HF11 P2,,,74,True,True,,ITD-MC Auto-update PAM Plugin settings not working
PAMIT-42733,focus-build,HF13,35.8.29 HF13,Task,QA Testing,In Progress,High,Bank Muscat,Bank Muscat,Password,Password,Security Hardening & Exposure,title,Security Hardening & Exposure,Configuration|Upgrade / Migration|Security,,True,No,Windows,,2026-07-30,2026-09-03,,35.8.29 HF9 Patch1|35.8.29 HF13,,PAMIT-42228,,False,True,,BM - Request for data migration utility (2 level pwd encryption)
PAMIT-42751,focus-build,?,35.8.29 HF11 P2,Bug,Ready For Released,Done,High,ICICI Bank,ICICI Bank Ltd,Server Manager,Server Manager,Password & Credential Lifecycle,title,Password & Credential Lifecycle,Boundary Testing,repeated in scope; release-specific (?); config/environment-sensitive,True,No,Windows,,2026-07-31,2026-09-03,,35.8.29 HF11 P2,,PAMIT-42756,11,True,True,,ICICI Bank U16SP2 Bulk Password Update Does Not Accept <DNC> for Parameter Field
PAMIT-42754,focus-build,?,35.8.29 HF11 P2,Bug,Ready For Released,Done,High,ICICI Bank,ICICI Bank Ltd,Server Manager,Server Manager,Service & Asset Management (CRUD/Bulk),title,Service & Asset Management (CRUD/Bulk)|Input Validation & Error Handling,Data Integrity / Consistency,repeated in scope; cross-release,False,No,Windows,,2026-07-31,2026-08-27,,35.8.29 HF11 P2,PAMIT-24355,PAMIT-42768|PAMIT-43182,12,True,True,AML|MI,ICICI Bank U16SP2 Unable to Modify or Create Service Due to Incorrect “Tag Validation Failed” Error from Manage service
PAMIT-42756,focus-build,?,35.8.29 HF14,Bug,Audit,In Progress,High,ICICI Bank,ICICI Bank Ltd,Server Manager,Server Manager,Password & Credential Lifecycle,title,Password & Credential Lifecycle,Boundary Testing,repeated in scope; release-specific (?); config/environment-sensitive,True,No,Windows,,2026-07-31,2026-08-20,,35.8.29 HF14,,PAMIT-42751,11,True,True,,ICICI Bank U16SP2 Bulk Password Update Does Not Accept <DNC> for Parameter Field
PAMIT-42781,focus-build,?,35.8.29 HF14,Bug,Open,To Do,High,HDB Financial Services Limited,HDB Financial Services Limited,Connector,Connector,Session Recording & Audit Evidence,title,Session Recording & Audit Evidence,Session Recording|Logging / Monitoring,clone-tracked; release-specific (?); client-reopened,False,Yes,Windows,,2026-08-03,2026-08-06,35.8.28,35.8.29 HF14,PAMIT-24355,PAMIT-41548,75,True,True,CRITICALP1,Video logs not getting generated for Tableau Prep Connector HDBFS U16 SP2
PAMIT-42793,focus-build,?,35.8.29 HF14,Bug,Open,To Do,High,ITD-MC,ITD-MC,Application & Audit Logs,Application & Audit Logs|Connector,Session Recording & Audit Evidence,title,Session Recording & Audit Evidence,Third-Party Compatibility|Session Recording,repeated in scope; cross-module; release-specific (?),False,No,Windows,,2026-08-03,2026-08-06,,35.8.29 HF11 P2|35.8.29 HF14,,PAMIT-42577,1,True,True,,ITD-MC Delta Image Capture Issue Third-Party Connector (MobaXterm)
PAMIT-42795,focus-build,?,35.8.29 HF11 P2,Bug,Ready For Released,Done,High,ICICI Bank,ICICI Bank Ltd,Settings,Settings,Input Validation & Error Handling,title,"Input Validation & Error Handling|Platform Services, Agent & Gateway",Configuration,repeated in scope; cross-release; config/environment-sensitive,True,No,Windows,,2026-08-03,2026-08-27,,35.8.29 HF11 P2,,PAMIT-43181,13,True,True,,ICICI Bank U16SP2 Unable to Add or Edit Gateway Configuration – “Gateway server already exists” Error
PAMIT-42804,focus-build,HF13,35.8.29 HF13,Task,Audit,In Progress,High,ICICI Bank,ICICI Bank Ltd,ACMO,ACMO,Authentication & Identity Integration,description,Authentication & Identity Integration,Authentication / Authorization,,False,No,Windows,,2026-08-03,2026-09-03,,35.8.29 HF13,PAMIT-24344,PAMIT-42404,,False,True,,ICICI Bank FIDO Yubikey Authentication
PAMIT-42811,focus-build,HF13,35.8.29 HF13,Task,Development Analysis,In Progress,ShowStopper,State bank of India,State bank of India,Connector,Connector|Server Manager,Security Hardening & Exposure,title,Security Hardening & Exposure|Session Lifecycle & Connectivity,Authentication / Authorization|Security|Environment Compatibility,,True,No,Windows,,2026-08-04,2026-08-31,35.8.29 HF11,35.8.29 HF13,,,,False,True,CRITICALP1,State bank of India - U16 SP2 - Connectors and Server Manager not working post enabling TLS 1.3
PAMIT-42833,focus-build,?,35.8.29 HF14,Story,Solution Analysis,In Progress,ShowStopper,Union Bank Of India,Union Bank Of India,Password Vault,Password Vault,Password & Credential Lifecycle,title,Password & Credential Lifecycle|Enhancement / Change Request,,,False,No,Windows,Sev-1,2026-08-04,2026-09-03,35.8.24 HF6,35.8.29 HF14,PAMIT-24365,,,False,True,passwordvault,UBI Enhancement to Enable Deletion of Password Policies from Password Vault U16 SP2
PAMIT-42868,focus-build,?,35.8.29 HF14,Bug,Open,To Do,High,ICICI Bank,ICICI Bank - Cloud,Server Manager,Server Manager,Input Validation & Error Handling,title,Input Validation & Error Handling,Configuration|Environment Compatibility,clone-tracked; release-specific (?); config/environment-sensitive,True,No,Windows,,2026-08-05,2026-08-11,,35.8.29 HF14,PAMIT-24355,PAMIT-42569,76,True,True,,ICICI Bank Cloud : Tags validation failed
PAMIT-42878,focus-build,?,35.8.29 HF14,Bug,Open,To Do,High,TCS Cyber Security,TCS Cyber Security,Connector,Connector,UI Field & Control Defects,description,UI Field & Control Defects,Data Integrity / Consistency,clone-tracked; release-specific (?); config/environment-sensitive,True,No,Windows,,2026-08-05,2026-08-10,35.8.29 HF9,35.8.29 HF14,PAMIT-24355,PAMIT-42256,77,True,True,CRITICALP1,U16 SP2 TCS CSP Need to add tags in Server MAnager parameter section
PAMIT-42884,focus-build,?,35.8.29 HF14,Bug,Open,To Do,ShowStopper,"Royal Hashemite Court, Jordan","Royal Hashemite Court, Jordan",RTSM,RTSM,Session Recording & Audit Evidence,title,Session Recording & Audit Evidence,Session Recording|Logging / Monitoring|UI / Browser Compatibility,clone-tracked; release-specific (?); client-reopened,False,Yes,Windows,,2026-08-05,2026-08-05,35.8.29 HF5,35.8.29 HF14,PAMIT-24355,PAMIT-40642,78,True,True,CRITICALP1,RHC U16 SP2 ThickClient terminates while closing session monitoring page
PAMIT-42886,focus-build,?,35.8.29 HF14,Bug,Awaiting Response,In Progress,Medium,CCIL,CCIL,Password,Password|Password Vault,Reporting & Scheduling,title,Reporting & Scheduling,Configuration,cross-release lineage; cross-module; release-specific (?); config/environment-sensitive,True,No,Windows,,2026-08-05,2026-09-02,35.8.29 HF13|35.8.29 HF11,35.8.29 HF11|35.8.29 HF14,PAMIT-24350,PAMIT-42665,79,True,True,,CCIL Envelope Module Displays 500 Internal Server Error U16 SP2
PAMIT-42887,focus-build,?,35.8.29 HF14,Bug,Open,To Do,Medium,TCS Cyber Security,TCS Cyber Security,Connector,Connector,Session Lifecycle & Connectivity,title,Session Lifecycle & Connectivity,Authentication / Authorization|Logging / Monitoring|Environment Compatibility,clone-tracked; release-specific (?); config/environment-sensitive,True,No,Windows,,2026-08-05,2026-08-05,35.8.29 HF9,35.8.29 HF14,PAMIT-24355,PAMIT-42288,80,True,True,CRITICALP1|tushar,TCS CSP TTSL U16SP2 Service access not working through [server 2012 R2]
PAMIT-42889,focus-build,HF12,35.8.29 HF12,Bug,Closed,Done,ShowStopper,Bank Muscat,Bank Muscat,All Modules,All Modules,Session Recording & Audit Evidence,title,"Session Recording & Audit Evidence|Platform Services, Agent & Gateway",Session Recording,cross-release lineage; release-specific (HF12); config/environment-sensitive,True,No,Windows,,2026-08-05,2026-08-29,,35.8.29 HF9 Patch1|35.8.29 HF12,PAMIT-24348,PAMIT-41732,81,True,True,WEBGATEWAY|WebProxy,Video logs issue with web gateway
PAMIT-42895,focus-build,?,35.8.29 HF11 P2,Bug,Ready For Released,Done,High,ICICI Bank,ICICI Bank Ltd,UAG,UAG,"Platform Services, Agent & Gateway",title,"Platform Services, Agent & Gateway",Environment Compatibility,clone-tracked; release-specific (?); config/environment-sensitive,True,No,Windows,,2026-08-05,2026-08-27,,35.8.29 HF11 P2,PAMIT-24373,PAMIT-43180,82,True,True,,ICICI Bank UAG Review Page Refresh Error-500
PAMIT-42898,focus-build,?,35.8.29 HF11 P2,Bug,Closed,Done,High,Renew,Renew,Settings,Settings,Reporting & Scheduling,title,Reporting & Scheduling|Input Validation & Error Handling,Negative Testing,repeated in scope; cross-release,False,No,Windows,,2026-08-05,2026-08-29,,35.8.29 HF11 P2|35.8.29 HF12,PAMIT-24369,PAMIT-42594,8,True,True,,Renew Unexpected Script Detected error while updating schedule reports and envelopes and unable to delete scheduled reports 29HF11
PAMIT-42917,focus-build,HF12,35.8.29 HF12,Bug,Closed,Done,High,ICICI Bank,ICICI Bank Ltd,Password Vault,Password Vault,Password & Credential Lifecycle,title,Password & Credential Lifecycle|Reporting & Scheduling,,repeated in scope; cross-release,False,No,Windows,,2026-08-06,2026-08-28,,35.8.29 HF6|35.8.29 HF11 P2|35.8.29 HF12,,PAMIT-42369,7,True,True,,29HF12 - ICICI Bank U16SP2 Error (System.OutOfMemoryException) During Password Vault Log Export and Password Envelope Download
PAMIT-42920,focus-build,?,35.8.29 HF11 P2,Bug,Ready For Released,Done,High,ICICI Bank,ICICI Bank Ltd,Server Manager,Server Manager,Service & Asset Management (CRUD/Bulk),title,Service & Asset Management (CRUD/Bulk)|Input Validation & Error Handling,,repeated in scope; cross-release; config/environment-sensitive; client-reopened,True,Yes,Windows,,2026-08-06,2026-09-03,,35.8.29 HF11 P2,,PAMIT-43179,14,True,True,,ICICI BANK Unable to Modify Service Parameters from Server Manager
PAMIT-42923,focus-build,HF13,35.8.29 HF13,Sub-task,Closed,Done,Low,ICICI Bank,ICICI Bank Ltd,«none»,,Security Hardening & Exposure,title,Security Hardening & Exposure|Password & Credential Lifecycle,API / Integration|Security|Data Integrity / Consistency,,False,,,,2026-08-06,2026-08-26,,35.8.29 HF13,PAMIT-41276,,,False,True,ENGG_July_26|ENGG_TEAM|kalpesh,Digital Vault - ICICI JRE Version Mismatch Causing Encryption Failure - 03-Jul-2026
PAMIT-42924,focus-build,HF13,35.8.29 HF13,Sub-task,Closed,Done,Low,ICICI Bank,ICICI Bank Ltd,«none»,,Security Hardening & Exposure,title,"Security Hardening & Exposure|Password & Credential Lifecycle|Platform Services, Agent & Gateway",Security,,True,,,,2026-08-06,2026-08-26,,35.8.29 HF13,PAMIT-41276,,,False,True,ENGG_July_26|ENGG_TEAM|kalpesh,Digital Vault - Client SSL Error from Incorrect Gateway URL - 03-Jul-2026
PAMIT-42931,focus-build,?,35.8.29 HF11 P3,Bug,Awaiting Response,In Progress,ShowStopper,Diligenta Limited,Diligenta Limited,Password,Password,Password & Credential Lifecycle,title,Password & Credential Lifecycle|Session Lifecycle & Connectivity,API / Integration|Configuration|Environment Compatibility,repeated in scope; cross-release; config/environment-sensitive,True,No,Windows,,2026-08-06,2026-09-03,,35.8.29 HF11 P3,PAMIT-24364,PAMIT-43084,15,True,True,CRITICALP1,DILIGENTA SLOC 29HF6 PASSWORD ROTATION/CHANGE NOT WORKING
PAMIT-42936,focus-build,?,35.8.29 HF11 P2,Bug,Business Analysis,In Progress,ShowStopper,AXIS Bank Ltd,AXIS Bank Ltd,UAG,UAG,Input Validation & Error Handling,title,Input Validation & Error Handling,,clone-tracked; release-specific (?); config/environment-sensitive,True,No,Windows,,2026-08-06,2026-09-01,35.8.29 HF11,35.8.29 HF11 P2,PAMIT-24373,,83,True,True,CRITICALP1,Axis Bank - U16 SP2 - 500 Internal Server Error while applying a filter on the Reviewer Name column.
PAMIT-42939,focus-build,?,35.8.29 HF14,Task,Development Analysis,In Progress,Medium,Canara Bank,Canara Bank,Integration,Integration,Authentication & Identity Integration,description,Authentication & Identity Integration,Authentication / Authorization,,False,,,,2026-08-07,2026-08-27,,35.8.29 HF14,PAMIT-24357,,,False,True,AML|MI,Canara Bank Enforce PAM Access via Centralized Biometric Portal Only
PAMIT-42941,focus-build,?,35.8.29 HF11 P2,Bug,Ready For Released,Done,ShowStopper,ICICI Bank,ICICI Bank Ltd,Server Manager,Server Manager,Password & Credential Lifecycle,title,Password & Credential Lifecycle|Service & Asset Management (CRUD/Bulk),Authentication / Authorization|Boundary Testing,repeated in scope; cross-release,False,No,Windows,,2026-08-07,2026-08-27,,35.8.29 HF11 P2,,PAMIT-42359|PAMIT-43178,16,True,True,,ICICI Bank U16SP2 Incorrect Password Update Behavior for Active and Disabled Services During Bulk Password Update
PAMIT-42942,focus-build,?,35.8.29 HF6|35.8.29 HF11 P2,Bug,Closed,Done,High,ICICI Bank,ICICI Bank Ltd,Arcon Service / Agent,Arcon Service / Agent,Password & Credential Lifecycle,title,"Password & Credential Lifecycle|Platform Services, Agent & Gateway",Configuration,repeated in scope; cross-release; config/environment-sensitive,True,No,Windows,,2026-08-07,2026-08-28,35.8.29 HF11,35.8.29 HF6|35.8.29 HF11 P2|35.8.29 HF12,PAMIT-24364,PAMIT-41449|PAMIT-43106|PAMIT-43177,6,True,True,CRITICALP1,P2 - ICICI Bank IPC Service Not Triggering Password Closure for Certain Services After Password Open Activity
PAMIT-42946,focus-build,HF13,35.8.29 HF13,Bug,Document Review,In Progress,High,Bank Muscat,Bank Muscat,Application & Audit Logs,Application & Audit Logs,Session Recording & Audit Evidence,title,Session Recording & Audit Evidence,API / Integration|Logging / Monitoring,cross-release lineage; release-specific (HF13),False,No,Windows,,2026-08-07,2026-08-28,,35.8.29 HF9 Patch1|35.8.29 HF13,,PAMIT-42476,84,True,True,AML,BM - issue with SIEM logs
PAMIT-42977,focus-build,?,35.8.29 HF11 P2,Bug,Ready For Released,Done,High,ICICI Bank,ICICI Bank Ltd,ACMO,ACMO,"Access Control, Workflow & Approval",title,"Access Control, Workflow & Approval|Session Lifecycle & Connectivity",Authentication / Authorization,repeated in scope; cross-release; config/environment-sensitive,True,No,Windows,,2026-08-07,2026-09-03,,35.8.29 HF11 P2,,PAMIT-43176,17,True,True,,ICICI Bank User is unexpectedly logged out when clicking on the My Access page in ARCOS RA environment
PAMIT-42985,focus-build,?,35.8.29 HF11 P2,Bug,Closed,Done,High,ITD-MC,ITD-MC,Application & Audit Logs,Application & Audit Logs|Connector,Authentication & Identity Integration,description,Authentication & Identity Integration,Authentication / Authorization|Environment Compatibility,clone-tracked; cross-module; release-specific (?); config/environment-sensitive,True,No,Windows,,2026-08-10,2026-08-25,,35.8.29 HF11 P2,PAMIT-24355,,85,True,True,,ITD-MC App Netnumen HLREMS Images Not Generating
PAMIT-42988,focus-build,?,35.8.29 HF11 P2,Bug,Closed,Done,ShowStopper,IIFL,IIFL,Connector,Connector,Third-Party Tool & Platform Compatibility,title,Third-Party Tool & Platform Compatibility|Session Lifecycle & Connectivity,Third-Party Compatibility,repeated in scope; cross-release,False,No,Windows,,2026-08-10,2026-09-03,22.8.1,35.8.29 HF11 P2,PAMIT-24355,PAMIT-43030,18,True,True,CRITICALP1,IIFL SSMS Studio not working Ver PAM Ver. 29_HF11
PAMIT-42999,focus-build,?,35.8.29 HF7|35.8.29 HF11 P2,Bug,Closed,Done,ShowStopper,ICICI Bank,ICICI Bank OnPrem – Upgrade,Server Manager,Server Manager,Service & Asset Management (CRUD/Bulk),title,Service & Asset Management (CRUD/Bulk)|Input Validation & Error Handling,Configuration,repeated in scope; cross-release; config/environment-sensitive; client-reopened,True,Yes,Windows,,2026-08-10,2026-09-03,,35.8.29 HF7|35.8.29 HF11 P2,,PAMIT-39842|PAMIT-43175,19,True,True,Server-Manager,ICICI Bank U16SP2 Unable to view service details when selecting a disabled service in Server Manager (stuck on Create tab)
PAMIT-43007,focus-build,HF13,35.8.29 HF13,Client-Support,Development Review,In Progress,High,Bank Muscat,Bank Muscat,Password Vault,Password Vault,Password & Credential Lifecycle,title,Password & Credential Lifecycle,Third-Party Compatibility|API / Integration,repeated in scope; cross-release; config/environment-sensitive,True,No,,,2026-08-10,2026-09-03,35.8.29 HF13,35.8.29 HF9 P2|35.8.29 HF13,,PAMIT-42711,10,True,True,,Muscat - Thales HSM iintegration with PAM
PAMIT-43010,focus-build,?,35.8.29 HF11 P3,Bug,Open,To Do,High,IIFL,IIFL,ACMO,ACMO,Session Recording & Audit Evidence,description,Session Recording & Audit Evidence|UI Field & Control Defects,Session Recording,one-time; release-specific (?); config/environment-sensitive; client-reopened; insufficient evidence,True,Yes,Windows,,2026-08-10,2026-09-02,35.8.29 HF11,35.8.29 HF11 P3,,,86,True,True,CRITICALP1,IIFL Show Entries 100/250/500 Issue 29
PAMIT-43013,focus-build,HF13,35.8.29 HF13,Bug,Security Check,In Progress,ShowStopper,Bank Muscat,Bank Muscat,Connector,Connector,Third-Party Tool & Platform Compatibility,title,Third-Party Tool & Platform Compatibility,Third-Party Compatibility,repeated in scope; cross-release; client-reopened,False,Yes,Windows,,2026-08-10,2026-09-03,,35.8.29 HF9 Patch1|35.8.29 HF13,PAMIT-24355,PAMIT-42510,4,True,True,,BM - Issue with dbeaver connection
PAMIT-43014,focus-build,HF13,35.8.29 HF13,Bug,Duplicate,Done,High,Bank Muscat,Bank Muscat,PAM MS API,PAM MS API,Password & Credential Lifecycle,title,"Password & Credential Lifecycle|Access Control, Workflow & Approval|Service & Asset Management (CRUD/Bulk)|Input Validation & Error Handling",Authentication / Authorization|API / Integration,,False,No,Windows,,2026-08-10,2026-08-31,,35.8.29 HF9 Patch1|35.8.29 HF13,,PAMIT-42350,,True,False,,BM - Unable to fetch server group in pwd vault/User discovery after assigning priv from manage roles
PAMIT-43020,focus-build,HF12,35.8.29 HF12,Bug,Closed,Done,ShowStopper,Bank Muscat,Bank Muscat,ACMO,ACMO|Workflow,"Access Control, Workflow & Approval",title,"Access Control, Workflow & Approval|Session Lifecycle & Connectivity",Upgrade / Migration|Workflow / Approval,cross-release lineage; cross-module; release-specific (HF12); config/environment-sensitive,True,No,Windows,,2026-08-10,2026-08-28,,35.8.29 HF9 Patch1|35.8.29 HF12,,PAMIT-41529,87,True,True,,BM - Unable to access (one time and time based) service that are assigned through workflows (user request and PAM Admin workflow)
PAMIT-43030,focus-build,HF12,35.8.29 HF12,Bug,Closed,Done,ShowStopper,IIFL,IIFL,Connector,Connector,Third-Party Tool & Platform Compatibility,title,Third-Party Tool & Platform Compatibility|Session Lifecycle & Connectivity,Third-Party Compatibility,repeated in scope; cross-release,False,No,Windows,,2026-08-10,2026-08-28,22.8.1,35.8.29 HF12,PAMIT-24355,PAMIT-42988,18,True,True,CRITICALP1,IIFL SSMS Studio not working Ver PAM Ver. 29_HF11
PAMIT-43035,focus-build,?,35.8.29 HF14,Bug,Open,To Do,High,NSDL,NSDL,Connector,Connector,Session Recording & Audit Evidence,description,Session Recording & Audit Evidence|Third-Party Tool & Platform Compatibility|Performance & Responsiveness,Session Recording|Performance|Environment Compatibility,clone-tracked; release-specific (?),False,No,Windows,,2026-08-10,2026-08-10,,35.8.29 HF14,PAMIT-24348,PAMIT-40534,88,True,True,CRITICALP1,NSDL PB Service Access Issue U16SP235.8.29HF3
PAMIT-43057,focus-build,?,35.8.29 HF11 P3,Bug,Open,To Do,High,ITD-MC,ITD-MC,Application & Audit Logs,Application & Audit Logs|Connector,Session Recording & Audit Evidence,title,Session Recording & Audit Evidence,Third-Party Compatibility|Session Recording,repeated in scope; cross-module; release-specific (?),False,No,Windows,,2026-08-11,2026-08-19,,35.8.29 HF11 P3|35.8.29 HF11 P2,,PAMIT-42577,1,True,True,,ITD-MC Delta Image Capture Issue Third-Party Connector (MobaXterm)
PAMIT-43066,focus-build,?,35.8.29 HF11 P2,Story,Closed,Done,High,CCIL,CCIL,Password Vault,Password Vault,Password & Credential Lifecycle,title,Password & Credential Lifecycle,Environment Compatibility,,False,,,,2026-08-11,2026-08-13,,35.8.29 HF11 P2,,,,False,True,,CCIL IFSC Manually Password change Update Shows 500 Error
PAMIT-43071,focus-build,HF13,35.8.29 HF13,Bug,Security Check,In Progress,Medium,IDFC,IDFC,Server Manager,Server Manager,Session Recording & Audit Evidence,title,Session Recording & Audit Evidence|Reporting & Scheduling|Input Validation & Error Handling,Configuration|Logging / Monitoring|Negative Testing|Boundary Testing,clone-tracked; release-specific (HF13); config/environment-sensitive,True,No,Windows,,2026-08-12,2026-09-01,,35.8.29 HF13,PAMIT-24366,PAMIT-41562,89,True,True,CRITICALP1|report,IDFC Unable to fetch Session Log Report
PAMIT-43084,focus-build,HF13,35.8.29 HF13,Bug,Document Review,In Progress,ShowStopper,Diligenta Limited,Diligenta Limited,Password,Password,Password & Credential Lifecycle,title,Password & Credential Lifecycle|Session Lifecycle & Connectivity,API / Integration|Configuration|Environment Compatibility,repeated in scope; cross-release; config/environment-sensitive,True,No,Windows,,2026-08-12,2026-09-02,35.8.29 HF13,35.8.29 HF13,PAMIT-24364,PAMIT-42931,15,True,True,CRITICALP1,DILIGENTA SLOC 29HF6 PASSWORD ROTATION/CHANGE NOT WORKING
PAMIT-43085,focus-build,?,35.8.29 HF14,Bug,Open,To Do,High,ICICI Bank,ICICI Bank Ltd,Server Manager,Server Manager,Service & Asset Management (CRUD/Bulk),title,Service & Asset Management (CRUD/Bulk)|Input Validation & Error Handling|API & Integration,API / Integration,clone-tracked; release-specific (?); config/environment-sensitive,True,No,Windows,,2026-08-12,2026-08-13,,35.8.29 HF14,,PAMIT-42768,90,True,True,,ICICI Bank U16SP2 Server Manager- Quick Search tag validation missing on Manage Service form and API
PAMIT-43087,focus-build,HF13,35.8.29 HF13,Bug,Document Review,In Progress,Medium,TCS Cyber Security,TCS Cyber Security,Password Vault,Password Vault,Password & Credential Lifecycle,title,Password & Credential Lifecycle|Input Validation & Error Handling,Negative Testing,clone-tracked; release-specific (HF13); config/environment-sensitive,True,No,Windows,,2026-08-12,2026-09-02,35.8.29 HF13|35.8.29 HF9,35.8.29 HF13,,PAMIT-42527,91,True,True,,"TCS CSP U16SP2 ""String reference not set to an instance of a String. Parameter name: s"" error while password rotation"
PAMIT-43091,focus-build,?,35.8.29 HF14,Bug,Open,To Do,High,Kotak Bank,Kotak Bank New,Connector,Connector,Service & Asset Management (CRUD/Bulk),title,Service & Asset Management (CRUD/Bulk),Authentication / Authorization|Configuration|Environment Compatibility,repeated in scope; release-specific (?); config/environment-sensitive,True,No,Windows,,2026-08-12,2026-08-12,,35.8.29 HF14,PAMIT-24355,PAMIT-41988,20,True,True,,Kotak Bank New Modify Service Type Missing 26 Available Connectors
PAMIT-43105,focus-build,?,35.8.29 HF14,Bug,Audit,In Progress,High,ITD-MC,ITD-MC,Connector,Connector,Authentication & Identity Integration,title,"Authentication & Identity Integration|Platform Services, Agent & Gateway",Authentication / Authorization|Environment Compatibility,clone-tracked; release-specific (?); config/environment-sensitive,True,No,Windows,,2026-08-12,2026-09-03,,35.8.29 HF14,PAMIT-24355,,92,True,True,,ITD-MC App Netnumen HLREMS SSO via AGW not woking
PAMIT-43111,focus-build,?,35.8.29 HF14,Bug,Open,To Do,High,Kotak Bank,Kotak Bank New,Connector,Connector,Service & Asset Management (CRUD/Bulk),title,Service & Asset Management (CRUD/Bulk),Authentication / Authorization|Configuration|Environment Compatibility,repeated in scope; release-specific (?); config/environment-sensitive,True,No,Windows,,2026-08-13,2026-08-13,,35.8.29 HF14,PAMIT-24355,PAMIT-41988,20,True,True,,Kotak Bank New Modify Service Type Missing 26 Available Connectors
PAMIT-43140,focus-build,HF13,35.8.29 HF13,Bug,Security Check,In Progress,Low,Tata Power Limited,Tata Power Limited,Connector,Connector,Third-Party Tool & Platform Compatibility,title,Third-Party Tool & Platform Compatibility,Upgrade / Migration|Negative Testing|Environment Compatibility,clone-tracked; release-specific (HF13); config/environment-sensitive,True,No,Windows,,2026-08-13,2026-09-02,,35.8.29 HF13,PAMIT-24355,PAMIT-39037,93,True,True,,Windows RDP <ALWAYS_PROMPT_PASSWORD> Issue after Windows Patching
PAMIT-43149,focus-build,?,35.8.29 HF14,Bug,Open,To Do,ShowStopper,City Union Bank,City Union Bank,ACMO,ACMO|Connector,"Access Control, Workflow & Approval",title,"Access Control, Workflow & Approval",Workflow / Approval|Environment Compatibility,clone-tracked; cross-module; release-specific (?),False,,Windows,,2026-08-13,2026-08-13,,35.8.29 HF14,PAMIT-24344,PAMIT-40340,94,True,True,CRITICALP1|PAM,195518 CUB Oracle QA CWA Approval Issue on Suse Linux Machine.
PAMIT-43154,focus-build,?,35.8.29 HF11 P3,Bug,Audit,In Progress,High,ICICI Bank,ICICI Bank Ltd,Password Vault,Password Vault,Password & Credential Lifecycle,title,Password & Credential Lifecycle,Boundary Testing,repeated in scope; cross-release,False,No,Windows,,2026-08-13,2026-08-26,,35.8.29 HF11 P3,,PAMIT-43224,21,True,True,,ICICI BANK VPC Service issue
PAMIT-43175,focus-build,HF12,35.8.29 HF12,Bug,Closed,Done,ShowStopper,ICICI Bank,ICICI Bank OnPrem – Upgrade,Server Manager,Server Manager,Service & Asset Management (CRUD/Bulk),title,Service & Asset Management (CRUD/Bulk)|Input Validation & Error Handling,Configuration,repeated in scope; cross-release; config/environment-sensitive; client-reopened,True,Yes,Windows,,2026-08-16,2026-08-28,,35.8.29 HF12,,PAMIT-42999,19,True,True,Server-Manager,ICICI Bank U16SP2 Unable to view service details when selecting a disabled service in Server Manager (stuck on Create tab)
PAMIT-43176,focus-build,HF12,35.8.29 HF12,Bug,Closed,Done,High,ICICI Bank,ICICI Bank Ltd,ACMO,ACMO,"Access Control, Workflow & Approval",title,"Access Control, Workflow & Approval|Session Lifecycle & Connectivity",Authentication / Authorization,repeated in scope; cross-release; config/environment-sensitive,True,No,Windows,,2026-08-16,2026-08-28,,35.8.29 HF12,,PAMIT-42977,17,True,True,,ICICI Bank User is unexpectedly logged out when clicking on the My Access page in ARCOS RA environment
PAMIT-43178,focus-build,HF12,35.8.29 HF12,Bug,Closed,Done,ShowStopper,ICICI Bank,ICICI Bank Ltd,Server Manager,Server Manager,Password & Credential Lifecycle,title,Password & Credential Lifecycle|Service & Asset Management (CRUD/Bulk),Authentication / Authorization|Boundary Testing,repeated in scope; cross-release,False,No,Windows,,2026-08-16,2026-08-28,,35.8.29 HF12,,PAMIT-42941,16,True,True,,ICICI Bank U16SP2 Incorrect Password Update Behavior for Active and Disabled Services During Bulk Password Update
PAMIT-43179,focus-build,HF12,35.8.29 HF12,Bug,Closed,Done,High,ICICI Bank,ICICI Bank Ltd,Server Manager,Server Manager,Service & Asset Management (CRUD/Bulk),title,Service & Asset Management (CRUD/Bulk)|Input Validation & Error Handling,,repeated in scope; cross-release; config/environment-sensitive; client-reopened,True,Yes,Windows,,2026-08-16,2026-08-29,,35.8.29 HF12,,PAMIT-42920,14,True,True,,ICICI BANK Unable to Modify Service Parameters from Server Manager
PAMIT-43181,focus-build,HF12,35.8.29 HF12,Bug,Closed,Done,High,ICICI Bank,ICICI Bank Ltd,Settings,Settings,Input Validation & Error Handling,title,"Input Validation & Error Handling|Platform Services, Agent & Gateway",Configuration,repeated in scope; cross-release; config/environment-sensitive,True,No,Windows,,2026-08-16,2026-08-28,,35.8.29 HF11 P2|35.8.29 HF12,,PAMIT-42795,13,True,True,,ICICI Bank U16SP2 Unable to Add or Edit Gateway Configuration – “Gateway server already exists” Error
PAMIT-43182,focus-build,HF12,35.8.29 HF12,Bug,Closed,Done,High,ICICI Bank,ICICI Bank Ltd,Server Manager,Server Manager,Service & Asset Management (CRUD/Bulk),title,Service & Asset Management (CRUD/Bulk)|Input Validation & Error Handling,Data Integrity / Consistency,repeated in scope; cross-release,False,No,Windows,,2026-08-16,2026-08-28,,35.8.29 HF11 P2|35.8.29 HF12,PAMIT-24355,PAMIT-42754,12,True,True,AML|MI,ICICI Bank U16SP2 Unable to Modify or Create Service Due to Incorrect “Tag Validation Failed” Error from Manage service
PAMIT-43183,focus-build,HF12,35.8.29 HF12,Bug,Closed,Done,ShowStopper,ICICI Bank,ICICI Bank Ltd,ACMO,ACMO,Session Lifecycle & Connectivity,title,Session Lifecycle & Connectivity,Upgrade / Migration,repeated in scope; cross-release; config/environment-sensitive,True,No,Windows,,2026-08-16,2026-08-28,,35.8.29 HF11 P2|35.8.29 HF12,,PAMIT-42689,9,True,True,tushar,ICICI Bank U16SP2 Server Manager fails to launch from end-user machines
PAMIT-43186,focus-build,HF12,35.8.29 HF12,Bug,Closed,Done,High,ICICI Bank,ICICI Bank Ltd,Server Manager,Server Manager,Service & Asset Management (CRUD/Bulk),title,Service & Asset Management (CRUD/Bulk)|Input Validation & Error Handling,Boundary Testing,repeated in scope; cross-release; config/environment-sensitive,True,No,Windows,,2026-08-16,2026-08-28,35.8.29 HF6,35.8.29 HF11 P2|35.8.29 HF12,PAMIT-24551,PAMIT-40505,3,True,True,,ICICI Bank Bulk import failed with large values in parameter field
PAMIT-43187,focus-build,HF12,35.8.29 HF12,Story,Closed,Done,High,ICICI Bank,ICICI Bank OnPrem – Upgrade,ACMO,ACMO|Settings,API & Integration,title,API & Integration|Vulnerability Assessment (VA / VAPT),Authentication / Authorization|API / Integration,,False,,,Sev-2,2026-08-16,2026-08-31,,35.8.29 HF11 P2|35.8.29 HF11|35.8.29 HF12,PAMIT-24344,PAMIT-39750,,False,True,AML,ICICI Bank U16SP2 VA Password policy is not followed as per the ICICI policy API User
PAMIT-43191,focus-build,HF12,35.8.29 HF12,Security Fix,Client Release,In Progress,High,ICICI Bank,ICICI Bank OnPrem – Upgrade,Access Control,Access Control|Password Vault,Input Validation & Error Handling,title,Input Validation & Error Handling|Vulnerability Assessment (VA / VAPT),Authentication / Authorization|Security|Negative Testing|Environment Compatibility,repeated in scope; cross-module; cross-release,False,No,Windows,,2026-08-16,2026-09-02,,35.8.29 HF7|35.8.29 HF11 P2|35.8.29 HF12,PAMIT-24365,PAMIT-39696,2,True,True,,ICICI Bank U16SP2 VA Application accepts special characters as user inputs
PAMIT-43207,focus-build,?,35.8.29 HF11 P2,Bug,Client Release,In Progress,Medium,TCS Cyber Security,TCS Cyber Security,Settings,Settings,"Access Control, Workflow & Approval",title,"Access Control, Workflow & Approval",Configuration,repeated in scope; cross-release; config/environment-sensitive,True,No,Windows,,2026-08-17,2026-09-02,35.8.29 HF11,35.8.29 HF11 P2,PAMIT-24369,PAMIT-43209,22,True,True,CRITICALP1,TCS CSP U16SP2 Unable to apply command profiler from Settings page
PAMIT-43209,focus-build,HF12,35.8.29 HF12,Bug,Closed,Done,Medium,TCS Cyber Security,TCS Cyber Security,Settings,Settings,"Access Control, Workflow & Approval",title,"Access Control, Workflow & Approval",Configuration,repeated in scope; cross-release; config/environment-sensitive,True,No,Windows,,2026-08-17,2026-08-28,35.8.29 HF11,35.8.29 HF12,PAMIT-24369,PAMIT-43207,22,True,True,,TCS CSP U16SP2 Unable to apply command profiler from Settings page
PAMIT-43224,focus-build,HF13,35.8.29 HF13,Bug,Document Review,In Progress,High,ICICI Bank,ICICI Bank Ltd,Password Vault,Password Vault,Password & Credential Lifecycle,title,Password & Credential Lifecycle,Boundary Testing,repeated in scope; cross-release,False,No,Windows,,2026-08-18,2026-09-03,35.8.29 HF13,35.8.29 HF13,,PAMIT-43154,21,True,True,passwordvault,ICICI BANK VPC Service issue
PAMIT-43255,focus-build,HF13,35.8.29 HF13,Task,Document Review,In Progress,High,Canara Bank,Canara Bank,Password Vault,Password Vault,Password & Credential Lifecycle,description,Password & Credential Lifecycle,,,False,No,Windows,,2026-08-18,2026-09-02,35.8.29 HF13,35.8.29 HF6|35.8.29 HF13,,PAMIT-43210,,False,True,passwordvault,Canara Bank SSH Key Password Restore Failure – 500 Internal Server Error
PAMIT-43295,focus-build,?,35.8.29 HF11 P3,Bug,Dev Review and Testing,To Do,ShowStopper,PSS,PSS,Settings,Settings,Session Lifecycle & Connectivity,title,Session Lifecycle & Connectivity|Reporting & Scheduling|Input Validation & Error Handling,,repeated in scope; cross-release; config/environment-sensitive,True,No,Windows,,2026-08-19,2026-08-31,,35.8.29 HF11 P3,,PAMIT-43403,23,True,True,,UNABLE TO SCHEDULE IDLE USERS REPORT
PAMIT-43354,focus-build,?,35.8.29 HF14,Bug,Open,To Do,High,Canara Bank,Canara Bank,Server Manager,Server Manager,Third-Party Tool & Platform Compatibility,title,Third-Party Tool & Platform Compatibility|Log Viewing & Audit Reports|UI Field & Control Defects,Third-Party Compatibility|Configuration|Upgrade / Migration|Logging / Monitoring|UI / Browser Compatibility,clone-tracked; release-specific (?); client-reopened,False,Yes,Windows,,2026-08-21,2026-08-25,,35.8.29 HF14,,PAMIT-43120,95,True,True,,Canara Bank Service logs Not Visible in Server Manager - 29HF6 MySql
PAMIT-43385,focus-build,HF13,35.8.29 HF13,Sub-task,Closed,Done,Medium,TFG - South Africa,TFG - South Africa,PAM API,PAM API,Service & Asset Management (CRUD/Bulk),title,Service & Asset Management (CRUD/Bulk)|API & Integration,API / Integration,,False,No,,,2026-08-24,2026-08-24,,35.8.29 HF13,PAMIT-42326,,,False,True,,GetUserDetails Api fix Added AZT key in webdt url while fetching service details
PAMIT-43403,focus-build,HF13,35.8.29 HF13,Bug,Document Review,In Progress,ShowStopper,PSS,PSS,Settings,Settings,Session Lifecycle & Connectivity,title,Session Lifecycle & Connectivity|Reporting & Scheduling|Input Validation & Error Handling,,repeated in scope; cross-release; config/environment-sensitive,True,No,Windows,,2026-08-25,2026-09-02,,35.8.29 HF13,,PAMIT-43295,23,True,True,,UNABLE TO SCHEDULE IDLE USERS REPORT
PAMIT-43462,focus-build,?,35.8.29 HF15,Task,Open,To Do,High,IOCL,IOCL,Connector,Connector|SSO,Authentication & Identity Integration,title,Authentication & Identity Integration|Performance & Responsiveness,Third-Party Compatibility|Authentication / Authorization,,False,No,Windows,,2026-08-27,2026-08-31,,35.8.29 HF15,PAMIT-24355,PAMIT-43371,,False,True,,IOCL System Freeze During SSO of MS SQL EM LOCAL Service
PAMIT-43514,focus-build,?,35.8.29 HF14,Task,Open,To Do,ShowStopper,AJIB,AJIB,Connector,Connector,Third-Party Tool & Platform Compatibility,title,Third-Party Tool & Platform Compatibility|Session Lifecycle & Connectivity,Third-Party Compatibility|Session Recording,,True,No,Windows,,2026-08-31,2026-09-03,35.8.29 HF11,35.8.29 HF14,PAMIT-24355,PAMIT-43218,,False,True,CRITICALP1,AJIB U16SP2 App Toad application not working.
PAMIT-43520,focus-build,HF13,35.8.29 HF13,Story,Functional Testing,To Do,High,ICICI Bank,ICICI Bank Ltd,PAM API,PAM API,Password & Credential Lifecycle,title,Password & Credential Lifecycle|API & Integration|Enhancement / Change Request,API / Integration|Configuration|Workflow / Approval|Boundary Testing|Data Integrity / Consistency,,True,,,Sev-2,2026-08-31,2026-09-02,,35.8.29 HF13|35.8.29 HF14,PAMIT-24350,PAMIT-40987,,False,True,CRITICALP1,ICICI Bank API Enhancement for Service Modification and Password Rotation
PAMIT-43526,focus-build,HF13,35.8.29 HF13,Bug,Awaiting Response,In Progress,ShowStopper,AXIS Bank Ltd,AXIS Bank Ltd,Password Vault,Password Vault,Password & Credential Lifecycle,description,Password & Credential Lifecycle|Authentication & Identity Integration|Service & Asset Management (CRUD/Bulk),Authentication / Authorization|Environment Compatibility,one-time; release-specific (HF13); config/environment-sensitive; client-reopened,True,Yes,Windows,,2026-08-31,2026-09-02,35.8.27,35.8.29 HF13,,,96,True,True,,AXIS BANK U16 SP2 B RESTORE PASSWORD THROWS 500 ERROR FOR SSH-KEY BASED SERVICE
PAMIT-43550,focus-build,?,35.8.29 HF11 P3,Task,Open,To Do,ShowStopper,TFG - South Africa,TFG - South Africa,All Modules,All Modules,Uncategorised,none,,Upgrade / Migration,,True,No,Windows,,2026-09-01,2026-09-02,,35.8.29 HF11 P3,,PAMIT-42326,,False,True,CRITICALP1,TFG MULTITAB
PAMIT-43583,focus-build,?,35.8.29 HF11 P3,Story,Open,To Do,High,ITD-MC,ITD-MC-2,Connector,Connector,Enhancement / Change Request,title,Enhancement / Change Request,Authentication / Authorization|Configuration|Logging / Monitoring,,True,,,Sev-0,2026-09-02,2026-09-03,,35.8.29 HF11 P3|35.8.29 HF12,PAMIT-24355,PAMIT-38889,,False,True,AMLIMP|NTD,"ITD-MC-02 Enhancement Client wants to bypass the prompt for logging in using ""PROMPT_USER"""
PAMIT-43596,focus-build,?,35.8.29 HF14,Task,Development Analysis,In Progress,High,Banque Libano-Française(Lebanon),Banque Libano-Française(Lebanon),Connector,Connector,Service & Asset Management (CRUD/Bulk),description,"Service & Asset Management (CRUD/Bulk)|Platform Services, Agent & Gateway",Authentication / Authorization|Configuration,,True,No,Windows,,2026-09-03,2026-09-03,35.8.29 HF5,35.8.29 HF14,PAMIT-24355,PAMIT-41254,,False,True,CRITICALP1|Connector,BLF APP Xshell Login Issue During Automation via PAM U16 SP2
PAMIT-43603,focus-build,?,35.8.29 HF15,Task,Open,To Do,High,VEEFIN,VEEFIN,Connector,Connector,Uncategorised,none,,,,False,No,Windows,,2026-09-03,2026-09-03,,35.8.29 HF15,PAMIT-24355,PAMIT-43292,,False,True,,VEEFIN Unable to run any command on SSH- Getting error
PAMIT-42848,last-30-days,?,35.8.29 HF9,Sub-task,Closed,Done,High,Bank Muscat,Bank Muscat,PAM API,PAM API,Security Hardening & Exposure,title,Security Hardening & Exposure|API & Integration,API / Integration|Security,,False,No,,,2026-08-04,2026-08-05,,35.8.29 HF9,PAMIT-42228,,,False,True,,2 level encryption PAM API
PAMIT-42849,last-30-days,?,,Bug,Closed,Done,ShowStopper,ICICI Bank,ICICI Lombard,ACMO,ACMO,Session Lifecycle & Connectivity,title,Session Lifecycle & Connectivity,UI / Browser Compatibility,,True,Yes,Windows,,2026-08-04,2026-08-31,,,,PAMIT-41635,,True,True,ACMO,ICICI Lombard Unable to access servers from Arcoslite through Thick Client
PAMIT-42852,last-30-days,?,,Bug,Development Analysis,In Progress,High,Centenary Bank,Centenary Bank,Server Manager,Server Manager,Input Validation & Error Handling,title,Input Validation & Error Handling,API / Integration|Configuration|Boundary Testing|Environment Compatibility,,True,No,Windows,,2026-08-04,2026-09-01,,,,,,True,True,,Centenary Bank unable to modify user configuration in server manager
PAMIT-42866,last-30-days,?,,Task,Awaiting Response,In Progress,Medium,Ministry of Interior UAE,Ministry of Interior UAE,Auto onboarding,Auto onboarding,Uncategorised,none,,,,True,No,Windows,,2026-08-05,2026-09-01,,,,,,False,True,,MOI Issue with DNS Resolution During Auto Onboarding
PAMIT-42869,last-30-days,?,,Performance,Closed,Done,ShowStopper,Vodafone,Vodafone,All Modules,All Modules,Performance & Responsiveness,title,Performance & Responsiveness,Authentication / Authorization|Boundary Testing|Environment Compatibility,,False,No,Windows,,2026-08-05,2026-09-01,,,PAMIT-24348,,,True,True,CRITICALP1,VIL – Service Access Slowness
PAMIT-42870,last-30-days,?,,Bug,Awaiting Response,In Progress,High,Invesco India,Invesco India,ACMO,ACMO,Password & Credential Lifecycle,title,Password & Credential Lifecycle,Configuration,,True,No,Windows,,2026-08-05,2026-08-06,,,,,,True,True,,Invesco unable to launch password vault and settings page
PAMIT-42871,last-30-days,?,,Bug,Awaiting Response,In Progress,Medium,Vodafone,Vodafone,PAM - MAC Thick Client,PAM - MAC Thick Client,Third-Party Tool & Platform Compatibility,title,Third-Party Tool & Platform Compatibility,Performance|Boundary Testing|Environment Compatibility,,False,No,Windows,,2026-08-05,2026-09-02,,,PAMIT-24359,,,True,True,CRITICALP1,Vodafone Idea U16 SP2 B35.6 Mac end user system copy paste issue
PAMIT-42872,last-30-days,?,,Bug,Awaiting Response,In Progress,ShowStopper,Shoppers Stop,Shoppers Stop,All Modules,All Modules,Password & Credential Lifecycle,description,Password & Credential Lifecycle|Authentication & Identity Integration|Input Validation & Error Handling,Authentication / Authorization|Logging / Monitoring|Negative Testing,,False,No,Windows,,2026-08-05,2026-08-27,35.8.29 HF7,,,,,True,True,CRITICALP1,SHOPPER'S STOP Frequently User Lockout Issue 8.29
PAMIT-42873,last-30-days,?,,Bug,Closed,Done,ShowStopper,Bank of Abyssinia,Bank of Abyssinia,ACMO,ACMO,Session Recording & Audit Evidence,title,Session Recording & Audit Evidence|Session Lifecycle & Connectivity,Logging / Monitoring|Performance|Data Integrity / Consistency,,True,No,Windows,,2026-08-05,2026-08-18,,,PAMIT-24344,,,True,True,,Bank of Abyssinia ACMO page session log out
PAMIT-42875,last-30-days,?,,Bug,Open,To Do,ShowStopper,Kotak Bank,Kotak Bank New,Server Manager,Server Manager,Third-Party Tool & Platform Compatibility,title,Third-Party Tool & Platform Compatibility|Performance & Responsiveness,Performance|UI / Browser Compatibility|Workflow / Approval|Boundary Testing,,False,No,Windows,,2026-08-05,2026-08-05,,,PAMIT-24551,PAMIT-41975,,True,True,,Kotak Bank New Slowness and UI Freeze During JSON Upload for App Web Browser
PAMIT-42876,last-30-days,?,,Security Fix,Awaiting Response,In Progress,High,Reserve Bank of India,Reserve Bank of India,VA,VA,Vulnerability Assessment (VA / VAPT),title,Vulnerability Assessment (VA / VAPT),,,False,No,Windows,,2026-08-05,2026-08-20,35.8.18 HF9,,,,,True,True,CRITICALP1,RBI U16 SP2 VA Mitigation
PAMIT-42877,last-30-days,?,,Bug,Closed,Done,ShowStopper,Infinitium,Infinitium,Arcon Service / Agent,Arcon Service / Agent,Input Validation & Error Handling,description,Input Validation & Error Handling,Configuration|Negative Testing|Boundary Testing|Environment Compatibility,,True,No,Windows,,2026-08-05,2026-08-13,35.8.29 HF1,,PAMIT-24351,PAMIT-43125,,True,True,CRITICALP1,INFINITIUM CLOUD 29 ERROR IN LMS - RDPDB FULL - pam down
PAMIT-42880,last-30-days,?,,Security Fix,Awaiting Response,In Progress,ShowStopper,Union Bank Of India,Union Bank Of India,VA,VA,Reporting & Scheduling,title,Reporting & Scheduling|Vulnerability Assessment (VA / VAPT),,,True,No,Windows,,2026-08-05,2026-09-03,35.8.24 HF6,,,,,True,True,,Union Bank of India - U16 SP2 Review Required for VA/SCD Report
PAMIT-42881,last-30-days,?,,Sub-task,Closed,Done,Low,Bank Muscat,Bank Muscat,«none»,,Security Hardening & Exposure,title,Security Hardening & Exposure,API / Integration|Security|Boundary Testing,,False,,,,2026-08-05,2026-08-16,,,PAMIT-42228,,,False,True,,2 level encryption SM
PAMIT-42890,last-30-days,?,,Security Fix,Closed,Done,High,SBI Mutual Fund,SBI Mutual Fund,All Modules,All Modules,Security Hardening & Exposure,title,"Security Hardening & Exposure|Platform Services, Agent & Gateway",Configuration|Security,,False,No,RHEL,,2026-08-05,2026-08-10,,,,,,True,True,sgw,Client SBI-MF has raised hardening points which they are planning to deploy on their production Gateway Server.
PAMIT-42893,last-30-days,?,,Bug,Closed,Done,ShowStopper,Godrej & Boyce (Mumbai),Godrej & Boyce (Mumbai),Connector,Connector,Third-Party Tool & Platform Compatibility,title,Third-Party Tool & Platform Compatibility,Authentication / Authorization|UI / Browser Compatibility|Environment Compatibility,,True,No,Windows,,2026-08-05,2026-08-21,,,PAMIT-24355,PAMIT-43345,,True,True,WEBGATEWAY|WebProxy,Godrej & Boyce 29hf11 App Web Browser service not Opening
PAMIT-42894,last-30-days,?,,Bug,Awaiting Response,In Progress,High,Nippon India Mutual Fund,Nippon India Mutual Fund,AGW,AGW,Third-Party Tool & Platform Compatibility,title,Third-Party Tool & Platform Compatibility|Session Lifecycle & Connectivity,Authentication / Authorization|Configuration|Environment Compatibility,,False,Yes,Ubuntu,,2026-08-05,2026-09-02,35.8.29 HF5,,PAMIT-24347,,,True,True,CRITICALP1|Engg_AGW,NIPPON Few RDP servers not working through AGWA 8.29
PAMIT-42897,last-30-days,?,,Bug,Closed,Done,High,SANASA DEVELOPMENT BANK,SANASA DEVELOPMENT BANK,Server Manager,Server Manager,Service & Asset Management (CRUD/Bulk),title,Service & Asset Management (CRUD/Bulk),Authentication / Authorization|Boundary Testing|Environment Compatibility,,True,No,Windows,,2026-08-05,2026-08-17,,,PAMIT-24551,,,True,True,,SDB Bulk Update Issue 29HF11
PAMIT-42901,last-30-days,?,,Bug,Duplicate,Done,ShowStopper,Indusind Bank Ltd,Indusind Bank Ltd,Settings,Settings,"Access Control, Workflow & Approval",title,"Access Control, Workflow & Approval|Session Lifecycle & Connectivity",Configuration|Data Integrity / Consistency,,True,No,Windows,,2026-08-05,2026-08-18,,,,PAMIT-42614,,True,False,CRITICALP1,INDUSIND BANK Command profiler not working from Settings page 8.28
PAMIT-42905,last-30-days,?,,Bug,Closed,Done,Medium,TCS Cyber Security,TCS Cyber Security,Connector,Connector,Third-Party Tool & Platform Compatibility,description,Third-Party Tool & Platform Compatibility,Environment Compatibility,,True,No,Windows,,2026-08-05,2026-09-02,35.8.29 HF9,,PAMIT-24355,,,True,True,CRITICALP1,TCS CSP U16SP2 FreeRDP error on 2011 Windows OS
PAMIT-42912,last-30-days,?,,Bug,Awaiting Response,In Progress,Low,Moro Hub,Moro Hub,ACMO,ACMO,Uncategorised,none,,Authentication / Authorization|Upgrade / Migration|Environment Compatibility,,True,No,Windows,,2026-08-06,2026-09-01,,,,,,True,True,CRITICALP1,Moro Hub PAM login page goes to infinite loading U16SP235.8.29HF11
PAMIT-42913,last-30-days,?,,Bug,Closed,Done,High,TCL Global,TCL Global International,Connector,Connector,Third-Party Tool & Platform Compatibility,title,Third-Party Tool & Platform Compatibility,Third-Party Compatibility|Logging / Monitoring|Environment Compatibility,,True,No,Windows,,2026-08-06,2026-08-25,,,PAMIT-24355,,,True,True,,TCL International PuTTY issue
PAMIT-42914,last-30-days,?,,Bug,Closed,Done,High,ITD-MC,ITD-MC,Server Manager,Server Manager,Service & Asset Management (CRUD/Bulk),title,Service & Asset Management (CRUD/Bulk)|Session Lifecycle & Connectivity,Boundary Testing,,False,No,Windows,,2026-08-06,2026-09-02,,,PAMIT-24551,PAMIT-43038,,True,True,,ITD-MC Bulk Update functionality is not working
PAMIT-42915,last-30-days,?,,Bug,Awaiting Response,In Progress,High,Hinduja Global Solutions,Hinduja Global Solutions,Connector,Connector,Uncategorised,none,,Configuration,,True,No,Windows,,2026-08-06,2026-08-26,,,PAMIT-24355,,,True,True,,Hinduja Global Solutions Unable to launch SQL EM-Local Service using WINATH_USER
PAMIT-42916,last-30-days,?,,Bug,Closed,Done,ShowStopper,CAG (India),CAG (India),Connector,Connector|Password Vault,Password & Credential Lifecycle,title,Password & Credential Lifecycle,Authentication / Authorization|Configuration|Logging / Monitoring|Negative Testing|Environment Compatibility|Data Integrity / Consistency,,False,No,Windows,,2026-08-06,2026-08-25,35.8.29 HF7,,PAMIT-24355,,,True,True,,CAG Service access issues after password vault U16sp235.8.29
PAMIT-42918,last-30-days,?,,Task,Awaiting Response,In Progress,Medium,State bank of India,State bank of India,Server Manager,Server Manager,API & Integration,description,API & Integration,API / Integration,,False,No,Windows,,2026-08-06,2026-08-28,35.8.21 HF4,,PAMIT-24551,,,False,True,CRITICALP1,State bank of India - U16 SP2 - Required biometric for MSO 1300 E3 2M model: MPH-SE002A
PAMIT-42921,last-30-days,?,,Bug,Closed,Done,High,Indusind Bank Ltd,Indusind Bank Ltd,Server Manager,Server Manager,LOB / Organisation Mapping,title,LOB / Organisation Mapping,,,True,No,Windows,,2026-08-06,2026-08-25,,,PAMIT-24551,,,True,True,CRITICALP1,IndusIND BANK 8.28 User not being assigned to LOB
PAMIT-42922,last-30-days,?,,Task,Business Analysis,In Progress,High,ITD-MC,ITD-MC,Integration,Integration,Session Recording & Audit Evidence,title,Session Recording & Audit Evidence,API / Integration|Logging / Monitoring,,False,No,Windows,,2026-08-06,2026-08-31,,,,,,False,True,AML,ITD-MC Client wants the following details in SIEM
PAMIT-42926,last-30-days,?,,Story,Awaiting Session,To Do,High,Splash-BI,Splash-BI,Connector,Connector,Authentication & Identity Integration,description,Authentication & Identity Integration|Reporting & Scheduling|API & Integration,Authentication / Authorization|API / Integration,,False,,,,2026-08-06,2026-08-26,,,PAMIT-24355,PAMIT-23264,,False,True,,U16 SP B35.8.2 Splash BI Excel Plugin Request
PAMIT-42927,last-30-days,?,,APEM Tool,Closed,Done,High,NSDC,NSDC,APEM Tool,APEM Tool,Uncategorised,none,,,,False,No,Windows,,2026-08-06,2026-09-02,,,,,,False,True,,APEM tool required for client -NSDC
PAMIT-42928,last-30-days,?,,Security Fix,Awaiting Response,In Progress,ShowStopper,Union Bank Of India,Union Bank Of India,VA,VA,Vulnerability Assessment (VA / VAPT),title,Vulnerability Assessment (VA / VAPT),,,True,No,Windows,,2026-08-06,2026-09-03,35.8.24 HF6,,,,,True,True,CRITICALP1,Union Bank of India - U16 SP2 Review Required for Raised VA Points
PAMIT-42929,last-30-days,?,,Security Fix,Closed,Done,Medium,Tata Motors-DPD,Tata Motors-DPD,ACMO,ACMO,Vulnerability Assessment (VA / VAPT),title,Vulnerability Assessment (VA / VAPT),,,False,No,Windows,,2026-08-06,2026-08-31,,,,,,True,True,,Tata Motors DPD VA Points
PAMIT-42930,last-30-days,?,,Bug,Closed,Done,High,Diligenta Limited,Diligenta Limited,AGW,AGW,Uncategorised,none,,Environment Compatibility,,False,No,RHEL,,2026-08-06,2026-08-11,35.8.29 HF6|35.8.29 HF3,,PAMIT-24347,,,True,True,Engg_AGW,DILIGENTA SLOC & PHOENIX 29 /24 NOT ABLE TO ACCESS LINUX SERVERS VIA AGWA
PAMIT-42933,last-30-days,?,,Bug,Closed,Done,ShowStopper,Grantthornton,Grantthornton,Server Manager,Server Manager,Service & Asset Management (CRUD/Bulk),description,Service & Asset Management (CRUD/Bulk),,,False,No,Windows,,2026-08-06,2026-09-01,,,PAMIT-24551,,,True,True,,Grant Thornton Issue While Accessing Server Manager
PAMIT-42935,last-30-days,?,,Bug,Closed,Done,High,Moro Hub,Moro Hub,Server Manager,Server Manager,Uncategorised,none,,UI / Browser Compatibility|Boundary Testing,,False,No,Windows,,2026-08-06,2026-08-26,,,,,,True,True,,Moro Hub Server manager UI issue
PAMIT-42938,last-30-days,?,,Story,Business Analysis,In Progress,ShowStopper,AXIS Bank Ltd,AXIS Bank Ltd,UAG,UAG,"Platform Services, Agent & Gateway",title,"Platform Services, Agent & Gateway",,,True,No,Windows,,2026-08-06,2026-09-02,35.8.29 HF11,,PAMIT-24373,,,False,True,CRITICALP1,Axis Bank - U16 SP2 - Required for Filter Options in UAG
PAMIT-42943,last-30-days,?,,Bug,Duplicate,Done,High,ICICI Bank,ICICI Bank Ltd,Password Vault,Password Vault,Password & Credential Lifecycle,title,Password & Credential Lifecycle|Reporting & Scheduling,,,False,No,Windows,,2026-08-07,2026-08-10,,35.8.29 HF6|35.8.29 HF11 P2,,PAMIT-42369,,True,False,,29HF11P1 - ICICI Bank U16SP2 Error (System.OutOfMemoryException) During Password Vault Log Export and Password Envelope Download
PAMIT-42947,last-30-days,?,,Bug,Closed,Done,High,BPAY,BPAY,mac,mac,Third-Party Tool & Platform Compatibility,title,Third-Party Tool & Platform Compatibility|Session Lifecycle & Connectivity,Authentication / Authorization|API / Integration|Environment Compatibility,,False,No,Windows,,2026-08-07,2026-08-17,,,PAMIT-24359,PAMIT-43172,,True,True,,BPAY Windows RDP not accessible from MAC
PAMIT-42952,last-30-days,?,,Task,Awaiting Response,In Progress,ShowStopper,State bank of India,State bank of India,All Modules,All Modules,Performance & Responsiveness,title,Performance & Responsiveness,Authentication / Authorization|Performance|Boundary Testing|Environment Compatibility,,True,No,Windows,,2026-08-07,2026-08-31,35.8.21 HF4,,,,,False,True,CRITICALP1,State bank of India - U16 SP2 - Slowness issue in PAM
PAMIT-42953,last-30-days,?,,Story,Business Analysis,In Progress,High,EFL,EFL,Integration,Integration,Session Recording & Audit Evidence,title,Session Recording & Audit Evidence|API & Integration,API / Integration|Logging / Monitoring|Environment Compatibility,,False,,Windows,,2026-08-07,2026-09-03,35.8.29 HF9,,PAMIT-24348,,,False,True,,EFL U16SP2 SIEM Integration
PAMIT-42954,last-30-days,?,,Bug,Awaiting Response,In Progress,Low,EXPENZING,EXPENZING,Linux Thick Client,Linux Thick Client,Performance & Responsiveness,title,Performance & Responsiveness,Environment Compatibility,,False,No,Windows,,2026-08-07,2026-08-27,,,PAMIT-24374,,,True,True,LTC|kevin,Expenzing Screen Freeze U16SP235.8.24HF3
PAMIT-42955,last-30-days,?,,Bug,Awaiting Response,In Progress,High,Piramal Finance,Piramal Finance,Connector,Connector,Third-Party Tool & Platform Compatibility,title,Third-Party Tool & Platform Compatibility|Authentication & Identity Integration,Authentication / Authorization|UI / Browser Compatibility,,True,No,Windows,,2026-08-07,2026-09-02,,,PAMIT-24355,,,True,True,,Piramal Finance We can view password for App Web Browser during SSO
PAMIT-42960,last-30-days,?,,Task,Patch Shared,To Do,High,VIL IT,VIL IT,Connector,Connector,Authentication & Identity Integration,description,Authentication & Identity Integration,Authentication / Authorization,,True,No,Windows,,2026-08-07,2026-08-31,,,,,,False,True,,VIL IT PgAdmin4 9.17
PAMIT-42963,last-30-days,?,35.8.29 HF11,Bug,Closed,Done,High,DCB Bank Ltd,DCB Bank Ltd,Password Vault,Password Vault,Password & Credential Lifecycle,title,Password & Credential Lifecycle,Upgrade / Migration,,True,No,Windows,,2026-08-07,2026-08-12,,35.8.29 HF11,,,,True,True,,PAM DCB Bank UAT upgrade issue with password change
PAMIT-42964,last-30-days,?,,Bug,Awaiting Response,In Progress,High,Star Health & Allied Insurance Company Limited,Star Health & Allied Insurance Company Limited,Server Manager,Server Manager,Session Recording & Audit Evidence,description,Session Recording & Audit Evidence,Session Recording|Configuration|Logging / Monitoring|Environment Compatibility,,True,No,Windows,,2026-08-07,2026-09-03,,,PAMIT-24551,,,True,True,,Star Health Errors observed for LMS & LAS service in Event Viewer U16SP2B35.8.29HF1
PAMIT-42965,last-30-days,?,,Performance,Awaiting Response,In Progress,ShowStopper,HDB Financial Services Limited,HDB Financial Services Limited,ACMO,ACMO|All Modules,Performance & Responsiveness,title,Performance & Responsiveness,Logging / Monitoring|Performance|Boundary Testing,,False,Yes,Windows,,2026-08-07,2026-08-31,,,,,,True,True,,HDB Finance Intermittent Slowness Issue 8.28
PAMIT-42966,last-30-days,?,,Bug,Closed,Done,Medium,TCS Cyber Security,TCS Cyber Security,AGW,AGW,Authentication & Identity Integration,title,Authentication & Identity Integration,Authentication / Authorization,,True,No,Windows,,2026-08-07,2026-08-10,35.8.29 HF9,,PAMIT-24347,,,True,True,Engg_AGW,TCS CSP U16SP2B. Kerberos authentication failed through AGWA
PAMIT-42967,last-30-days,?,,Bug,Development Analysis,In Progress,ShowStopper,HDB Financial Services Limited,HDB Financial Services Limited,UI,UI,UI Field & Control Defects,title,UI Field & Control Defects,UI / Browser Compatibility,,False,No,Windows,,2026-08-07,2026-08-27,,,,,,True,True,,HDB Finance Requested by Column not Visible 8.28
PAMIT-42972,last-30-days,?,,Bug,Under Observation (No Code Change),In Progress,High,NIBBANK,NIBBANK,ACMO,ACMO,Authentication & Identity Integration,title,"Authentication & Identity Integration|Access Control, Workflow & Approval",Authentication / Authorization|Logging / Monitoring|Workflow / Approval,,False,No,Windows,,2026-08-07,2026-09-02,,,PAMIT-24344,,,True,True,,NIB Time-Based Access Model – Access Denied Issue while Launch SSO
PAMIT-42973,last-30-days,?,,Bug,Closed,Done,High,Bharti Airtel,Bharti Airtel,ACMO,ACMO,Session Lifecycle & Connectivity,description,Session Lifecycle & Connectivity|Input Validation & Error Handling,Logging / Monitoring|Negative Testing,,True,No,Windows,,2026-08-07,2026-08-26,,,,,,True,True,CRITICALP1,Bharti Airtel U16SP B35.8.16 RCA
PAMIT-42974,last-30-days,?,,Story,Business Analysis,In Progress,High,Indus Towers,Indus Towers,Workflow,Workflow,"Access Control, Workflow & Approval",title,"Access Control, Workflow & Approval",Configuration|Workflow / Approval,,False,,,,2026-08-07,2026-08-26,,,,,,False,True,AML|MI,Indus Towers Display Requested Changes in Workflow Approval Matrix
PAMIT-42975,last-30-days,?,,Bug,Awaiting Response,In Progress,ShowStopper,Airtel NBFC,Airtel NBFC,ACMO,ACMO|Workflow,Third-Party Tool & Platform Compatibility,description,Third-Party Tool & Platform Compatibility,Environment Compatibility,,False,No,Windows,,2026-08-07,2026-08-11,,,,,,True,True,,"Airtel NBFC Service Access Request Fails with ""Column Count Doesn't Match Value Count at Row 1"" Error"
PAMIT-42978,last-30-days,?,,Bug,Closed,Done,ShowStopper,Diligenta Limited,Diligenta Limited,AGW,AGW|Connector,Third-Party Tool & Platform Compatibility,description,Third-Party Tool & Platform Compatibility|Authentication & Identity Integration|Input Validation & Error Handling,Third-Party Compatibility|Authentication / Authorization|Upgrade / Migration|Environment Compatibility,,True,No,RHEL,,2026-08-07,2026-08-13,35.8.29 HF6,,PAMIT-24355,,,True,True,Engg_AGW|kevin,DILIGENTA SLOC 29 Failed to Update Input Command into Database error for Linux servers via AGWA
PAMIT-42979,last-30-days,?,,Bug,Awaiting Response,In Progress,ShowStopper,Unity Small Finance Bank,Unity Small Finance Bank,ACMO,ACMO,Authentication & Identity Integration,title,Authentication & Identity Integration|Input Validation & Error Handling,Authentication / Authorization|Configuration|Security|Negative Testing,,True,No,Windows,,2026-08-07,2026-08-31,,,PAMIT-24344,,,True,True,CRITICALP1,Unity Small Finance Bank LDAPS Authentication Failure in PAM – “Invalid User Details” Error U16SP2B35.8.20
PAMIT-42989,last-30-days,?,,Bug,Closed,Done,High,ITD-MC,ITD-MC,Connector,Connector,Authentication & Identity Integration,description,Authentication & Identity Integration,Authentication / Authorization|Environment Compatibility,,True,No,Windows,,2026-08-10,2026-08-10,,,,,,True,True,,ITD-MC App Netnumen HLREMS run.bat file is not downloading in ACM
PAMIT-43002,last-30-days,?,,Performance,Closed,Done,High,Canara Bank,Canara Bank,Connector,Connector,Third-Party Tool & Platform Compatibility,title,Third-Party Tool & Platform Compatibility|Performance & Responsiveness,Third-Party Compatibility|Session Recording|Performance|Environment Compatibility,,False,,,,2026-08-10,2026-08-19,,,PAMIT-24355,,,True,True,,Canara Bank Slow File Transfer Through ARCON Compared to WinSCP
PAMIT-43003,last-30-days,?,,Task,Awaiting Response,In Progress,Medium,Diligenta AWS,Diligenta AWS,ACMO,ACMO,Authentication & Identity Integration,title,Authentication & Identity Integration,Authentication / Authorization|Configuration,,True,No,Windows,,2026-08-10,2026-08-13,,,,,,False,True,,Clarification Required on Azure AD Platform Configuration
PAMIT-43004,last-30-days,?,,Bug,Closed,Done,High,Indusind Bank Ltd,Indusind Bank Ltd,Connector,Connector,Log Viewing & Audit Reports,title,Log Viewing & Audit Reports,Configuration|Logging / Monitoring|Environment Compatibility|Data Integrity / Consistency,,True,No,Windows,,2026-08-10,2026-08-25,,,PAMIT-24355,,,True,True,CRITICALP1,INDUSIND BANK Service Logs Capturing Incorrect Timestamp Due to App & DB Time Zone Mismatch 8.28
PAMIT-43009,last-30-days,?,,Bug,Awaiting Response,In Progress,High,Securities and Exchange Board of India,Securities and Exchange Board of India,Report / Dashboard,Report / Dashboard,Reporting & Scheduling,title,Reporting & Scheduling,Environment Compatibility|Data Integrity / Consistency,,True,No,Windows,,2026-08-10,2026-09-02,,,PAMIT-24366,,,True,True,CRITICALP1,SEBI Last server accessed report has incorrect data
PAMIT-43012,last-30-days,?,,Task,Duplicate,Done,ShowStopper,Bank Muscat,Bank Muscat,Connector,Connector,Uncategorised,none,,Upgrade / Migration,,False,No,Windows,,2026-08-10,2026-09-03,35.8.29 HF9,35.8.29 HF9 Patch1,PAMIT-24355,PAMIT-42652,,False,False,,BM - WINNET functionality to be back merge in 29
PAMIT-43016,last-30-days,?,,Bug,Awaiting Response,In Progress,High,EXIM Bank,EXIM Bank,Report / Dashboard,Report / Dashboard,Reporting & Scheduling,title,Reporting & Scheduling,Upgrade / Migration,,True,No,Windows,,2026-08-10,2026-08-31,35.8.29 HF13,,PAMIT-24366,,,True,True,CRITICALP1,Exim Bank India Cannot see User and Service Mapping Report U16sp235.8.24
PAMIT-43021,last-30-days,?,,Story,Business Analysis,In Progress,Medium,"Royal Hashemite Court, Jordan","Royal Hashemite Court, Jordan",Server Manager,Server Manager,"Access Control, Workflow & Approval",title,"Access Control, Workflow & Approval",Authentication / Authorization,,False,,Windows,,2026-08-10,2026-08-11,,,,,,False,True,,RHC One privilege having two features separation
PAMIT-43022,last-30-days,?,,Bug,Awaiting Session,To Do,High,Ajman Bank,Ajman Bank,Connector,Connector,Authentication & Identity Integration,title,Authentication & Identity Integration|Session Lifecycle & Connectivity,Authentication / Authorization|Upgrade / Migration,,True,No,Windows,,2026-08-10,2026-09-02,,,PAMIT-24355,,,True,True,,Ajman Bank 29HF11 App PGAdmin4 SSO not working
PAMIT-43028,last-30-days,?,,Security Fix,Awaiting Response,In Progress,High,Kotak Bank,Kotak Bank New,VA,VA,Vulnerability Assessment (VA / VAPT),title,Vulnerability Assessment (VA / VAPT),Configuration|Upgrade / Migration|Security|Environment Compatibility,,True,No,RHEL,,2026-08-10,2026-08-31,,,,,,True,True,Engg_AGW,"KOTAK BANK NEW AGWA - Upgrade OpenSSL, Curl/libcurl and FFmpeg packages on CA-VA Hosts"
PAMIT-43037,last-30-days,?,,Bug,Development Analysis,In Progress,ShowStopper,Adrenalin eSystem Limited,Adrenalin eSystem Limited,Connector,Connector|Server Manager,"Access Control, Workflow & Approval",title,"Access Control, Workflow & Approval|Session Lifecycle & Connectivity",Third-Party Compatibility|Configuration,,True,No,Windows,,2026-08-10,2026-09-01,35.8.24 HF8,,PAMIT-24355,,,True,True,CRITICALP1,Adrenalin U16 SP2 One-Sided Clipboard Restriction Not Working with Command Profiler on EM Local Service
PAMIT-43038,last-30-days,?,,Bug,Rejected,Done,High,ITD-MC,ITD-MC,Server Manager,Server Manager,Service & Asset Management (CRUD/Bulk),title,Service & Asset Management (CRUD/Bulk)|Session Lifecycle & Connectivity,Boundary Testing,,False,No,Windows,,2026-08-10,2026-08-31,,,,PAMIT-42914,,True,False,,ITD-MC Bulk Update functionality is not working
PAMIT-43039,last-30-days,?,,Story,Open,To Do,High,Vodafone,Vodafone,SSO,SSO,"Platform Services, Agent & Gateway",description,"Platform Services, Agent & Gateway",,,False,,,,2026-08-11,2026-08-21,,,PAMIT-24981,,,False,True,,VIL - Request for Additional Functions in Web Proxy JSONs
PAMIT-43040,last-30-days,?,,Bug,Closed,Done,High,BPAY,BPAY,Connector,Connector,Input Validation & Error Handling,title,Input Validation & Error Handling,UI / Browser Compatibility|Negative Testing,,False,No,Windows,,2026-08-11,2026-08-17,,,PAMIT-24355,PAMIT-42214,,True,True,,BPAY Object reference not set to an instance of an object
PAMIT-43041,last-30-days,?,,Bug,Under Observation (No Code Change),In Progress,ShowStopper,Airtel NBFC,Airtel NBFC,Workflow,Workflow,"Access Control, Workflow & Approval",title,"Access Control, Workflow & Approval",Configuration|Workflow / Approval,,True,No,Windows,,2026-08-11,2026-08-31,,,EIT-2246,,,True,True,,Airtel NBFC Requester Receiving Redundant Emails in Approval Workflow
PAMIT-43042,last-30-days,?,35.8.29 HF11,Bug,Closed,Done,Medium,AJIB,AJIB,Password Vault,Password Vault,Reporting & Scheduling,title,Reporting & Scheduling,,,True,No,Windows,,2026-08-11,2026-08-12,35.8.29 HF11,35.8.29 HF11,PAMIT-24364,,,True,True,CRITICALP1,AJIB U16SP2 Password Envelope showing gibberish data
PAMIT-43043,last-30-days,?,,Bug,Awaiting Response,In Progress,High,NIIF,NIIF,ACMO,ACMO|Server Manager,Session Lifecycle & Connectivity,title,Session Lifecycle & Connectivity,,,True,No,Windows,,2026-08-11,2026-09-02,,,,,,True,True,tushar,NIIF U16SP2B35.8.29HF9 Server Manager Fails to Launch After Several Days of Implementation
PAMIT-43044,last-30-days,?,,Task,Awaiting Response,In Progress,Medium,NIIF,NIIF,Server Manager,Server Manager,"Access Control, Workflow & Approval",title,"Access Control, Workflow & Approval",Session Recording|Configuration,,False,No,Windows,,2026-08-11,2026-09-03,,,,,,False,True,,NIIF IFL SFTP Command Disabled After Command Profiler Mapping
PAMIT-43048,last-30-days,?,,Bug,Closed,Done,High,Gamut,Gamut,Connector,Connector,Session Lifecycle & Connectivity,description,Session Lifecycle & Connectivity,Logging / Monitoring,,True,Yes,Windows,,2026-08-11,2026-08-20,35.8.29 HF3,,PAMIT-24355,,,True,True,CRITICALP1,Gamut App MongoDB Studio 3T Automation stopped working U16 SP2
PAMIT-43052,last-30-days,?,,Task,Closed,Done,ShowStopper,ICICI Bank,ICICI Bank - Cloud,Arcon Service / Agent,Arcon Service / Agent,Uncategorised,none,,Environment Compatibility,,True,No,Windows,,2026-08-11,2026-08-12,35.8.29,,,,,False,True,Service,ICICI cloud Need a .msi setup file for Log Manager 0-9 U16 SP2
PAMIT-43054,last-30-days,?,,Security Fix,Awaiting Response,In Progress,ShowStopper,Union Bank Of India,Union Bank Of India,VA,VA,Reporting & Scheduling,title,Reporting & Scheduling|Vulnerability Assessment (VA / VAPT),,,True,No,Windows,,2026-08-11,2026-09-03,35.8.24 HF6,,,,,True,True,,Union Bank of India - U16 SP2 Review Required for VA Report
PAMIT-43056,last-30-days,?,,Bug,Under Observation (No Code Change),In Progress,High,Torrent Power,Torrent Power,Connector,Connector,Third-Party Tool & Platform Compatibility,title,"Third-Party Tool & Platform Compatibility|Platform Services, Agent & Gateway",Session Recording|Configuration|UI / Browser Compatibility|Environment Compatibility,,True,Yes,Windows,,2026-08-11,2026-08-31,,,PAMIT-24355,PAMIT-30102,,True,True,WEBGATEWAY|WebProxy,Torrent Power Web Gateway App Web Browser Issue
PAMIT-43058,last-30-days,?,35.8.28,Bug,Awaiting Response,In Progress,ShowStopper,Ministry of Finance,Ministry of Finance,Knight Analytics,Knight Analytics,Uncategorised,none,,,,True,No,RHEL,,2026-08-11,2026-08-28,,,PAMIT-24358,,,True,True,ENGG_TEAM|Engg_August26|kalpesh,Ministry of Finance- Uganda Knight Analytics not picking up data
PAMIT-43060,last-30-days,?,,Security Fix,Closed,Done,High,INFINET,INFINET,VA,VA,Vulnerability Assessment (VA / VAPT),title,Vulnerability Assessment (VA / VAPT),,,False,No,Windows,,2026-08-11,2026-08-20,35.8.24 HF4,,,,,True,True,,IFTAS INFINET VA U16 SP2
PAMIT-43062,last-30-days,?,,Security Fix,Awaiting Response,In Progress,High,IFTAS,IFTAS,VA,VA,Vulnerability Assessment (VA / VAPT),title,Vulnerability Assessment (VA / VAPT),,,False,No,Windows,,2026-08-11,2026-08-20,,,,,,True,True,,IFTAS VA 24_HF7
PAMIT-43063,last-30-days,?,,Security Fix,Awaiting Response,In Progress,ShowStopper,HDB Financial Services Limited,HDB Financial Services Limited,VA,VA,"Platform Services, Agent & Gateway",title,"Platform Services, Agent & Gateway|Vulnerability Assessment (VA / VAPT)",Configuration|Upgrade / Migration,,True,No,Windows,,2026-08-11,2026-08-31,,,PAMIT-24355,,,True,True,,HDB Finance Gateway VA's patching 8.28
PAMIT-43064,last-30-days,?,,Bug,Closed,Done,High,Ujjivan Financial Services,Ujjivan Financial Services,Connector,Connector,Password & Credential Lifecycle,description,"Password & Credential Lifecycle|Access Control, Workflow & Approval",Authentication / Authorization|Workflow / Approval,,False,No,Windows,,2026-08-11,2026-08-31,35.8.24 HF11,,PAMIT-24355,PAMIT-42473,,True,True,,Ujjivan Small Finance Bank Cisco Catalyst Center Autologin issue U16 SP2
PAMIT-43068,last-30-days,?,,Bug,Development Analysis,In Progress,Medium,Star Health & Allied Insurance Company Limited,Star Health & Allied Insurance Company Limited,Server Manager,Server Manager,Session Recording & Audit Evidence,title,Session Recording & Audit Evidence,Session Recording|UI / Browser Compatibility|Environment Compatibility,,False,No,Windows,,2026-08-12,2026-09-03,,,PAMIT-24551,,,True,True,,Star Health Video Logs issue
PAMIT-43076,last-30-days,?,,Bug,Awaiting Response,In Progress,ShowStopper,Bombay Stock Exchange Limited,Bombay Stock Exchange Limited,Arcon Service / Agent,Arcon Service / Agent,Uncategorised,none,,,,False,No,Windows,,2026-08-12,2026-08-20,,,PAMIT-24372,,,True,True,,BSE Thick Client Loading for specific service account U16 SP2 B35.8.22
PAMIT-43077,last-30-days,?,,Bug,Closed,Done,ShowStopper,ICICI Bank,ICICI Prudential,Connector,Connector,Uncategorised,none,,,,False,No,Windows,,2026-08-12,2026-08-18,35.8.29 HF5,,PAMIT-24355,,,True,True,,ICICI Prudential - U16 SP2 Issue in AS400 Connector
PAMIT-43082,last-30-days,?,,Security Fix,Development Analysis,In Progress,High,Indusind Bank Ltd,Indusind Bank Ltd,VA,VA,"Platform Services, Agent & Gateway",title,"Platform Services, Agent & Gateway|Vulnerability Assessment (VA / VAPT)",Security,,False,No,Windows,,2026-08-12,2026-09-01,35.8.28,,,,,True,True,,IndusInd Bank Arcos VA identified on App and AGW U16 SP2
PAMIT-43083,last-30-days,?,,Bug,Closed,Done,High,AYE FINANCE - ESDS,AYE FINANCE - ESDS,Connector,Connector,Session Lifecycle & Connectivity,title,Session Lifecycle & Connectivity,Session Recording|Authentication / Authorization|Configuration,,True,No,Windows,,2026-08-12,2026-08-26,35.8.29 HF2,,PAMIT-24355,,,True,True,CRITICALP1,Aye Finance (SAAS) Unable to access AWB service U16 SP2
PAMIT-43086,last-30-days,?,Backlog,Story,Awaiting Response,In Progress,High,Tata Digital,Tata Digital,«none»,,Session Recording & Audit Evidence,description,"Session Recording & Audit Evidence|Platform Services, Agent & Gateway",Session Recording|Environment Compatibility,,False,,Windows,Sev-1,2026-08-12,2026-08-28,,,PAMIT-24355,,,False,True,,TATA Digital Redis Insight connector
PAMIT-43088,last-30-days,?,,Bug,Closed,Done,Medium,TTSL,TTSL,AGW,AGW,"Platform Services, Agent & Gateway",description,"Platform Services, Agent & Gateway",,,True,No,Ubuntu,,2026-08-12,2026-08-17,,,,,,True,True,Engg_AGW,AGWA Installation - TTSL
PAMIT-43089,last-30-days,?,,Story,Business Analysis,In Progress,High,Tata Digital,Tata Digital,Connector,Connector,Third-Party Tool & Platform Compatibility,title,Third-Party Tool & Platform Compatibility|Connector Development & New Integration,Session Recording|Environment Compatibility,,True,,,,2026-08-12,2026-09-03,,,PAMIT-24355,,,False,True,,TATA Digital Freelens connector for MAC
PAMIT-43092,last-30-days,?,,Bug,Closed,Done,ShowStopper,IDBI Bank,IDBI Bank,Server Manager,Server Manager,Input Validation & Error Handling,title,Input Validation & Error Handling,Session Recording|Upgrade / Migration|UI / Browser Compatibility|Data Integrity / Consistency,,True,No,Windows,,2026-08-12,2026-08-24,35.8.29 HF11,,PAMIT-24551,,,True,True,CRITICALP1|Server-Manager,IDBI Bank Unable to create and assign service from server manager U16 SP2
PAMIT-43093,last-30-days,?,,Bug,Closed,Done,Medium,Sammaan Capital Phase-1,Sammaan Capital Phase-1,VA,VA,Vulnerability Assessment (VA / VAPT),title,Vulnerability Assessment (VA / VAPT),Security,,False,No,Windows,,2026-08-12,2026-08-26,,,,,,True,True,,Sammaan Capital VA Points Review
PAMIT-43096,last-30-days,?,,Bug,Closed,Done,High,SBI Cards,SBI Cards,Server Manager,Server Manager,LOB / Organisation Mapping,title,LOB / Organisation Mapping,Upgrade / Migration,,True,No,Windows,,2026-08-12,2026-08-13,,,PAMIT-24551,,,True,True,,SBI Card LOB Sort name showing blank after upgrade
PAMIT-43098,last-30-days,?,,Bug,Closed,Done,High,Securities and Exchange Board of India,Securities and Exchange Board of India,Connector,Connector,Third-Party Tool & Platform Compatibility,title,Third-Party Tool & Platform Compatibility,Third-Party Compatibility|Logging / Monitoring|Environment Compatibility,,True,No,Windows,,2026-08-12,2026-08-26,,,PAMIT-24355,,,True,True,,SEBI Unable to open ARCON Dbeaver
PAMIT-43102,last-30-days,?,,Bug,Closed,Done,ShowStopper,Hindustan Petroleum Corporation Limited,Hindustan Petroleum Corporation Limited,Mobile Application,Mobile Application,"Access Control, Workflow & Approval",title,"Access Control, Workflow & Approval",Authentication / Authorization|Configuration|Workflow / Approval,,True,Yes,Windows,,2026-08-12,2026-08-31,,,PAMIT-24360,,,True,True,,HPCL In Mobile Applications for Workflow Domain name is nit visible
PAMIT-43103,last-30-days,?,35.8.28,Bug,Closed,Done,High,HDFC SECURITIES,HDFC SECURITIES,Password,Password|Password Vault,API & Integration,title,API & Integration,Authentication / Authorization|API / Integration,,True,No,Windows,,2026-08-12,2026-08-27,,,PAMIT-24364,,,True,True,Password|passwordvault,HDFC SECURITIES U16SP2B35.8.27 DEPENDENCY NOT TRIGGERING FOR API BASED ROTATION
PAMIT-43104,last-30-days,?,,Bug,Awaiting Response,In Progress,High,Ministry of Interior UAE,Ministry of Interior UAE,ACMO,ACMO|AGW,Service & Asset Management (CRUD/Bulk),description,Service & Asset Management (CRUD/Bulk)|Input Validation & Error Handling,Configuration|Logging / Monitoring|Negative Testing|Environment Compatibility,,True,,,,2026-08-12,2026-09-02,,,,,,True,True,CRITICALP1|Engg_AGW|tushar,MOI Facing issue with AGWA
PAMIT-43112,last-30-days,?,,Story,Awaiting Response,In Progress,ShowStopper,Ratnakar Bank Ltd,Ratnakar Bank Ltd,All Modules,All Modules,Enhancement / Change Request,title,Enhancement / Change Request,Configuration|Environment Compatibility,,True,,,,2026-08-13,2026-08-13,,,,,,False,True,AML|GTH,RATNAKAR BANK LIMITED NEW REQUIREMENT
PAMIT-43113,last-30-days,?,,Bug,Awaiting Response,In Progress,High,Kotak Bank,Kotak Bank New,Server Manager,Server Manager,Reporting & Scheduling,description,Reporting & Scheduling|Input Validation & Error Handling,Authentication / Authorization|Configuration,,False,No,Windows,,2026-08-13,2026-09-02,,,PAMIT-24551,,,True,True,,Kotak Bank New PAM Users Not Moving to Dormant State After 21 Days
PAMIT-43115,last-30-days,?,,Task,Open,To Do,ShowStopper,Kotak Bank,Kotak Bank New,PAM MS API,PAM MS API,Uncategorised,none,,Configuration|Logging / Monitoring|Boundary Testing,,False,No,Windows,,2026-08-13,2026-08-20,,,,,,False,True,,Kotak Bank New Excessive Log File Generation Consuming Disk Space on ARCOS App Servers
PAMIT-43116,last-30-days,?,,Task,Development Analysis,In Progress,High,HOWDEN,HOWDEN,Connector,Connector,Uncategorised,none,,API / Integration,,False,No,Windows,,2026-08-13,2026-09-02,,,PAMIT-24355,,,False,True,,Howden Godaddy- App web Service issue
PAMIT-43117,last-30-days,?,,Bug,Closed,Done,High,Canara Bank,Canara Bank,Server Manager,Server Manager,Third-Party Tool & Platform Compatibility,title,Third-Party Tool & Platform Compatibility,Third-Party Compatibility|Configuration|Upgrade / Migration,,True,,,,2026-08-13,2026-08-24,,,,,,True,True,,Canara Bank Unable to enable service from Server Manager 29HF6 MySql
PAMIT-43118,last-30-days,?,,Story,Business Analysis,In Progress,High,Angel broking,Angel broking,Server Manager,Server Manager,UI Field & Control Defects,description,UI Field & Control Defects,UI / Browser Compatibility,,True,No,Windows,,2026-08-13,2026-09-03,,,,,,False,True,CRITICALP1,Angelone U16SP2 B35.8.28 Admin to Client User Modification Log Issue
PAMIT-43119,last-30-days,?,,Bug,Closed,Done,Medium,Kotak Bank,Kotak Bank New,Connector,Connector,Authentication & Identity Integration,description,"Authentication & Identity Integration|Access Control, Workflow & Approval",Authentication / Authorization|Upgrade / Migration|Workflow / Approval,,True,No,Windows,,2026-08-13,2026-09-02,35.8.29 HF5,,PAMIT-24355,,,True,True,,"KOTAK BANK NEW pgAdmin 9.11 is currently not supported in , resulting in automation failure."
PAMIT-43120,last-30-days,?,,Bug,Closed,Done,High,Canara Bank,Canara Bank,Server Manager,Server Manager,Third-Party Tool & Platform Compatibility,title,Third-Party Tool & Platform Compatibility|Log Viewing & Audit Reports|UI Field & Control Defects,Third-Party Compatibility|Configuration|Upgrade / Migration|Logging / Monitoring|UI / Browser Compatibility,,False,Yes,Windows,,2026-08-13,2026-08-24,,,,PAMIT-43354,,True,True,,Canara Bank Service logs Not Visible in Server Manager - 29HF6 MySql
PAMIT-43121,last-30-days,?,,Bug,Business Analysis,In Progress,High,AXIS Bank Ltd,AXIS Bank Ltd,Report / Dashboard,Report / Dashboard|Server Manager,Reporting & Scheduling,description,Reporting & Scheduling,,,False,No,Windows,,2026-08-13,2026-08-31,35.8.29 HF11,,PAMIT-24551,,,True,True,AML,Axis Bank - U16 SP2 - Incorrect valid till date
PAMIT-43122,last-30-days,?,,Task,Closed,Done,High,HOWDEN,HOWDEN,Arcon Service / Agent,Arcon Service / Agent,Session Recording & Audit Evidence,title,Session Recording & Audit Evidence,Session Recording|Performance|Data Integrity / Consistency,,False,No,Windows,,2026-08-13,2026-09-01,,,PAMIT-24351,,,False,True,,Howden Video Logs not uploading in Azure S3
PAMIT-43123,last-30-days,?,,Sub-task,RCA/Resolution Review,In Progress,High,Vodafone,Vodafone,«none»,,Authentication & Identity Integration,title,Authentication & Identity Integration,Authentication / Authorization,,False,,,,2026-08-13,2026-09-02,,,PAMIT-42480,PAMIT-42480,,False,True,CRITICALP1,VIL Aruba Web Proxy SSO Issue
PAMIT-43124,last-30-days,?,,Sub-task,RCA/Resolution Review,In Progress,High,Vodafone,Vodafone,«none»,,Authentication & Identity Integration,title,Authentication & Identity Integration,Authentication / Authorization,,False,,,,2026-08-13,2026-09-02,,,PAMIT-42480,PAMIT-42480,,False,True,CRITICALP1,VIL CISCO Web App Web Proxy SSO Issue
PAMIT-43125,last-30-days,?,,Bug,Open,To Do,ShowStopper,Infinitium,Infinitium,Arcon Service / Agent,Arcon Service / Agent,Input Validation & Error Handling,description,Input Validation & Error Handling,Configuration|Negative Testing|Boundary Testing|Environment Compatibility,,True,No,Windows,,2026-08-13,2026-08-13,35.8.29 HF1,,PAMIT-24351,PAMIT-42877,,True,True,,INFINITIUM CLOUD 29 ERROR IN LMS - RDPDB FULL - pam down
PAMIT-43127,last-30-days,?,,Bug,Development Analysis,In Progress,High,Renew,Renew,Server Manager,Server Manager,Uncategorised,none,,,,False,No,Windows,,2026-08-13,2026-09-02,,,,,,True,True,CRITICALP1,Renew SPC got disabled unexpectedly in server manger
PAMIT-43128,last-30-days,?,,Bug,Closed,Done,High,Ajman Bank,Ajman Bank,Server Manager,Server Manager,Service & Asset Management (CRUD/Bulk),title,Service & Asset Management (CRUD/Bulk),,,True,No,Windows,,2026-08-13,2026-08-24,,,PAMIT-24355,,,True,True,,Ajman Bank Request to add service parameters in server manager
PAMIT-43129,last-30-days,?,,Bug,Awaiting Session,To Do,ShowStopper,Vodafone,Vodafone,SSO,SSO,Third-Party Tool & Platform Compatibility,description,Third-Party Tool & Platform Compatibility,UI / Browser Compatibility,,False,,,,2026-08-13,2026-09-03,,,PAMIT-24981,,,True,True,,VIL - Frequent Disconnection on Edge via Web Proxy
PAMIT-43134,last-30-days,?,,Bug,Awaiting Response,In Progress,ShowStopper,Indusind Bank Ltd,Indusind Bank Ltd,ACMO,ACMO,Password & Credential Lifecycle,description,Password & Credential Lifecycle,Authentication / Authorization|Configuration|UI / Browser Compatibility|Data Integrity / Consistency,,True,No,Windows,,2026-08-13,2026-08-31,,,PAMIT-24344,,,True,True,CRITICALP1,INDUSIND BANK Issue in PAM Plugin 8.28
PAMIT-43142,last-30-days,?,,Bug,Awaiting Response,In Progress,High,Yes Securities,Yes Securities,Connector,Connector,"Access Control, Workflow & Approval",description,"Access Control, Workflow & Approval|Session Lifecycle & Connectivity|UI Field & Control Defects",Configuration|UI / Browser Compatibility,,True,No,Windows,,2026-08-13,2026-09-03,,,PAMIT-24355,,,True,True,,Yes securities Issue with manage command - redirect drives & clipboard
PAMIT-43143,last-30-days,?,,Bug,Closed,Done,High,Janalakshmi Financial Services,Janalakshmi Financial Services,ACMO,ACMO|Report / Dashboard,Reporting & Scheduling,title,Reporting & Scheduling,Authentication / Authorization|Configuration|Data Integrity / Consistency,,True,No,Windows,,2026-08-13,2026-09-02,35.8.29 HF13,,,,,True,True,CRITICALP1,Dual Factor Auth Configuration Report Issue Jana Bank 24
PAMIT-43144,last-30-days,?,,Bug,Awaiting Response,In Progress,High,Ajman Bank,Ajman Bank,Server Manager,Server Manager,Security Hardening & Exposure,description,"Security Hardening & Exposure|Authentication & Identity Integration|Session Lifecycle & Connectivity|Platform Services, Agent & Gateway",Authentication / Authorization|Configuration|Security,,False,No,Windows,,2026-08-13,2026-09-01,,,PAMIT-24551,,,True,True,CRITICALP1,Ajman Bank Script Manager server not connecting
PAMIT-43150,last-30-days,?,,Bug,Closed,Done,ShowStopper,Ajman Bank,Ajman Bank,Server Manager,Server Manager,Service & Asset Management (CRUD/Bulk),title,Service & Asset Management (CRUD/Bulk)|Session Lifecycle & Connectivity,Performance|Boundary Testing,,False,No,Windows,,2026-08-13,2026-09-03,,,PAMIT-24551,PAMIT-43507,,True,True,CRITICALP1,Ajman Bank 29HF11 Bulk Update not working 'Cannot perform the operations. Please try again later'
PAMIT-43151,last-30-days,?,35.8.24 HF12,Task,Awaiting Response,In Progress,ShowStopper,Bank of Maharashtra,Bank of Maharashtra,Password,Password,Password & Credential Lifecycle,description,"Password & Credential Lifecycle|Platform Services, Agent & Gateway",Configuration|Environment Compatibility,,False,No,Windows,,2026-08-13,2026-08-20,,,,,,False,True,CRITICALP1,SSH Services password vaulting
PAMIT-43152,last-30-days,?,,Story,Awaiting Response,In Progress,High,IFTAS,IFTAS,ACMO,ACMO|Server Manager|Settings,Input Validation & Error Handling,description,Input Validation & Error Handling,Upgrade / Migration,,False,No,Windows,,2026-08-13,2026-08-31,,,,,,False,True,AML,IFTAS Feasibility Assessment – AD UPN Change and PAM User Synchronization
PAMIT-43158,last-30-days,?,,Bug,Awaiting Response,In Progress,Medium,Yes Securities,Yes Securities,Connector,Connector,Third-Party Tool & Platform Compatibility,title,Third-Party Tool & Platform Compatibility,Environment Compatibility,,True,No,Windows,,2026-08-14,2026-08-18,,,PAMIT-24355,,,True,True,Connector,Yes Securities Windows RDP Resolution seems blur/faded
PAMIT-43160,last-30-days,?,,Bug,Awaiting Response,In Progress,ShowStopper,Bkash,Bkash,Connector,Connector,Third-Party Tool & Platform Compatibility,title,Third-Party Tool & Platform Compatibility,Third-Party Compatibility|Session Recording|Performance|Environment Compatibility,,False,No,Windows,,2026-08-14,2026-08-25,,,PAMIT-24355,,,True,True,,PuTTY Session Lag When Initiated Through PAM from End-User Machine Bkash
PAMIT-43161,last-30-days,?,,Task,Development Analysis,In Progress,High,Yes Securities,Yes Securities,MySQl Database,MySQl Database,Third-Party Tool & Platform Compatibility,description,Third-Party Tool & Platform Compatibility|Performance & Responsiveness,Third-Party Compatibility|Performance|Environment Compatibility,,False,No,Windows,,2026-08-14,2026-08-24,,,,,,False,True,,Yes securities (SaaS)- DB utilization is high
PAMIT-43162,last-30-days,?,,Bug,Closed,Done,High,CCIL,CCIL,Arcon Service / Agent,Arcon Service / Agent,Security Hardening & Exposure,description,Security Hardening & Exposure|Input Validation & Error Handling,Configuration|Security|Environment Compatibility,,True,,,,2026-08-14,2026-09-01,,,PAMIT-24351,,,True,True,,CCIL IFSC Facing an error with the Alert Service while sending emails via SMTP
PAMIT-43166,last-30-days,?,,Bug,Closed,Done,High,Yes Securities,Yes Securities,Server Manager,Server Manager,Uncategorised,none,,Configuration,,True,No,Windows,,2026-08-14,2026-08-21,,,PAMIT-24551,,,True,True,,Yes securities - Log Archival issue
PAMIT-43167,last-30-days,?,,Bug,Awaiting Response,In Progress,High,Moro Hub,Moro Hub,Arcon Service / Agent,Arcon Service / Agent,Session Recording & Audit Evidence,description,Session Recording & Audit Evidence|Service & Asset Management (CRUD/Bulk)|UI Field & Control Defects,API / Integration|Logging / Monitoring,,False,No,Windows,,2026-08-14,2026-09-01,,,,,,True,True,,Moro Hub SEIM Envision table showing Missing value
PAMIT-43168,last-30-days,?,,Bug,Awaiting Session,To Do,High,DGW,DGW,Workflow,Workflow,"Access Control, Workflow & Approval",title,"Access Control, Workflow & Approval",Logging / Monitoring|Workflow / Approval|Negative Testing,,False,No,Windows,,2026-08-14,2026-09-02,,,EIT-2246,,,True,True,,DGW Unable to approve Service Access Request via link on email notification
PAMIT-43169,last-30-days,?,,Bug,Awaiting Response,In Progress,Low,NLB Services,NLB Services,Arcon Service / Agent,Arcon Service / Agent,API & Integration,description,API & Integration,API / Integration|Environment Compatibility,,True,No,Windows,,2026-08-14,2026-08-27,,,,,,True,True,CRITICALP1,Not able to convert logs using Cloud Log Archiver
PAMIT-43171,last-30-days,?,,Bug,Closed,Done,ShowStopper,Yes Securities,Yes Securities,Settings,Settings,Uncategorised,none,,Configuration,,True,No,Windows,,2026-08-14,2026-08-19,,,,,,True,True,,Yes Securities Error in Enabling Service Type in Admin Settings
PAMIT-43172,last-30-days,?,,Bug,Awaiting Response,In Progress,High,BPAY,BPAY,PAM - MAC Thick Client,PAM - MAC Thick Client,Third-Party Tool & Platform Compatibility,title,Third-Party Tool & Platform Compatibility|Session Lifecycle & Connectivity,Authentication / Authorization|Configuration|Environment Compatibility,,True,No,Windows,,2026-08-14,2026-08-24,,,PAMIT-24359,PAMIT-42947,,True,True,,BPAY Mac Issue - RDP not accessible 4.8.5.0_U16SP2_B35.8.22
PAMIT-43173,last-30-days,?,,Security Fix,Development Analysis,In Progress,High,HOWDEN,HOWDEN,Research,Research,Security Hardening & Exposure,title,Security Hardening & Exposure,Security,,False,No,Windows,,2026-08-14,2026-08-31,,,,,,True,True,,HOWDEN vulnerabilities
PAMIT-43174,last-30-days,?,,Bug,Awaiting Response,In Progress,ShowStopper,Bank Of India,Bank Of India,Password Vault,Password Vault,Password & Credential Lifecycle,title,Password & Credential Lifecycle|UI Field & Control Defects,UI / Browser Compatibility|Boundary Testing|Environment Compatibility,,False,Yes,Windows,,2026-08-15,2026-08-25,,,,,,True,True,CRITICALP1,Bank Of India Issue with Password Vault Logs Not Visible After Manual Password Rotation
PAMIT-43177,last-30-days,?,,Bug,Rejected,Done,High,ICICI Bank,ICICI Bank Ltd,Arcon Service / Agent,Arcon Service / Agent,Password & Credential Lifecycle,title,"Password & Credential Lifecycle|Platform Services, Agent & Gateway",Configuration,,True,No,Windows,,2026-08-16,2026-08-17,35.8.29 HF11,,PAMIT-24364,PAMIT-42942,,True,False,CRITICALP1,P2 - ICICI Bank IPC Service Not Triggering Password Closure for Certain Services After Password Open Activity
PAMIT-43180,last-30-days,?,,Bug,Rejected,Done,High,ICICI Bank,ICICI Bank Ltd,UAG,UAG,"Platform Services, Agent & Gateway",title,"Platform Services, Agent & Gateway",Environment Compatibility,,True,No,Windows,,2026-08-16,2026-08-17,,,PAMIT-24373,PAMIT-42895,,True,False,,ICICI Bank UAG Review Page Refresh Error-500
PAMIT-43193,last-30-days,?,35.8.29 HF11,Task,Awaiting Response,In Progress,High,Aurus Inc,Aurus Inc,Password Vault,Password Vault,Password & Credential Lifecycle,title,Password & Credential Lifecycle,Configuration|Upgrade / Migration,,True,No,Windows,,2026-08-17,2026-08-17,,35.8.29 HF11,PAMIT-24365,,,False,True,,Aurus Inc - Password Vault issue
PAMIT-43198,last-30-days,?,,Bug,Closed,Done,Medium,London Stock Exchange (TCS),London Stock Exchange (TCS),Connector,Connector,Session Lifecycle & Connectivity,title,Session Lifecycle & Connectivity,Session Recording|Logging / Monitoring,,False,No,Windows,,2026-08-17,2026-08-19,,,,,,True,True,,LSE Services Not Accessible and Session Launch Failure
PAMIT-43203,last-30-days,?,,Story,Solution Analysis,In Progress,High,Indian Army,Indian Army,All Modules,All Modules,Enhancement / Change Request,title,Enhancement / Change Request,Configuration,,True,,,,2026-08-17,2026-08-28,,,PAMIT-24348,PAMIT-20169|PAMIT-5808,,False,True,AML|GTH,IITM - IAM (Indian Army) Enhancement IPv4 to IPv6
PAMIT-43205,last-30-days,?,,Task,Duplicate,Done,High,SBI Cards,SBI Cards,Arcon Service / Agent,Arcon Service / Agent|RA,Session Recording & Audit Evidence,description,Session Recording & Audit Evidence,Session Recording|Environment Compatibility,,True,No,Windows,,2026-08-17,2026-08-18,,,,,,False,False,,SBI Cards U5SP2HF4 Required Python DB Sync Service for RA
PAMIT-43206,last-30-days,?,,Bug,Closed,Done,High,ITD-MC,ITD-MC,Connector,Connector,Uncategorised,none,,Configuration,,True,No,Windows,,2026-08-17,2026-08-25,,,PAMIT-24355,,,True,True,,ITD-MC Nokia Netact JSON is working Intermittently
PAMIT-43208,last-30-days,?,,Bug,Closed,Done,High,Honda Motorcycle and Scooter India Pvt. Ltd.,Honda Motorcycle and Scooter India Pvt. Ltd.,Connector,Connector,Third-Party Tool & Platform Compatibility,title,Third-Party Tool & Platform Compatibility,Configuration|UI / Browser Compatibility|Boundary Testing|Environment Compatibility,,True,No,Windows,,2026-08-17,2026-08-29,35.8.29 HF5,,PAMIT-24355,,,True,True,,RDP Resolution Issue HMSI 29
PAMIT-43210,last-30-days,?,35.8.29 HF6,Task,Patch Shared,To Do,High,Canara Bank,Canara Bank,Password Vault,Password Vault,Password & Credential Lifecycle,description,Password & Credential Lifecycle,,,False,No,Windows,,2026-08-17,2026-08-20,,35.8.29 HF6,,PAMIT-43255,,False,True,passwordvault,Canara Bank SSH Key Password Restore Failure – 500 Internal Server Error
PAMIT-43211,last-30-days,?,,Bug,Closed,Done,High,SIFY TECHNOLOGIES LIMITED,SIFY TECHNOLOGIES LIMITED,Arcon Service / Agent,Arcon Service / Agent,Reporting & Scheduling,title,Reporting & Scheduling,,,True,No,Windows,,2026-08-17,2026-08-27,,,PAMIT-24366,,,True,True,,Sify Scheduled reports 'No Records found' issue
PAMIT-43212,last-30-days,?,,Bug,Closed,Done,ShowStopper,NBI,NBI,Server Manager,Server Manager,Service & Asset Management (CRUD/Bulk),title,Service & Asset Management (CRUD/Bulk)|Input Validation & Error Handling,Session Recording|API / Integration|Upgrade / Migration|Security,,True,No,Windows,,2026-08-17,2026-08-28,,,PAMIT-24551,,,True,True,CRITICALP1,NBI Unable to create service 29HF11
PAMIT-43215,last-30-days,?,,APEM Tool,Awaiting Response,In Progress,Low,DGW,DGW,APEM Tool,APEM Tool,Uncategorised,none,,Environment Compatibility,,False,No,Windows,,2026-08-17,2026-08-19,,,,,,False,True,,DGW APEM Tool Required
PAMIT-43216,last-30-days,?,,Bug,Awaiting Response,In Progress,ShowStopper,IDBI Bank,IDBI Bank,Server Manager,Server Manager,Uncategorised,none,,UI / Browser Compatibility,,True,No,Windows,,2026-08-17,2026-09-03,35.8.29 HF11,,PAMIT-24551,,,True,True,Server-Manager,IDBI Bank Server Manager – Manage Users Icons Overlapping U16 SP2
PAMIT-43217,last-30-days,?,,Bug,Awaiting Response,In Progress,ShowStopper,FYERS Securities,FYERS Securities,mac,mac,Third-Party Tool & Platform Compatibility,title,Third-Party Tool & Platform Compatibility,Logging / Monitoring|Environment Compatibility,,True,No,Windows,,2026-08-17,2026-09-02,,,PAMIT-24359,,,True,True,,Fyers Windows RDP services inaccessible to Mac users
PAMIT-43218,last-30-days,?,35.8.24 HF11,Bug,Closed,Done,ShowStopper,AJIB,AJIB,Connector,Connector,Third-Party Tool & Platform Compatibility,title,Third-Party Tool & Platform Compatibility|Session Lifecycle & Connectivity,Third-Party Compatibility|Session Recording,,True,No,Windows,,2026-08-17,2026-09-03,35.8.29 HF11,,PAMIT-24355,PAMIT-43514,,True,True,CRITICALP1,AJIB U16SP2 App Toad application not working.
PAMIT-43220,last-30-days,?,,Bug,Closed,Done,High,Tata Digital,Tata Digital,AGW,AGW,"Platform Services, Agent & Gateway",title,"Platform Services, Agent & Gateway",Configuration,,True,,,,2026-08-17,2026-09-01,,,PAMIT-24347,,,True,True,Engg_AGW,TATA Digital App Lens access issue via AGW Plus
PAMIT-43221,last-30-days,?,,Performance,Open,To Do,High,IREP Credit Capital,IREP Credit Capital,ACMO,ACMO,Performance & Responsiveness,title,Performance & Responsiveness,Session Recording|Authentication / Authorization|Logging / Monitoring,,False,No,Windows,,2026-08-17,2026-09-02,,,PAMIT-24344,,,True,True,,IREP Credit Capital Slowness issue in PAM Login
PAMIT-43222,last-30-days,?,,Performance,Development Analysis,In Progress,High,Bharat Bank,Bharat Bank,Connector,Connector,Performance & Responsiveness,title,Performance & Responsiveness,Third-Party Compatibility|API / Integration|Configuration|Security|Environment Compatibility,,False,No,Windows,,2026-08-17,2026-08-31,,,PAMIT-24355,,,True,True,,Bharat Bank Slowness Observed While Accessing SSH Linux Services
PAMIT-43223,last-30-days,?,,Bug,Closed,Done,High,Yes Securities,Yes Securities,Connector,Connector,Authentication & Identity Integration,title,"Authentication & Identity Integration|Platform Services, Agent & Gateway",Authentication / Authorization|Configuration,,True,No,Windows,,2026-08-18,2026-08-21,,,PAMIT-24355,,,True,True,,Yes Securities - App PLQSL SSO issue via AGW
PAMIT-43226,last-30-days,?,,Bug,Awaiting Response,In Progress,Low,Insolution Global,Insolution Global,Password,Password,Password & Credential Lifecycle,title,Password & Credential Lifecycle,Authentication / Authorization|Configuration,,True,No,Windows,,2026-08-18,2026-08-26,,,,,,True,True,CRITICALP1,ISG - Password Rotation Failure for Key-Based Login Palo Alto SSH Firewall Devices
PAMIT-43228,last-30-days,?,,Performance,Open,To Do,Medium,SBI Cards,SBI Cards,ACMO,ACMO,Performance & Responsiveness,title,Performance & Responsiveness,Session Recording|Authentication / Authorization|Upgrade / Migration|Environment Compatibility,,True,No,Windows,,2026-08-18,2026-08-28,,,PAMIT-24344,,,True,True,,SBI Cards PAM Slowness
PAMIT-43229,last-30-days,?,,Bug,Under Observation (No Code Change),In Progress,High,ITD-KB,ITD-KB,Connector,Connector,Uncategorised,none,,Environment Compatibility,,False,No,Windows,,2026-08-18,2026-09-03,,,PAMIT-24355,,,True,True,,ITD-KB Command Restriction with Auto-Completion in MS SQL QA
PAMIT-43230,last-30-days,?,,Story,Business Analysis,In Progress,High,Titan Company Ltd.,Titan Company Ltd.,PAM - MAC Thick Client,PAM - MAC Thick Client,Third-Party Tool & Platform Compatibility,title,Third-Party Tool & Platform Compatibility,UI / Browser Compatibility|Environment Compatibility,,False,,,,2026-08-18,2026-08-31,,,PAMIT-24359,,,False,True,,TITAN Enable RSA-FIDO and YubiKey FIDO Authentication in ARCON PAM Thick Client on macOS
PAMIT-43231,last-30-days,?,,Bug,Awaiting Response,In Progress,ShowStopper,Svamaan Financial Service,Svamaan Financial Service,Connector,Connector,Third-Party Tool & Platform Compatibility,title,Third-Party Tool & Platform Compatibility|Session Lifecycle & Connectivity,Third-Party Compatibility,,False,No,Windows,,2026-08-18,2026-09-03,,,PAMIT-24355,PAMIT-43512,,True,True,Connector,Svamaan Financial Service SSMS Studio not working PAM Ver. 29_HF11
PAMIT-43233,last-30-days,?,,Performance,Closed,Done,ShowStopper,CEAT Tyres,CEAT Tyres,All Modules,All Modules,Performance & Responsiveness,title,Performance & Responsiveness,Authentication / Authorization|Logging / Monitoring|Performance,,False,No,Windows,,2026-08-18,2026-08-24,,,,,,True,True,CRITICALP1,CEAT Slowness Issue U4 SP3
PAMIT-43238,last-30-days,?,,Story,Open,To Do,High,AXIS Bank Ltd,AXIS Bank Ltd,Connector,Connector,Connector Development & New Integration,title,Connector Development & New Integration,,,True,No,Windows,,2026-08-18,2026-09-02,35.8.27,,PAMIT-24355,PAMIT-42525,,False,True,,Axis Bank - U16 SP2 B - New connector Developer Client
PAMIT-43239,last-30-days,?,,Bug,Awaiting Response,In Progress,High,ICICI Bank,ICICI Bank Ltd,Password Vault,Password Vault,Password & Credential Lifecycle,title,"Password & Credential Lifecycle|Platform Services, Agent & Gateway|API & Integration",API / Integration|UI / Browser Compatibility,,False,No,Windows,,2026-08-18,2026-08-25,35.8.29,,,,,True,True,,ICICI BANK Manual Password Update Failing in HF11P2 API Returning 503 Service Unavailable & Rotate App Pool Stops Automatically
PAMIT-43241,last-30-days,?,,Story,Business Analysis,In Progress,High,AXIS Bank Ltd,AXIS Bank Ltd,Report / Dashboard,Report / Dashboard,Reporting & Scheduling,title,Reporting & Scheduling,Authentication / Authorization,,False,,Windows,,2026-08-18,2026-09-02,35.8.29 HF11,,PAMIT-24366,,,False,True,AML|report,Axis Bank - U16 SP2 User details report
PAMIT-43242,last-30-days,?,,Task,Development Analysis,In Progress,ShowStopper,Kotak Bank,Kotak Bank New,Connector,Connector,Session Recording & Audit Evidence,title,Session Recording & Audit Evidence,Session Recording|UI / Browser Compatibility|Boundary Testing|Environment Compatibility,,False,No,Windows,,2026-08-18,2026-09-03,,,PAMIT-24355,,,False,True,,Kotak Bank New Video Log Sizing & Capacity Benchmark
PAMIT-43243,last-30-days,?,,Bug,Awaiting Session,To Do,High,Global Village,Global Village,Connector,Connector,Authentication & Identity Integration,title,Authentication & Identity Integration|Session Lifecycle & Connectivity,Authentication / Authorization|Negative Testing,,True,No,Windows,,2026-08-18,2026-09-03,,,,,,True,True,tushar,Global Village Unable to access service after login with saml
PAMIT-43244,last-30-days,?,,Bug,Awaiting Response,In Progress,High,Piramal Finance,Piramal Finance,Password Vault,Password Vault,Password & Credential Lifecycle,title,Password & Credential Lifecycle,Third-Party Compatibility|Environment Compatibility,,True,No,Windows,,2026-08-18,2026-09-02,,,,,,True,True,CRITICALP1,Piramal Finance (SAAS) Password Rotation For Database Connectors
PAMIT-43245,last-30-days,?,,Security Fix,Open,To Do,ShowStopper,TCS Cyber Security,TCS Cyber Security,All Modules,All Modules,Vulnerability Assessment (VA / VAPT),title,Vulnerability Assessment (VA / VAPT),,,False,No,Windows,,2026-08-18,2026-08-29,35.8.29 HF9,,,,,True,True,CRITICALP1,TCS CSP VA POINTS ON U16 SP2
PAMIT-43251,last-30-days,?,,Performance,Development Analysis,In Progress,ShowStopper,ICICI Bank,ICICI Securities,All Modules,All Modules,Session Recording & Audit Evidence,description,Session Recording & Audit Evidence,Session Recording|Boundary Testing|Environment Compatibility,,False,No,Windows,,2026-08-18,2026-09-03,,,,,,True,True,CRITICALP1,ICICI Securities Priority: Database Query Execution Spike
PAMIT-43258,last-30-days,?,,Security Fix,Closed,Done,High,AJIB,AJIB,ACMO,ACMO,Vulnerability Assessment (VA / VAPT),title,Vulnerability Assessment (VA / VAPT),,,False,No,Windows,,2026-08-18,2026-09-01,,,,,,True,True,CRITICALP1,AJIB APACHE VA's
PAMIT-43260,last-30-days,?,,Task,Awaiting Session,To Do,Medium,Indian Bank Ltd,Indian Bank Ltd,Connector,Connector,Service & Asset Management (CRUD/Bulk),title,Service & Asset Management (CRUD/Bulk),,,False,No,Windows,,2026-08-18,2026-09-01,35.8.29 HF2,,,,,False,True,CRITICALP1,Request to onboard App New OutsideView application with multitab functionality Indian Bank 29
PAMIT-43261,last-30-days,?,,Bug,Closed,Done,ShowStopper,ICICI Bank,ICICI Bank Ltd,Password Vault,Password Vault,Authentication & Identity Integration,title,Authentication & Identity Integration|Session Lifecycle & Connectivity,Authentication / Authorization|Environment Compatibility,,False,No,Windows,,2026-08-18,2026-08-19,,,,,,True,True,,ICICI Bank U16SP2 Manual Reconciliation Not Working Despite Successful SSO
PAMIT-43262,last-30-days,?,,Bug,Awaiting Response,In Progress,ShowStopper,Capital bank of jordan,Capital bank of jordan,Password Vault,Password Vault,Password & Credential Lifecycle,title,Password & Credential Lifecycle,Authentication / Authorization|Configuration|Negative Testing|Environment Compatibility,,False,No,Windows,,2026-08-18,2026-08-27,35.8.29 HF11,,,,,True,True,CRITICALP1,Capital Bank of Jordan U16 SP2 Password Change failing for Oracle QA service
PAMIT-43268,last-30-days,?,,Bug,Awaiting Response,In Progress,ShowStopper,NTPC,NTPC,AGW,AGW,Session Recording & Audit Evidence,title,Session Recording & Audit Evidence,Session Recording|Logging / Monitoring|Environment Compatibility,,False,No,Ubuntu,,2026-08-19,2026-08-21,,,,,,True,True,Engg_AGW,NTPC Windows or AGWA Server Reboot Removes Video Log Mount for AGWA
PAMIT-43269,last-30-days,?,,Task,Business Analysis,In Progress,High,Kotak Bank,Kotak Bank New,Server Manager,Server Manager,UI Field & Control Defects,description,UI Field & Control Defects,Logging / Monitoring,,False,No,Windows,,2026-08-19,2026-08-31,,,,,,False,True,,Kotak Bank New Populate User Machine Details in Service Password Request Logs
PAMIT-43270,last-30-days,?,,Bug,Awaiting Response,In Progress,ShowStopper,IDFC,IDFC,Report / Dashboard,Report / Dashboard,Session Recording & Audit Evidence,title,Session Recording & Audit Evidence|Reporting & Scheduling,Configuration|Logging / Monitoring,,False,No,Windows,,2026-08-19,2026-08-31,35.8.24 HF8,,PAMIT-24366,,,True,True,CRITICALP1|report,IDFC Discrepancies in Session Log Report Sent via Scheduled Report U16 SP2
PAMIT-43271,last-30-days,?,,Bug,Awaiting Response,In Progress,High,GAIL,GAIL,ACMO,ACMO,Session Recording & Audit Evidence,description,Session Recording & Audit Evidence|API & Integration,Session Recording|API / Integration|Logging / Monitoring,,False,No,Windows,,2026-08-19,2026-08-31,35.8.28,,,,,True,True,CRITICALP1,GAIL RTSM
PAMIT-43272,last-30-days,?,,Bug,Development Analysis,In Progress,High,ICICI Bank,ICICI Bank Ltd,ACMO,ACMO,Input Validation & Error Handling,title,Input Validation & Error Handling,Authentication / Authorization,,False,No,Windows,,2026-08-19,2026-09-03,,,,,,True,True,,"ICICI Bank U16SP2 ""Unable to retrieve data"" error while selecting Server Type"
PAMIT-43277,last-30-days,?,35.8.29 HF11,Bug,Awaiting Response,In Progress,High,DCB Bank Ltd,DCB Bank Ltd,Server Manager,Server Manager,Service & Asset Management (CRUD/Bulk),description,Service & Asset Management (CRUD/Bulk),Upgrade / Migration,,True,No,Windows,,2026-08-19,2026-09-03,,35.8.29 HF11,,,,True,True,,PAM DCB bank client is facing issue with service creation.
PAMIT-43278,last-30-days,?,,Bug,Awaiting Response,In Progress,Medium,TCS Cyber Security,TCS Cyber Security,Connector,Connector,"Platform Services, Agent & Gateway",title,"Platform Services, Agent & Gateway",,,True,No,Windows,,2026-08-19,2026-09-02,35.8.29 HF9,,PAMIT-24355,,,True,True,CRITICALP1,TCS CSP U16SP2 Web Gateway issue
PAMIT-43280,last-30-days,?,,Bug,Awaiting Response,In Progress,ShowStopper,The Nainital Bank Limited,The Nainital Bank Limited,mfa,mfa|Server Manager,Password & Credential Lifecycle,description,Password & Credential Lifecycle|API & Integration,API / Integration|Configuration,,True,No,Windows,,2026-08-19,2026-08-27,,,PAMIT-24551,,,True,True,CRITICALP1,Nainital Bank FIDO Authentication Issue
PAMIT-43291,last-30-days,?,,Bug,Duplicate,Done,ShowStopper,ICICI Bank,ICICI Lombard,PAM Lite,PAM Lite|Server Manager,Session Recording & Audit Evidence,description,Session Recording & Audit Evidence|Password & Credential Lifecycle|API & Integration,Session Recording|Authentication / Authorization|API / Integration,,False,No,Windows,,2026-08-19,2026-09-03,,,PAMIT-24344,,,True,False,,Dormant user login in ARCOSLITE but unbale to login in Normal ARCOS.
PAMIT-43292,last-30-days,?,,Task,Closed,Done,High,VEEFIN,VEEFIN,Connector,Connector,Uncategorised,none,,,,False,No,Windows,,2026-08-19,2026-09-03,,,PAMIT-24355,PAMIT-43603,,False,True,,VEEFIN Unable to run any command on SSH- Getting error
PAMIT-43293,last-30-days,?,,Bug,Awaiting Response,In Progress,ShowStopper,PSS,PSS,Settings,Settings,Input Validation & Error Handling,title,Input Validation & Error Handling,Configuration,,True,No,Windows,,2026-08-19,2026-08-25,,,,,,True,True,,Unable to update Dormancy Days in Application Configuration
PAMIT-43297,last-30-days,?,,Bug,Awaiting Response,In Progress,ShowStopper,PSS,PSS,Settings,Settings,Session Lifecycle & Connectivity,title,Session Lifecycle & Connectivity,Configuration,,True,No,Windows,,2026-08-19,2026-08-25,,,,,,True,True,,APPLY PASSWORD SETTING NOT WORKING
PAMIT-43298,last-30-days,?,,Bug,Awaiting Response,In Progress,High,Bank of Bhutan,Bank of Bhutan,Connector,Connector|mfa,Authentication & Identity Integration,title,Authentication & Identity Integration,Authentication / Authorization,,False,No,Windows,,2026-08-19,2026-09-03,,,PAMIT-24344,,,True,True,AML|CRITICALP1,BANK OF BHUTAN 29HF9 CISCO DUO MFA AFFECTING SERVICE ACCESS
PAMIT-43303,last-30-days,?,,Story,Open,To Do,Medium,IOCL,IOCL,Integration,Integration|Workflow,"Access Control, Workflow & Approval",title,"Access Control, Workflow & Approval|API & Integration|Enhancement / Change Request",API / Integration|Workflow / Approval,,False,,,,2026-08-19,2026-08-27,,,,,,False,True,,IOCL Enhancement Request-Command with Approval – ITSM Workflow Integration.
PAMIT-43304,last-30-days,?,,Bug,Closed,Done,High,Suryoday Bank,Suryoday Bank,Server Manager,Server Manager,Service & Asset Management (CRUD/Bulk),title,Service & Asset Management (CRUD/Bulk)|Session Lifecycle & Connectivity,Boundary Testing,,False,Yes,Windows,,2026-08-19,2026-08-25,35.8.29 HF6,,,,,True,True,,Suryoday Bank u16sp2B35.8.29 bulk import update server connection not working
PAMIT-43305,last-30-days,?,,Bug,Development Analysis,In Progress,High,DCB Bank Ltd,DCB Bank Ltd,Workflow,Workflow,"Access Control, Workflow & Approval",title,"Access Control, Workflow & Approval",Workflow / Approval,,True,No,Windows,,2026-08-19,2026-09-03,,,,,,True,True,CRITICALP1,PAM DCB production Time-based Workflow.
PAMIT-43306,last-30-days,?,,Task,Awaiting Session,To Do,ShowStopper,BDS Bank,BDS Bank,SSO,SSO,Authentication & Identity Integration,title,Authentication & Identity Integration|Input Validation & Error Handling,Authentication / Authorization|Negative Testing,,False,No,Windows,,2026-08-19,2026-09-03,,,PAMIT-24344,,,False,True,,BDS BANK Connection Session Invalid while taking SSO
PAMIT-43307,last-30-days,?,,Bug,Awaiting Response,In Progress,High,Tata Digital,Tata Digital,Connector,Connector,Third-Party Tool & Platform Compatibility,title,Third-Party Tool & Platform Compatibility,Third-Party Compatibility|Authentication / Authorization,,False,No,Windows,,2026-08-19,2026-08-31,,,PAMIT-24355,,,True,True,,TATA Digital SSMS login issue
PAMIT-43309,last-30-days,?,,Bug,Development Analysis,In Progress,High,Tata Digital,Tata Digital,Connector,Connector,Input Validation & Error Handling,description,Input Validation & Error Handling,Authentication / Authorization,,False,No,Windows,,2026-08-19,2026-09-01,,,PAMIT-24355,,,True,True,,TATA Digital MongoDB login issue
PAMIT-43312,last-30-days,?,,Task,Open,To Do,Low,Punjab National Bank (OBC),Punjab National Bank (OBC),PYCLI,PYCLI,"Platform Services, Agent & Gateway",title,"Platform Services, Agent & Gateway",API / Integration|Environment Compatibility,,False,No,RHEL,,2026-08-19,2026-08-21,,,,,,False,True,,Punjab National Bank Accessing Linux services via Pycli
PAMIT-43313,last-30-days,?,,Bug,Closed,Done,ShowStopper,Ethiopian Electric Utility (EEU),Ethiopian Electric Utility (EEU),Connector,Connector,Third-Party Tool & Platform Compatibility,title,Third-Party Tool & Platform Compatibility|Authentication & Identity Integration,Authentication / Authorization|Environment Compatibility,,False,No,Windows,,2026-08-19,2026-09-01,35.8.29 HF11,,PAMIT-24355,,,True,True,CRITICALP1|Connector,Ethiopian Electric Utility - U16 SP2 - Unable to Establish Windows RDP SSO Session Through PAM
PAMIT-43314,last-30-days,?,,APEM Tool,Development Analysis,In Progress,High,State bank of India,State bank of India,APEM Tool,APEM Tool|VA,Vulnerability Assessment (VA / VAPT),title,Vulnerability Assessment (VA / VAPT),,,False,No,Windows,,2026-08-19,2026-09-02,35.8.21 HF4,,,,,False,True,CRITICALP1,State bank of India - U16 SP2 - VA points regarding APEM tool
PAMIT-43316,last-30-days,?,,Bug,Awaiting Response,In Progress,High,ITD-MC,ITD-MC,Connector,Connector,Third-Party Tool & Platform Compatibility,title,Third-Party Tool & Platform Compatibility|Session Lifecycle & Connectivity,Session Recording|Upgrade / Migration|Environment Compatibility,,True,No,Windows,,2026-08-19,2026-09-03,,,PAMIT-24355,,,True,True,,ITD-MC Moba Xterm is not working for RDP
PAMIT-43317,last-30-days,?,,Bug,Awaiting Session,To Do,High,ICICI Bank,ICICI Prudential,PAM Lite,PAM Lite,Session Recording & Audit Evidence,description,Session Recording & Audit Evidence|Password & Credential Lifecycle|Authentication & Identity Integration|Performance & Responsiveness,Session Recording|Authentication / Authorization|Logging / Monitoring,,False,No,Windows,,2026-08-20,2026-09-03,,,PAMIT-24344,,,True,True,,ICICI PRULIFE PAM LITE ISSUE for VDI users while logging into PAM
PAMIT-43319,last-30-days,?,,Bug,Awaiting Response,In Progress,ShowStopper,Airtel NBFC,Airtel NBFC,ACMO,ACMO,Authentication & Identity Integration,title,"Authentication & Identity Integration|Access Control, Workflow & Approval",Authentication / Authorization|Workflow / Approval,,False,No,Windows,,2026-08-20,2026-08-21,,,PAMIT-24344,,,True,True,,SAML Service Goes Down After Request Approval via Email Airtel NBFC
PAMIT-43321,last-30-days,?,,Task,Open,To Do,High,Bank Muscat,Bank Muscat,Server Manager,Server Manager,Security Hardening & Exposure,description,Security Hardening & Exposure,Upgrade / Migration|Security,,True,No,Windows,,2026-08-20,2026-08-27,,,PAMIT-24551,PAMIT-41294,,False,True,,Bank Muscat - FFmpeg version upgrade -POC
PAMIT-43322,last-30-days,?,,Security Fix,Closed,Done,High,Janalakshmi Financial Services,Janalakshmi Financial Services,VA,VA,Vulnerability Assessment (VA / VAPT),title,Vulnerability Assessment (VA / VAPT),,,False,No,Windows,,2026-08-20,2026-08-26,,,PAMIT-24348,,,True,True,,Janalakshmi Financial Services VA Points
PAMIT-43324,last-30-days,?,,Bug,Open,To Do,High,Bombay Stock Exchange Limited,Bombay Stock Exchange Limited,Report / Dashboard,Report / Dashboard,Reporting & Scheduling,title,Reporting & Scheduling,,,False,Yes,Windows,,2026-08-20,2026-08-31,,,,,,True,True,,BSE User Status Report No details found 29_HF10
PAMIT-43325,last-30-days,?,,Bug,Awaiting Response,In Progress,High,Bombay Stock Exchange Limited,Bombay Stock Exchange Limited,Report / Dashboard,Report / Dashboard,Reporting & Scheduling,title,Reporting & Scheduling,,,False,No,Windows,,2026-08-20,2026-08-26,,,,,,True,True,,BSE Unique Service IP Report No details found 29_HF10
PAMIT-43326,last-30-days,?,,Bug,Under Observation (No Code Change),In Progress,High,Bombay Stock Exchange Limited,Bombay Stock Exchange Limited,ACMO,ACMO|Arcon Service / Agent|Report / Dashboard,Reporting & Scheduling,title,Reporting & Scheduling,Authentication / Authorization,,False,No,Windows,,2026-08-20,2026-08-28,,,,,,True,True,,BSE User Last Logon Report - Dormancy Issue 29_HF10
PAMIT-43329,last-30-days,?,,Task,Development Analysis,In Progress,High,Bank Muscat,Bank Muscat,Password,Password,Security Hardening & Exposure,description,Security Hardening & Exposure|Password & Credential Lifecycle,Security|Environment Compatibility,,True,No,Windows,,2026-08-20,2026-09-03,,,PAMIT-24364,,,False,True,,Utility for Encrypt/Decrypt dual key
PAMIT-43330,last-30-days,?,,Bug,Awaiting Response,In Progress,High,TCL Global,TCL GLOBAL,Connector,Connector,"Platform Services, Agent & Gateway",title,"Platform Services, Agent & Gateway",Environment Compatibility,,False,No,Windows,,2026-08-20,2026-09-01,,,PAMIT-24355,,,True,True,Connector,TCL Global AWB Services Not Launching on AGW Gateway (Windows Server 2012)
PAMIT-43331,last-30-days,?,,Bug,Closed,Done,High,TTSL,TTSL,Connector,Connector,Third-Party Tool & Platform Compatibility,title,Third-Party Tool & Platform Compatibility,Authentication / Authorization|UI / Browser Compatibility,,False,No,Windows,,2026-08-20,2026-09-01,,,PAMIT-24355,,,True,True,,TTSL App Web Browser service not launching
PAMIT-43335,last-30-days,?,,Bug,Awaiting Response,In Progress,High,Godrej Housing Finance Limited,Godrej Housing Finance Limited,Connector,Connector,Third-Party Tool & Platform Compatibility,title,Third-Party Tool & Platform Compatibility|Session Lifecycle & Connectivity,Session Recording|Authentication / Authorization|UI / Browser Compatibility|Environment Compatibility,,False,No,Windows,,2026-08-20,2026-09-02,,,PAMIT-24359,,,True,True,,GHFL AppWeb Browser Palo Alto Not Working on macOS
PAMIT-43342,last-30-days,?,,Task,Open,To Do,High,ICICI Bank,ICICI Bank Ltd,All Modules,All Modules,Third-Party Tool & Platform Compatibility,description,"Third-Party Tool & Platform Compatibility|Access Control, Workflow & Approval|Input Validation & Error Handling",Third-Party Compatibility|Authentication / Authorization|Upgrade / Migration|Workflow / Approval|Environment Compatibility|Data Integrity / Consistency,,True,No,Windows,,2026-08-20,2026-08-20,35.8.29 HF6|35.8.29 HF11,,,,,False,True,,ICICI Bank PAM Lite HF Compatibility Application with ARCOSDB
PAMIT-43343,last-30-days,?,,APEM Tool,Awaiting Response,In Progress,ShowStopper,NPCI,NPCI,APEM Tool,APEM Tool,Uncategorised,none,,,,False,No,Windows,,2026-08-20,2026-08-21,,,,,,False,True,,APEM tool requirement NPCI 234242
PAMIT-43344,last-30-days,?,,Bug,Open,To Do,High,Dabur,Dabur,Report / Dashboard,Report / Dashboard,Reporting & Scheduling,title,Reporting & Scheduling,,,False,No,Windows,,2026-08-21,2026-09-03,,,PAMIT-24344,,,True,True,report,APEM Logs Report Showing No Data – Dabur PAM
PAMIT-43345,last-30-days,?,,Bug,Awaiting Session,To Do,ShowStopper,Godrej & Boyce (Mumbai),Godrej & Boyce (Mumbai),Connector,Connector,Third-Party Tool & Platform Compatibility,title,Third-Party Tool & Platform Compatibility,Authentication / Authorization|UI / Browser Compatibility|Environment Compatibility,,True,No,Windows,,2026-08-21,2026-09-03,,,PAMIT-24355,PAMIT-42893,,True,True,CRITICALP1|WEBGATEWAY|WebProxy,Godrej & Boyce 29hf11 App Web Browser service not Opening
PAMIT-43346,last-30-days,?,,Task,Open,To Do,High,CPC TDS 2.0,CPC TDS 2.0,SSO,SSO,Third-Party Tool & Platform Compatibility,title,Third-Party Tool & Platform Compatibility|Performance & Responsiveness,Third-Party Compatibility,,False,No,Windows,,2026-08-21,2026-09-03,,,PAMIT-24355,,,False,True,,CPC TDS 2.0 The session in the taskbar freezes when multiple SSH PuTTY sessions are launched simultaneously.
PAMIT-43347,last-30-days,?,,Bug,Patch Shared,To Do,High,Piramal Finance,Piramal Finance,Connector,Connector,Service & Asset Management (CRUD/Bulk),title,Service & Asset Management (CRUD/Bulk),Authentication / Authorization|Configuration,,True,No,Windows,,2026-08-21,2026-09-01,,,PAMIT-24355,,,True,True,CRITICALP1,Piramal Finance(SAAS) App SQLyog Preference path Error
PAMIT-43348,last-30-days,?,,Task,Development Analysis,In Progress,High,HOWDEN,HOWDEN,Connector,Connector,Session Lifecycle & Connectivity,title,Session Lifecycle & Connectivity,API / Integration|Upgrade / Migration,,True,No,Windows,,2026-08-21,2026-08-25,,,PAMIT-24355,,,False,True,,HOWDEN Unable to access any of the app web service
PAMIT-43349,last-30-days,?,,Bug,Awaiting Session,To Do,ShowStopper,Bharti Airtel,Bharti Airtel,ACMO,ACMO,"Access Control, Workflow & Approval",description,"Access Control, Workflow & Approval|Service & Asset Management (CRUD/Bulk)|UI Field & Control Defects",Authentication / Authorization,,False,No,Windows,,2026-08-21,2026-09-01,,,,,,True,True,CRITICALP1,Bharti Airtel 8.16 User-Service mapping issue ACMO-SM
PAMIT-43351,last-30-days,?,,Bug,Awaiting Response,In Progress,ShowStopper,Ministry of Interior UAE,Ministry of Interior UAE,Server Manager,Server Manager,Service & Asset Management (CRUD/Bulk),title,Service & Asset Management (CRUD/Bulk)|LOB / Organisation Mapping,,,False,No,Windows,,2026-08-21,2026-09-02,,,,,,True,True,CRITICALP1,MOI Unable to Onboard Same Service (IP & username) Across Multiple LOBs in Server Manager
PAMIT-43352,last-30-days,?,,Security Fix,Awaiting Response,In Progress,High,Bank Of India,Bank Of India,All Modules,All Modules,Vulnerability Assessment (VA / VAPT),title,Vulnerability Assessment (VA / VAPT),,,True,No,Windows,,2026-08-21,2026-08-24,,,,,,True,True,,BOM VA U16SP235.8.24HF12
PAMIT-43355,last-30-days,?,35.8.29 HF11,Bug,Awaiting Response,In Progress,High,IIFL,IIFL,Password Vault,Password Vault,Uncategorised,none,,,,False,No,Windows,,2026-08-21,2026-08-26,,35.8.29 HF11,,,,True,True,,IIFL 500 Internal Server Error During Parent-Child Dependency Reconciliation
PAMIT-43356,last-30-days,?,Backlog,Story,Development Analysis,In Progress,High,Tata Digital,Tata Digital,Connector,Connector,Session Recording & Audit Evidence,description,"Session Recording & Audit Evidence|Platform Services, Agent & Gateway",Session Recording,,False,,,Sev-1,2026-08-21,2026-09-03,,,PAMIT-24355,,,False,True,,TATA Digital Freelens connector
PAMIT-43362,last-30-days,?,,Bug,Awaiting Response,In Progress,High,Angel broking,Angel broking,Connector,Connector,"Platform Services, Agent & Gateway",title,"Platform Services, Agent & Gateway",Third-Party Compatibility|Authentication / Authorization|Configuration|Environment Compatibility,,True,No,Windows,,2026-08-21,2026-09-02,35.8.29 HF2,,PAMIT-24355,PAMIT-38680,,True,True,Engg_AGW|tushar,Angelone Broking 16SP2 Issue Accessing MSSQL Service via AGW Advance
PAMIT-43366,last-30-days,?,,Bug,Patch Shared,To Do,High,Suryoday Bank,Suryoday Bank,ACMO,ACMO|Connector,Third-Party Tool & Platform Compatibility,title,Third-Party Tool & Platform Compatibility|Authentication & Identity Integration,Authentication / Authorization|Negative Testing|Environment Compatibility,,False,No,Windows,,2026-08-22,2026-09-02,35.8.29 HF6,,PAMIT-24355,,,True,True,tushar,Suryoday Bank u16sp2B35.8.29 Free rdp users not able to unlock the locked sso based sessions
PAMIT-43367,last-30-days,?,,Security Fix,Open,To Do,High,Electronic Payment System,Electronic Payment System,All Modules,All Modules|VA,Vulnerability Assessment (VA / VAPT),title,Vulnerability Assessment (VA / VAPT),,,False,No,Windows,,2026-08-22,2026-08-25,,,,,,True,True,,VA Electronic Payment System
PAMIT-43368,last-30-days,?,,Bug,Development Analysis,In Progress,ShowStopper,Moro Hub,Moro Hub,AGW,AGW,Session Lifecycle & Connectivity,title,"Session Lifecycle & Connectivity|Input Validation & Error Handling|Platform Services, Agent & Gateway",API / Integration|Configuration|Upgrade / Migration|Negative Testing,,True,No,Windows,,2026-08-22,2026-08-28,,,PAMIT-24355,,,True,True,CRITICALP1|Engg_AGW,Moro hub 29HF11 Unable to access connector via AGW+ 'Invalid URI: URI is empty.' error
PAMIT-43369,last-30-days,?,,Security Fix,Open,To Do,High,State bank of India,State bank of India,All Modules,All Modules,Vulnerability Assessment (VA / VAPT),title,Vulnerability Assessment (VA / VAPT),Environment Compatibility,,False,No,Windows,,2026-08-24,2026-09-03,35.8.29 HF11,,,,,True,True,,State bank of India - U16 SP2 -VA points detected
PAMIT-43371,last-30-days,?,,Task,Open,To Do,High,IOCL,IOCL,Connector,Connector|SSO,Authentication & Identity Integration,title,Authentication & Identity Integration|Performance & Responsiveness,Third-Party Compatibility|Authentication / Authorization,,False,No,Windows,,2026-08-24,2026-09-03,,,PAMIT-24355,PAMIT-43462,,False,True,,IOCL System Freeze During SSO of MS SQL EM LOCAL Service
PAMIT-43372,last-30-days,?,,Bug,Closed,Done,High,CCIL,CCIL,ACMO,ACMO,"Access Control, Workflow & Approval",title,"Access Control, Workflow & Approval|Input Validation & Error Handling",Authentication / Authorization,,True,No,Windows,,2026-08-24,2026-09-01,35.8.29 HF11,,PAMIT-24344,,,True,True,,CCIL My Access – Error While Selecting Service Count Table U16 SP2
PAMIT-43374,last-30-days,?,,Bug,Awaiting Response,In Progress,ShowStopper,NTPC,NTPC,ACMO,ACMO|AGW,Session Recording & Audit Evidence,description,Session Recording & Audit Evidence|Third-Party Tool & Platform Compatibility|Input Validation & Error Handling,Third-Party Compatibility|Session Recording|Logging / Monitoring|UI / Browser Compatibility|Environment Compatibility,,False,No,Windows,,2026-08-24,2026-08-24,,,,,,True,True,Engg_AGW,NTPC Failed to generate AGWA URL: Please check ACMO Error Logs
PAMIT-43375,last-30-days,?,,Bug,Awaiting Session,To Do,High,Catholic Syrian Bank,Catholic Syrian Bank,Connector,Connector,Third-Party Tool & Platform Compatibility,description,Third-Party Tool & Platform Compatibility|Session Lifecycle & Connectivity|Performance & Responsiveness,Third-Party Compatibility|Performance|Environment Compatibility,,True,No,Windows,,2026-08-24,2026-09-03,,,PAMIT-24355,,,True,True,,CSB PLSQL Session Termination Issue PAM Ver. U16 SP2 B35.8.18
PAMIT-43376,last-30-days,?,,Bug,Awaiting Response,In Progress,High,KPMG,KPMG,Server Manager,Server Manager,Session Lifecycle & Connectivity,title,Session Lifecycle & Connectivity,,,False,No,Windows,,2026-08-24,2026-09-02,,,,,,True,True,,KPMG Dormancy feature not working PAM Ver. 24_HF6
PAMIT-43377,last-30-days,?,,Bug,Development Analysis,In Progress,High,HDB Financial Services Limited,HDB Financial Services Limited,Connector,Connector|SSO,Third-Party Tool & Platform Compatibility,title,Third-Party Tool & Platform Compatibility|Authentication & Identity Integration,Authentication / Authorization|Configuration|Logging / Monitoring|UI / Browser Compatibility,,True,No,Windows,,2026-08-24,2026-09-03,,,PAMIT-24355,,,True,True,CRITICALP1,HDB Finance Issue with app web browser SSO 8.28
PAMIT-43379,last-30-days,?,,Bug,Duplicate,Done,ShowStopper,Bkash,Bkash,Connector,Connector,Third-Party Tool & Platform Compatibility,title,Third-Party Tool & Platform Compatibility,Third-Party Compatibility|Configuration|Environment Compatibility,,True,No,Windows,,2026-08-24,2026-08-27,,,PAMIT-24359,PAMIT-42493,,True,False,,Unable to Copy/Paste in RDP Session via macOS Thick Client
PAMIT-43380,last-30-days,?,,Security Fix,Closed,Done,Medium,J&K Bank,J&K Bank,VA,VA,Vulnerability Assessment (VA / VAPT),title,Vulnerability Assessment (VA / VAPT),,,False,No,Windows,,2026-08-24,2026-08-26,,,,,,True,True,CRITICALP1,Jammu and Kashmir Bank VA Internal PT - PAM 2026
PAMIT-43381,last-30-days,?,,Bug,Awaiting Response,In Progress,ShowStopper,Bkash,Bkash,Settings,Settings,Third-Party Tool & Platform Compatibility,description,Third-Party Tool & Platform Compatibility,Third-Party Compatibility|Configuration|Environment Compatibility,,True,No,Windows,,2026-08-24,2026-09-03,,,PAMIT-24355,,,True,True,,Apply Command Profile Does Not Work as Expected from Admin Settings Bkash
PAMIT-43382,last-30-days,?,,Story,Development Analysis,In Progress,ShowStopper,ITD-MC,ITD-MC,Connector,Connector,Password & Credential Lifecycle,title,Password & Credential Lifecycle,Configuration|Environment Compatibility,,False,No,Windows,,2026-08-24,2026-09-02,,,PAMIT-24355,,,False,True,,"ITD-MC MOBA-SSH service using ""PROMPT_USER"" Not stopping at Manual Credentials"
PAMIT-43383,last-30-days,?,,Bug,Closed,Done,High,D360,D360,Connector,Connector,Session Recording & Audit Evidence,title,Session Recording & Audit Evidence,Session Recording|Authentication / Authorization,,False,No,Windows,,2026-08-24,2026-09-03,35.8.29 HF9,,PAMIT-24355,,,True,True,,Disclosure 360 Session recording not generating for MongoDB Compass 29
PAMIT-43384,last-30-days,?,,Bug,Under Observation (No Code Change),In Progress,ShowStopper,Indusind Bank Ltd,Indusind Bank Ltd,Arcon Service / Agent,Arcon Service / Agent,Session Recording & Audit Evidence,title,Session Recording & Audit Evidence,API / Integration|Logging / Monitoring|Boundary Testing,,True,No,Windows,,2026-08-24,2026-09-02,,,,,,True,True,CRITICALP1,IndusInd Bank No logs getting captured in SIEM 8.28
PAMIT-43386,last-30-days,?,,Bug,Development Analysis,In Progress,ShowStopper,SBI General Insurance Company Limited,SBI General Insurance Company Limited,Application & Audit Logs,Application & Audit Logs,Session Recording & Audit Evidence,title,Session Recording & Audit Evidence,Session Recording|Configuration|Negative Testing|Environment Compatibility,,False,Yes,Windows,,2026-08-24,2026-09-02,,,,,,True,True,CRITICALP1,SBI General Insurance U4 VIDEO LOGS NOT GETTING GENERATED FOR FEW SERVICES
PAMIT-43387,last-30-days,?,,Bug,Development Analysis,In Progress,ShowStopper,AXIS Bank Ltd,AXIS Bank Ltd,Password Vault,Password Vault,Reporting & Scheduling,title,Reporting & Scheduling,Data Integrity / Consistency,,False,Yes,Windows,,2026-08-24,2026-09-02,35.8.27,,,,,True,True,,AXIS BANK U16 SP2 B DASHBOARD INCORRECT DATA
PAMIT-43388,last-30-days,?,,Task,Awaiting Response,In Progress,High,Aajtak,Aajtak,MySQl Database,MySQl Database,Third-Party Tool & Platform Compatibility,title,Third-Party Tool & Platform Compatibility,Third-Party Compatibility|Environment Compatibility,,False,No,Windows,,2026-08-25,2026-08-26,,,,,,False,True,,Arcon Pam - Aajtak MySql database
PAMIT-43390,last-30-days,?,,Bug,Development Analysis,In Progress,High,Ethiopian Electric Utility (EEU),Ethiopian Electric Utility (EEU),Connector,Connector,Third-Party Tool & Platform Compatibility,title,Third-Party Tool & Platform Compatibility,Authentication / Authorization|Configuration|UI / Browser Compatibility,,True,No,Windows,,2026-08-25,2026-09-03,35.8.29 HF4,,PAMIT-24355,,,True,True,,EEU- U16 - App Web Browser
PAMIT-43391,last-30-days,?,,Bug,Awaiting Response,In Progress,High,D360,D360,Connector,Connector,Authentication & Identity Integration,description,Authentication & Identity Integration|Performance & Responsiveness,Authentication / Authorization|Configuration|Performance|Environment Compatibility,,True,No,Windows,,2026-08-25,2026-08-31,35.8.29 HF9,,PAMIT-24355,,,True,True,,Disclosure 360 Mongo DB compass need to enable Direct Access Check box 29
PAMIT-43394,last-30-days,?,35.8.29 HF11,Task,Closed,Done,ShowStopper,ICICI Bank,ICICI Bank Ltd,Build and Deploy,Build and Deploy,Uncategorised,none,,Upgrade / Migration,,True,No,Windows,,2026-08-25,2026-08-25,,35.8.29 HF11,,,,False,True,,ICICI Bank Issue Encountered While Executing Migration Scripts
PAMIT-43395,last-30-days,?,,Bug,Awaiting Response,In Progress,ShowStopper,Indusind Bank Ltd,Indusind Bank Ltd,Server Manager,Server Manager,Performance & Responsiveness,title,Performance & Responsiveness,,,False,Yes,Windows,,2026-08-25,2026-09-02,,,,,,True,True,CRITICALP1,INDUSIND BANK slowness while revoking the services in SM 8.28
PAMIT-43396,last-30-days,?,,Bug,Awaiting Response,In Progress,ShowStopper,Bajaj Finsrv,Bajaj Finsrv,Server Manager,Server Manager|Settings,"Access Control, Workflow & Approval",description,"Access Control, Workflow & Approval|Platform Services, Agent & Gateway|UI Field & Control Defects",Configuration|Environment Compatibility,,True,No,Windows,,2026-08-25,2026-08-27,,,,,,True,True,CRITICALP1,Bajaj Finserv U16 SP2 B35.8.22 Command Profile Copy Paste issue
PAMIT-43397,last-30-days,?,,Bug,Awaiting Response,In Progress,ShowStopper,Indusind Bank Ltd,Indusind Bank Ltd,ACMO,ACMO,Performance & Responsiveness,title,Performance & Responsiveness,Authentication / Authorization|Performance|Environment Compatibility,,False,No,Windows,,2026-08-25,2026-08-31,,,,,,True,True,CRITICALP1,INDUSIND BANK SLOWNESS issue while raising service access request 8.28
PAMIT-43399,last-30-days,?,,Bug,Development Analysis,In Progress,High,Bharti Airtel,Bharti Airtel,Server Manager,Server Manager,Service & Asset Management (CRUD/Bulk),title,Service & Asset Management (CRUD/Bulk),Session Recording|Boundary Testing,,False,No,Windows,,2026-08-25,2026-09-03,,,,,,True,True,AML,Bharti Airtel 8.16 Bulk Import Issue Issue in enabling the service
PAMIT-43400,last-30-days,?,,Bug,Awaiting Response,In Progress,High,AXIS Bank Ltd,AXIS Bank Ltd,Password Vault,Password Vault,Password & Credential Lifecycle,description,Password & Credential Lifecycle|Authentication & Identity Integration,Authentication / Authorization,,False,Yes,Windows,,2026-08-25,2026-09-03,,,PAMIT-24365,,,True,True,,Axis Bank - U16 SP2 B35.8.27 - Discrepancy is observed in the password history
PAMIT-43402,last-30-days,?,,Bug,Awaiting Response,In Progress,ShowStopper,SIFY TECHNOLOGIES LIMITED,SIFY TECHNOLOGIES LIMITED,Connector,Connector,Third-Party Tool & Platform Compatibility,title,Third-Party Tool & Platform Compatibility,Third-Party Compatibility|Authentication / Authorization|Configuration|Logging / Monitoring|Environment Compatibility,,True,No,Windows,,2026-08-25,2026-09-02,,,PAMIT-24355,,,True,True,,Gati WinSCP key based authentication issue
PAMIT-43405,last-30-days,?,,Task,Development Analysis,In Progress,ShowStopper,Godrej & Boyce (Mumbai),Godrej & Boyce (Mumbai),ACMO,ACMO|Browser Plugin,Uncategorised,none,,,,True,No,Windows,,2026-08-25,2026-09-03,,,PAMIT-24355,PAMIT-43472,,False,True,CRITICALP1,Godrej & Boyce Issue with 8.0 thick client upon installing the 4.25 plugin 8.28
PAMIT-43406,last-30-days,?,,Bug,Awaiting Response,In Progress,High,Angel broking,Angel broking,AGW,AGW,Reporting & Scheduling,title,"Reporting & Scheduling|Platform Services, Agent & Gateway",Authentication / Authorization|Configuration,,True,No,Windows,,2026-08-25,2026-08-27,,,PAMIT-24347,,,True,True,Engg_AGW,Angelone U16 SP2 B35.8.28 AGW Download option grayed out
PAMIT-43407,last-30-days,?,,Security Fix,Open,To Do,High,Multi Commodity Exchange,Multi Commodity Exchange,VA,VA,Vulnerability Assessment (VA / VAPT),title,Vulnerability Assessment (VA / VAPT),Configuration,,False,No,Windows,,2026-08-25,2026-08-29,35.8.29 HF5,,,,,True,True,,MCX U16 SP2 VA Points
PAMIT-43408,last-30-days,?,,Task,Awaiting Response,In Progress,Medium,ICICI Bank,ICICI Bank Ltd,Report / Dashboard,Report / Dashboard,Reporting & Scheduling,title,Reporting & Scheduling,,,False,No,Windows,,2026-08-25,2026-09-01,,,,,,False,True,,ICICI BANK Service Password Log Status Report Status INFO
PAMIT-43409,last-30-days,?,,Security Fix,Awaiting Response,In Progress,High,Bharti Airtel,Bharti Airtel,MySQl Database,MySQl Database,Uncategorised,none,,Boundary Testing,,False,No,Windows,,2026-08-25,2026-09-01,,,,,,True,True,,Bharti Airtel Data Purging for Password History Tables
PAMIT-43410,last-30-days,?,,Bug,Business Analysis,In Progress,Low,Bharti Airtel,Bharti Airtel,Connector,Connector,Password & Credential Lifecycle,description,"Password & Credential Lifecycle|Access Control, Workflow & Approval|Service & Asset Management (CRUD/Bulk)|Input Validation & Error Handling|Platform Services, Agent & Gateway",Authentication / Authorization|Configuration,,True,No,Windows,,2026-08-25,2026-09-03,,,PAMIT-24355,,,True,True,,Bharti Airtel 8.16 issue while onboarding MongoDB (App Robo 3T)
PAMIT-43411,last-30-days,?,,Bug,Awaiting Response,In Progress,High,TTSL,TTSL,AGW,AGW,Third-Party Tool & Platform Compatibility,description,Third-Party Tool & Platform Compatibility,Logging / Monitoring|Environment Compatibility,,False,No,RHEL,,2026-08-26,2026-09-03,,,PAMIT-24347,,,True,True,Engg_AGW,TTSL Issues while accessing services via AGWA
PAMIT-43419,last-30-days,?,,Task,Closed,Done,High,Natsave Bank,Natsave Bank,All Modules,All Modules,Session Lifecycle & Connectivity,description,Session Lifecycle & Connectivity,Authentication / Authorization|Environment Compatibility,,False,No,Windows,,2026-08-26,2026-08-31,,,,,,False,True,,Natsave Bank PAM Login and Server Access Issue
PAMIT-43421,last-30-days,?,,Task,Development,In Progress,High,ITD-MC,ITD-MC,Connector,Connector,Password & Credential Lifecycle,description,Password & Credential Lifecycle|Authentication & Identity Integration,Authentication / Authorization,,False,No,Windows,,2026-08-26,2026-09-03,,,PAMIT-24355,,,False,True,,ITD-MC Nokia HIT 3 Tool Connector Additional Automation Steps Required
PAMIT-43425,last-30-days,?,,Bug,Awaiting Response,In Progress,High,Moro Hub,Moro Hub,Report / Dashboard,Report / Dashboard,Reporting & Scheduling,title,Reporting & Scheduling|UI Field & Control Defects,Authentication / Authorization,,False,No,Windows,,2026-08-26,2026-08-31,,,,,,True,True,,Moro Hub DDA Download reports Button Greyed out
PAMIT-43428,last-30-days,?,,Task,Development Analysis,In Progress,ShowStopper,Suryoday Bank,Suryoday Bank,ACMO,ACMO,Enhancement / Change Request,title,Enhancement / Change Request,Security,,False,No,Windows,,2026-08-26,2026-08-31,,,PAMIT-24344,PAMIT-40696,,False,True,AML|BH|CRITICALP1,Suryoday Bank Request for TOTP Format Change in New Version
PAMIT-43429,last-30-days,?,,Story,Awaiting Response,In Progress,High,MashreqBank,MashreqBank,Workflow,Workflow,Enhancement / Change Request,description,Enhancement / Change Request,,,False,,,,2026-08-26,2026-08-31,,,,,,False,True,AML|NTD,Mashreq Bank Feature Requirement for INC/CR Field in Service Requests
PAMIT-43431,last-30-days,?,,Bug,Development Analysis,In Progress,High,Xtelify (Airtel),Xtelify (Airtel),ACMO,ACMO,"Access Control, Workflow & Approval",title,"Access Control, Workflow & Approval|Input Validation & Error Handling",Workflow / Approval|Negative Testing,,False,No,Windows,,2026-08-26,2026-08-28,,,,,,True,True,,Xtelify While approving service password request getting as invalid workflow details
PAMIT-43437,last-30-days,?,,Task,Open,To Do,High,ICICI Bank,ICICI Bank Ltd,Arcon Service / Agent,Arcon Service / Agent,Password & Credential Lifecycle,description,Password & Credential Lifecycle|Service & Asset Management (CRUD/Bulk)|Input Validation & Error Handling|API & Integration|Performance & Responsiveness,API / Integration|Logging / Monitoring|Performance|Negative Testing,,True,No,Windows,,2026-08-26,2026-08-27,,,PAMIT-24351,,,False,True,,ICICI Bank ARCOSReconService Monitoring Details for Dynatrace
PAMIT-43438,last-30-days,?,,APEM Tool,Closed,Done,High,Osource Global,Osource Global,APEM Tool,APEM Tool,Uncategorised,none,,,,False,No,Windows,,2026-08-26,2026-08-31,35.8.29 HF9,,PAMIT-24349,,,False,True,,OSOURCE GLOBAL 29 APEM TOOL
PAMIT-43439,last-30-days,?,35.8.29 HF11,Bug,Closed,Done,High,CCIL,CCIL,SSO,SSO,Third-Party Tool & Platform Compatibility,title,Third-Party Tool & Platform Compatibility|Authentication & Identity Integration,Third-Party Compatibility|Authentication / Authorization|Configuration|Upgrade / Migration|Environment Compatibility,,True,No,Windows,,2026-08-26,2026-08-31,35.8.29 HF11,35.8.29 HF11,PAMIT-24355,,,True,True,,CCIL App Toad Service SSO Issue U16 SP2
PAMIT-43440,last-30-days,?,35.8.29 HF6,Task,Awaiting Response,In Progress,High,HDFC SECURITIES,HDFC SECURITIES,Password,Password,Password & Credential Lifecycle,title,Password & Credential Lifecycle|API & Integration,Authentication / Authorization|API / Integration|Configuration,,True,No,Windows,,2026-08-26,2026-08-31,35.8.27,35.8.29 HF6,PAMIT-24364,,,False,True,,HDFC SECURITIES U16SP2 NTP SERVICE Password Rotation using API
PAMIT-43452,last-30-days,?,,Task,Closed,Done,High,IOCL,IOCL,Knight Analytics,Knight Analytics,Uncategorised,none,,,,False,No,Windows,,2026-08-27,2026-09-03,,,PAMIT-24358,,,False,True,ENGG_TEAM|Engg_August26|kalpesh,IOCL Knight Analytics Package Required
PAMIT-43454,last-30-days,?,,Bug,Awaiting Response,In Progress,ShowStopper,Bandhan Bank (New),Bandhan Bank (New),Arcon Service / Agent,Arcon Service / Agent,Session Recording & Audit Evidence,title,Session Recording & Audit Evidence,Session Recording|Configuration|Performance,,True,No,Windows,,2026-08-27,2026-08-31,,,,,,True,True,CRITICALP1,Bandhan Bank U16 SP2 B35.8.24 pyVLSm Service Freezing During Image-to-Video Conversion
PAMIT-43455,last-30-days,?,,Bug,Awaiting Response,In Progress,High,AXIS CAPITAL,AXIS CAPITAL,Server Manager,Server Manager,Session Recording & Audit Evidence,description,"Session Recording & Audit Evidence|Access Control, Workflow & Approval|Reporting & Scheduling|Log Viewing & Audit Reports|UI Field & Control Defects",Session Recording|Authentication / Authorization|Logging / Monitoring|UI / Browser Compatibility,,True,No,Windows,,2026-08-27,2026-08-31,35.8.29 HF11,,PAMIT-24551,,,True,True,CRITICALP1,AXIS CAPITAL 29 - Black screen issue while viewing logs from Server Manager
PAMIT-43456,last-30-days,?,,Bug,Development Analysis,In Progress,High,ITD-MC,ITD-MC,Connector,Connector,Session Recording & Audit Evidence,title,Session Recording & Audit Evidence|UI Field & Control Defects,Session Recording|Authentication / Authorization|API / Integration|UI / Browser Compatibility,,False,No,Windows,,2026-08-27,2026-09-02,,,,,,True,True,,ITD-MC Video Logs of Child web service not available
PAMIT-43459,last-30-days,?,,Bug,Development Analysis,In Progress,High,VIL IT,VIL IT,Connector,Connector,Input Validation & Error Handling,description,Input Validation & Error Handling,,,False,No,Windows,,2026-08-27,2026-09-03,,,PAMIT-24344,,,True,True,,VIL IT - App Data Management Studio Issue
PAMIT-43460,last-30-days,?,,Bug,Patch Shared,To Do,High,VIL IT,VIL IT,Connector,Connector,Input Validation & Error Handling,description,Input Validation & Error Handling,,,False,No,Windows,,2026-08-27,2026-09-03,,,PAMIT-24355,,,True,True,,VIL IT - Server To Server Connectivity Issue
PAMIT-43461,last-30-days,?,,Bug,Closed,Done,High,ITD-MC,ITD-MC,Connector,Connector,Session Recording & Audit Evidence,title,Session Recording & Audit Evidence|Third-Party Tool & Platform Compatibility|Authentication & Identity Integration,Session Recording|Authentication / Authorization|UI / Browser Compatibility,,False,No,Windows,,2026-08-27,2026-09-02,,,,,,True,True,,ITD-MC Issue with SSO Session ID and Video Logs for App Web Browser Service
PAMIT-43464,last-30-days,?,,Task,Closed,Done,High,MSEI,MSEI,All Modules,All Modules,Uncategorised,none,,Upgrade / Migration|Logging / Monitoring,,True,No,Windows,,2026-08-27,2026-09-03,,,PAMIT-24348,,,False,True,,MSEI Getting an Issue while executing upgrade the script(U4-U16SP2 29HF11)
PAMIT-43471,last-30-days,?,35.8.24 HF13,Bug,Open,To Do,Medium,Prime Bank Bangladesh,Prime Bank Bangladesh,Connector,Connector,Third-Party Tool & Platform Compatibility,title,Third-Party Tool & Platform Compatibility|Input Validation & Error Handling,Third-Party Compatibility|Configuration,,True,No,Windows,,2026-08-27,2026-08-28,35.8.24 HF13,,PAMIT-24355,PAMIT-41767,,True,True,CRITICALP1,Prime Bank Bangladesh U16SP2 Could not find a path error while connecting to App TOAD Oracle
PAMIT-43472,last-30-days,?,,Task,Development Analysis,In Progress,ShowStopper,AXIS Bank Ltd,AXIS Bank Ltd,Browser Plugin,Browser Plugin|PAM - MAC Thick Client,Third-Party Tool & Platform Compatibility,title,Third-Party Tool & Platform Compatibility,Upgrade / Migration|Environment Compatibility,,True,No,Windows,,2026-08-27,2026-09-03,,,PAMIT-24344,PAMIT-43405,,False,True,CRITICALP1,"Axis Bank - U16 SP2 B35.8.27 - Plugin, Windows thick client and Mac Thick client confirmation"
PAMIT-43473,last-30-days,?,,Bug,Development Analysis,In Progress,High,GAIL,GAIL,Connector,Connector,Third-Party Tool & Platform Compatibility,title,Third-Party Tool & Platform Compatibility,Authentication / Authorization|UI / Browser Compatibility|Environment Compatibility,,True,Yes,Windows,,2026-08-27,2026-09-03,35.8.29 HF11,,PAMIT-24355,,,True,True,CRITICALP1,GAIL U16 SP2 APP WEB BROWSER ISSUE
PAMIT-43474,last-30-days,?,,Bug,Development Analysis,In Progress,ShowStopper,Osource Global,Osource Global,Connector,Connector,Third-Party Tool & Platform Compatibility,title,Third-Party Tool & Platform Compatibility,Third-Party Compatibility|Session Recording|Authentication / Authorization|Configuration|Environment Compatibility,,False,No,Windows,,2026-08-27,2026-09-02,,,PAMIT-24355,,,True,True,CRITICALP1|Connector,OSOURCE GLOBAL 29HF9 PUTTY INTERMITTENT ISSUE
PAMIT-43476,last-30-days,?,,Bug,Closed,Done,High,Xtelify (Airtel),Xtelify (Airtel),ACMO,ACMO,Session Recording & Audit Evidence,title,Session Recording & Audit Evidence,Session Recording|Logging / Monitoring,,True,No,Windows,,2026-08-28,2026-09-02,,,,,,True,True,,Xtelify Video logs not getting played
PAMIT-43477,last-30-days,?,,APEM Tool,Awaiting Response,In Progress,High,State bank of India,State bank of India,APEM Tool,APEM Tool,Uncategorised,none,,,,False,No,Windows,,2026-08-28,2026-09-01,35.8.28,,PAMIT-24349,,,False,True,,Affin Bank - U16 SP2 - APEM tool
PAMIT-43479,last-30-days,?,,Task,Awaiting Response,In Progress,Medium,Piramal Finance,Piramal Finance,Password Vault,Password Vault,Password & Credential Lifecycle,title,Password & Credential Lifecycle|Reporting & Scheduling,,,False,No,Windows,,2026-08-28,2026-08-31,,,,,,False,True,,Piramal Finance Validate Password Vault Dashboard Count
PAMIT-43483,last-30-days,?,,Performance,Development Analysis,In Progress,ShowStopper,ICICI Bank,ICICI Prudential,Server Manager,Server Manager,Reporting & Scheduling,title,Reporting & Scheduling|Performance & Responsiveness,Upgrade / Migration|Performance,,True,No,Windows,,2026-08-28,2026-09-02,35.8.29 HF5,,PAMIT-24350,PAMIT-41009,,True,True,CRITICALP1|Server-Manager,ICICI PRUDENTIAL U16 SP2 B SCHEDULER ENVELOPE SLOWNESS
PAMIT-43485,last-30-days,?,,Story,Open,To Do,High,Janalakshmi Financial Services,Janalakshmi Financial Services,Connector,Connector,Third-Party Tool & Platform Compatibility,title,Third-Party Tool & Platform Compatibility|API & Integration,Third-Party Compatibility|Session Recording|API / Integration,,True,Yes,Windows,,2026-08-28,2026-09-02,,,PAMIT-24355,,,False,True,CRITICALP1,Janalakshmi Bank Integration of IBM DB2 instance in DBeaver Application with Arcos
PAMIT-43486,last-30-days,?,,Story,Open,To Do,High,Janalakshmi Financial Services,Janalakshmi Financial Services,Connector,Connector,API & Integration,title,API & Integration,API / Integration|Workflow / Approval|Environment Compatibility,,True,Yes,Windows,,2026-08-28,2026-09-02,,,PAMIT-24355,,,False,True,,Janalakshmi Bank Integration of KNIME Application with Arcos
PAMIT-43487,last-30-days,?,,Bug,Awaiting Response,In Progress,High,Indus Towers,Indus Towers,PAM - MAC Thick Client,PAM - MAC Thick Client,Third-Party Tool & Platform Compatibility,title,Third-Party Tool & Platform Compatibility,Performance|Environment Compatibility,,False,No,Windows,,2026-08-28,2026-08-31,,,PAMIT-24359,,,True,True,,Indus Towers Issue Accessing Service from ARCON Mac
PAMIT-43489,last-30-days,?,,Security Fix,Open,To Do,High,State bank of India,State bank of India,All Modules,All Modules,Vulnerability Assessment (VA / VAPT),title,Vulnerability Assessment (VA / VAPT),,,False,No,Windows,,2026-08-28,2026-09-03,35.8.21 HF4,,,,,True,True,,State bank of India - U16 SP2 - VA points raised
PAMIT-43490,last-30-days,?,,Bug,Awaiting Response,In Progress,ShowStopper,SBI Cards,SBI Cards,ACMO,ACMO,Input Validation & Error Handling,description,Input Validation & Error Handling,Authentication / Authorization|Negative Testing,,False,No,Windows,,2026-08-28,2026-09-02,,,PAMIT-24344,,,True,True,,SBIC Intermediate login issue in ACMO
PAMIT-43492,last-30-days,?,,Task,Awaiting Response,In Progress,Low,Saraswat Bank(Mumbai),Saraswat Bank(Mumbai),All Modules,All Modules,Uncategorised,none,,Upgrade / Migration,,True,No,Windows,,2026-08-28,2026-08-28,,,,,,False,True,,Saraswat Bank Issue while upgrading from U4 to .29HF11
PAMIT-43493,last-30-days,?,,Bug,Under Observation (No Code Change),In Progress,High,Securities and Exchange Board of India,Securities and Exchange Board of India,All Modules,All Modules,Session Recording & Audit Evidence,title,Session Recording & Audit Evidence,API / Integration|Logging / Monitoring|Environment Compatibility,,True,No,Windows,,2026-08-28,2026-09-02,,,,,,True,True,CRITICALP1,SEBI SIEM capturing SFTP user other than the user logged in the Linux server
PAMIT-43494,last-30-days,?,,Bug,Awaiting Response,In Progress,Low,IFTAS,IFTAS,PAM API,PAM API,API & Integration,title,API & Integration,Third-Party Compatibility|API / Integration,,False,No,Windows,,2026-08-28,2026-09-03,,,,,,True,True,,IFTAS VRA PAM API ServiceOffboarding APIs issues.
PAMIT-43496,last-30-days,?,,Bug,Under Observation (No Code Change),In Progress,High,ITD-MC,ITD-MC,AGW,AGW,"Platform Services, Agent & Gateway",title,"Platform Services, Agent & Gateway",Authentication / Authorization|Environment Compatibility,,False,No,Windows,,2026-08-31,2026-09-02,,,PAMIT-24347,,,True,True,Engg_AGW,ITD-MC AGW Black Screen issue
PAMIT-43497,last-30-days,?,,Bug,Awaiting Response,In Progress,High,ITD-MC,ITD-MC,AGW,AGW,"Platform Services, Agent & Gateway",title,"Platform Services, Agent & Gateway",Authentication / Authorization,,False,No,Windows,,2026-08-31,2026-09-03,,,PAMIT-24347,,,True,True,Engg_AGW,ITD-MC AGW Remote Tool Issue Child Tabs Become Blank and Non-Interactive After Minimizing.
PAMIT-43499,last-30-days,?,,Bug,Development Analysis,In Progress,ShowStopper,IDBI Bank,IDBI Bank,Report / Dashboard,Report / Dashboard,"Access Control, Workflow & Approval",title,"Access Control, Workflow & Approval|Reporting & Scheduling",Upgrade / Migration|UI / Browser Compatibility|Workflow / Approval,,True,No,Windows,,2026-08-31,2026-09-03,35.8.29 HF11,,PAMIT-24366,,,True,True,report,IDBI Bank Time-Based service mapping not appearing in user&service mapping report U16 SP2
PAMIT-43504,last-30-days,?,,Bug,Awaiting Response,In Progress,ShowStopper,Union Bank Of India,Union Bank Of India,Arcon Service / Agent,Arcon Service / Agent|Password,Reporting & Scheduling,title,Reporting & Scheduling,Authentication / Authorization|Configuration|Security|Boundary Testing|Environment Compatibility,,True,No,Windows,,2026-08-31,2026-09-01,35.8.24 HF6,,,,,True,True,CRITICALP1,UBI U16 SP2 Scheduled Password Envelope Stopped Generating
PAMIT-43506,last-30-days,?,,Story,Business Analysis,In Progress,High,AXIS Bank Ltd,AXIS Bank Ltd,Password Vault,Password Vault,Reporting & Scheduling,title,Reporting & Scheduling,Logging / Monitoring|Boundary Testing,,True,Yes,Windows,,2026-08-31,2026-09-02,35.8.29 HF11,,PAMIT-24365,,,False,True,,AXIS BANK U16 SP2 B Customizable Password Age in Dashboard Chart
PAMIT-43507,last-30-days,?,,Bug,Development Analysis,In Progress,ShowStopper,Ajman Bank,Ajman Bank,Server Manager,Server Manager,Service & Asset Management (CRUD/Bulk),title,Service & Asset Management (CRUD/Bulk)|Session Lifecycle & Connectivity,Performance|Boundary Testing,,False,No,Windows,,2026-08-31,2026-08-31,,,PAMIT-24551,PAMIT-43150,,True,True,CRITICALP1,Ajman Bank 29HF11 Bulk Update not working 'Cannot perform the operations. Please try again later'
PAMIT-43508,last-30-days,?,,Story,Open,To Do,Medium,TCS Cyber Security,TCS Cyber Security,Application & Audit Logs,Application & Audit Logs,Session Recording & Audit Evidence,title,Session Recording & Audit Evidence|Enhancement / Change Request,Session Recording|Logging / Monitoring,,True,,Windows,,2026-08-31,2026-08-31,,,PAMIT-24344,,,False,True,,TCS CSP Enhancement Request for Conversion of Delta Images to Video Format
PAMIT-43509,last-30-days,?,35.8.29 HF10,Bug,Awaiting Response,In Progress,ShowStopper,HDB Financial Services Limited,HDB Financial Services Limited,Password Vault,Password Vault,Password & Credential Lifecycle,description,Password & Credential Lifecycle,,,True,No,Windows,,2026-08-31,2026-09-01,,35.8.29 HF10,PAMIT-24365,,,True,True,CRITICALP1,HDB Finance Vaulting issue for local users on the same Server 8.28
PAMIT-43510,last-30-days,?,,Task,Awaiting Response,In Progress,High,HDB Financial Services Limited,HDB Financial Services Limited,Connector,Connector,Connector Development & New Integration,title,Connector Development & New Integration,Configuration|Environment Compatibility,,True,No,Windows,,2026-08-31,2026-09-03,,,PAMIT-24355,,,False,True,,HDB Finance New Connector Request 8.28
PAMIT-43511,last-30-days,?,,Performance,Closed,Done,ShowStopper,Kotak Bank,Kotak Bank New,Server Manager,Server Manager,Third-Party Tool & Platform Compatibility,title,Third-Party Tool & Platform Compatibility|Performance & Responsiveness,Performance|UI / Browser Compatibility|Workflow / Approval|Boundary Testing,,False,No,Windows,,2026-08-31,2026-09-01,,,PAMIT-24551,PAMIT-41975,,True,True,,Kotak Bank New Slowness and UI Freeze During JSON Upload for App Web Browser
PAMIT-43512,last-30-days,?,,Bug,Open,To Do,ShowStopper,Svamaan Financial Service,Svamaan Financial Service,Connector,Connector,Third-Party Tool & Platform Compatibility,title,Third-Party Tool & Platform Compatibility|Session Lifecycle & Connectivity,Third-Party Compatibility,,False,No,Windows,,2026-08-31,2026-08-31,,,PAMIT-24355,PAMIT-43231,,True,True,Connector,Svamaan Financial Service SSMS Studio not working PAM Ver. 29_HF11
PAMIT-43513,last-30-days,?,,Security Fix,Open,To Do,Medium,LIC Mutual Fund,LIC Mutual Fund,VA,VA,Security Hardening & Exposure,title,Security Hardening & Exposure,Security|Environment Compatibility,,False,No,Windows,,2026-08-31,2026-09-03,35.8.20,,,,,True,True,,LIC Mutual Fund Linux OS Vulnerabilities Identified U16 SP2
PAMIT-43515,last-30-days,?,,Security Fix,Open,To Do,High,Neoleap,Neoleap,VA,VA,Vulnerability Assessment (VA / VAPT),title,Vulnerability Assessment (VA / VAPT),,,False,No,Windows,,2026-08-31,2026-09-01,,,,,,True,True,,Neoleap 29HF6 IIS VA
PAMIT-43517,last-30-days,?,,Task,Open,To Do,Medium,Piramal Finance,Piramal Finance,Performance,Performance,"Platform Services, Agent & Gateway",title,"Platform Services, Agent & Gateway",,,False,No,Windows,,2026-08-31,2026-08-31,,,,,,False,True,,Piramal Finance(SAAS) 29HF1 Web Gateway
PAMIT-43518,last-30-days,?,,Task,Awaiting Response,In Progress,High,HOWDEN,HOWDEN,Arcon Service / Agent,Arcon Service / Agent,Session Lifecycle & Connectivity,title,Session Lifecycle & Connectivity,Configuration|Upgrade / Migration|Logging / Monitoring,,True,No,Windows,,2026-08-31,2026-09-03,,,PAMIT-24351,,,False,True,,HOWDEN Alert Service Not Working
PAMIT-43519,last-30-days,?,,Task,Awaiting Response,In Progress,High,Yes Securities,Yes Securities,Linux Thick Client,Linux Thick Client,Session Lifecycle & Connectivity,description,"Session Lifecycle & Connectivity|Platform Services, Agent & Gateway",Environment Compatibility,,False,No,Windows,,2026-08-31,2026-09-03,,,PAMIT-24374,,,False,True,LTC,Yes securities - Ubuntu Linux thickclient issue
PAMIT-43521,last-30-days,?,,Bug,Awaiting Session,To Do,ShowStopper,IIFL,IIFL,Password Vault,Password Vault,Password & Credential Lifecycle,title,"Password & Credential Lifecycle|Access Control, Workflow & Approval",Authentication / Authorization|Configuration|Upgrade / Migration|Workflow / Approval|Security,,True,No,Windows,,2026-08-31,2026-09-02,35.8.29 HF11,,,,,True,True,CRITICALP1,IIFL Authorization unsuccessful for domain users in password vault when viewving U16 SP2
PAMIT-43522,last-30-days,?,,Bug,Open,To Do,ShowStopper,Bajaj Housing Finance Limited ( BHFL ),Bajaj Housing Finance Limited ( BHFL ),ACMO,ACMO,Session Recording & Audit Evidence,description,Session Recording & Audit Evidence|Third-Party Tool & Platform Compatibility,Session Recording|Authentication / Authorization|Logging / Monitoring|UI / Browser Compatibility,,True,No,Windows,,2026-08-31,2026-08-31,35.8.29 HF1,,,,,True,True,,BHFL U16 SP2 Incorrect Current Session Timestamp on ACMO Page
PAMIT-43523,last-30-days,?,,Bug,Development Analysis,In Progress,ShowStopper,Indusind Bank Ltd,Indusind Bank Ltd,ACMO,ACMO|Workflow,"Access Control, Workflow & Approval",title,"Access Control, Workflow & Approval",Workflow / Approval,,True,No,Windows,,2026-08-31,2026-09-03,,,PAMIT-24344,,,True,True,ACMO|Workflow,IndusInd Bank Status Email Notification Sent to an Unconfigured Approver in Service Access Time-Based Workflow
PAMIT-43525,last-30-days,?,35.8.24,Bug,Open,To Do,High,Abu Dhabi Islamic Bank(ADIB),Abu Dhabi Islamic Bank(ADIB),All Modules,All Modules,Session Lifecycle & Connectivity,title,Session Lifecycle & Connectivity,Authentication / Authorization|Upgrade / Migration,,True,Yes,Windows,,2026-08-31,2026-09-02,,,PAMIT-24361,,,True,True,,ADIB Multitab not working post upgrade - CLONE
PAMIT-43527,last-30-days,?,,Bug,Awaiting Response,In Progress,ShowStopper,SBI Mutual Fund,SBI Mutual Fund,Password Vault,Password Vault,Uncategorised,none,,,,True,Yes,Windows,,2026-08-31,2026-09-03,,,,,,True,True,CRITICALP1,SBI MUTUAL FUND U16 SP2 B35.8.28 500 Error on reconcilation
PAMIT-43528,last-30-days,?,,Story,Awaiting Response,In Progress,High,Versa Network,Versa Network,ACMO,ACMO,Session Recording & Audit Evidence,title,Session Recording & Audit Evidence|LOB / Organisation Mapping,Session Recording,,True,No,Windows,,2026-08-31,2026-09-03,35.8.29 HF4,,,,,False,True,AML,Versa Network 24 Configurable Banner/Pop-up Message Based on LOB Selection
PAMIT-43530,last-30-days,?,,Performance,Awaiting Response,In Progress,High,ITD-MC,ITD-MC,ACMO,ACMO,Performance & Responsiveness,description,Performance & Responsiveness,API / Integration|Performance|Boundary Testing,,False,No,Windows,,2026-09-01,2026-09-03,,,PAMIT-24344,,,True,True,,ITD-MC ACMO Paging Issue
PAMIT-43531,last-30-days,?,,Bug,Open,To Do,High,ITD-MC,ITD-MC,Connector,Connector,Session Lifecycle & Connectivity,title,Session Lifecycle & Connectivity,Authentication / Authorization,,False,No,Windows,,2026-09-01,2026-09-03,,,PAMIT-24355,,,True,True,,ITD-MC SecureCRT Interactive Keyboard not working
PAMIT-43532,last-30-days,?,,Bug,Awaiting Session,To Do,ShowStopper,Suryoday Bank,Suryoday Bank,ACMO,ACMO,Uncategorised,none,,Authentication / Authorization,,False,No,Windows,,2026-09-01,2026-09-02,35.8.29 HF6,,,,,True,True,,Suryoday Bank u16 SP2 acmo license login issue
PAMIT-43533,last-30-days,?,,Security Fix,Open,To Do,High,OGB,OGB,All Modules,All Modules,Vulnerability Assessment (VA / VAPT),title,Vulnerability Assessment (VA / VAPT),Security,,False,No,Windows,,2026-09-01,2026-09-03,,,,,,True,True,,OGB VA POINTS U16SP235.8.24
PAMIT-43540,last-30-days,?,,Security Fix,Open,To Do,High,Kotak Bank,Kotak Bank New,Browser Plugin,Browser Plugin,Uncategorised,none,,,,False,No,Windows,,2026-09-01,2026-09-01,,,,,,True,True,,Kotak Bank Clarification on points raised by client.
PAMIT-43541,last-30-days,?,,Task,Awaiting Response,In Progress,High,Canara Bank,Canara Bank,ACMO,ACMO|MySQl Database|Server Manager,"Access Control, Workflow & Approval",description,"Access Control, Workflow & Approval|Session Lifecycle & Connectivity",Workflow / Approval,,False,No,Windows,,2026-09-01,2026-09-02,,,,,,False,True,ACMO|MySQL|Server-Manager,Canara Bank Need Query to enable Allow Password Request option for all services
PAMIT-43542,last-30-days,?,,Bug,Development Analysis,In Progress,High,Bharti Airtel,Bharti Airtel,Workflow,Workflow,"Access Control, Workflow & Approval",title,"Access Control, Workflow & Approval",Workflow / Approval|Environment Compatibility,,True,No,Windows,,2026-09-01,2026-09-03,,,,,,True,True,CRITICALP1,Bharti Airtel Service Access request Workflow issue 8.16
PAMIT-43549,last-30-days,?,,Bug,Awaiting Response,In Progress,High,GAIL,GAIL,Server Manager,Server Manager,"Access Control, Workflow & Approval",description,"Access Control, Workflow & Approval|Enhancement / Change Request",Upgrade / Migration|Workflow / Approval,,True,No,Windows,,2026-09-01,2026-09-03,,,PAMIT-24551,,,True,True,CRITICALP1,GAIL User Group Mapping Issue U16 SP2 35.8.29Hf11P2
PAMIT-43553,last-30-days,?,,Bug,Awaiting Response,In Progress,ShowStopper,Muthoot Finance.,Muthoot Finance.,Server Manager,Server Manager,Service & Asset Management (CRUD/Bulk),title,Service & Asset Management (CRUD/Bulk)|UI Field & Control Defects,Upgrade / Migration,,True,,,,2026-09-01,2026-09-03,,,PAMIT-24551,,,True,True,,Muthoot Finance Unable to select or modify service PAM
PAMIT-43554,last-30-days,?,,Document,Open,To Do,High,Muthoot Finance.,Muthoot Finance.,ACMO,ACMO,Reporting & Scheduling,title,Reporting & Scheduling,,,False,,,,2026-09-01,2026-09-01,,,,,,False,True,,Muthoot Finance Unable to download videologs PAM
PAMIT-43556,last-30-days,?,,Bug,Development Analysis,In Progress,ShowStopper,CCIL,CCIL,PAM MS API,PAM MS API,Uncategorised,none,,Logging / Monitoring,,False,,,,2026-09-01,2026-09-03,35.8.29 HF10,,PAMIT-24350,,,True,True,,CCIL High Disk Space Utilization - SmServiceAPI Logs Continuously Generated [U16 SP2 ]
PAMIT-43557,last-30-days,?,,Story,Open,To Do,High,MashreqBank,MashreqBank,Connector,Connector,Enhancement / Change Request,title,Enhancement / Change Request,Session Recording|Configuration|Environment Compatibility,,True,,Windows,,2026-09-01,2026-09-01,,,PAMIT-24355,,,False,True,,Mashreq Bank Feature Enhancement Request – Support for MongoDB+SRV Connection String
PAMIT-43558,last-30-days,?,,Security Fix,Open,To Do,High,State bank of India,State bank of India,VA,VA,Vulnerability Assessment (VA / VAPT),title,Vulnerability Assessment (VA / VAPT),Configuration,,True,No,Windows,,2026-09-01,2026-09-01,35.8.21,,,,,True,True,,State bank of India - U16 SP2 - VAPT point
PAMIT-43561,last-30-days,?,,Bug,Awaiting Session,To Do,ShowStopper,Union Bank Of India,Union Bank Of India,Password,Password,Password & Credential Lifecycle,description,Password & Credential Lifecycle,Configuration|Boundary Testing,,True,No,Windows,,2026-09-01,2026-09-03,35.8.24 HF6,,PAMIT-24364,,,True,True,CRITICALP1,UBI U16 SP2 SPC Not Triggering for AIX Servers
PAMIT-43563,last-30-days,?,,Bug,Awaiting Response,In Progress,High,Cosmos Bank,Cosmos Bank,Report / Dashboard,Report / Dashboard,Reporting & Scheduling,title,Reporting & Scheduling|Input Validation & Error Handling,Third-Party Compatibility,,False,No,Windows,,2026-09-01,2026-09-03,,,PAMIT-24366,,,True,True,,Unable to view User & Service Mapping report
PAMIT-43564,last-30-days,?,,Document,Open,To Do,High,Muthoot Finance.,Muthoot Finance.,ACMO,ACMO,Uncategorised,none,,,,False,,,,2026-09-01,2026-09-01,,,,,,False,True,,Muthoot Finance Unable to raise request PAM
PAMIT-43565,last-30-days,?,,Bug,Closed,Done,ShowStopper,Vodafone,Vodafone,FT - Optimising the AGW,FT - Optimising the AGW,Authentication & Identity Integration,title,Authentication & Identity Integration,Authentication / Authorization|Upgrade / Migration|UI / Browser Compatibility,,True,No,Windows,,2026-09-01,2026-09-03,,,PAMIT-24981,,,True,True,CRITICALP1,VIL–SSO Issue After Extension Upgrade
PAMIT-43566,last-30-days,?,,Story,Business Analysis,In Progress,ShowStopper,TFG - South Africa,TFG - South Africa,ACMO,ACMO|Connector,Third-Party Tool & Platform Compatibility,title,Third-Party Tool & Platform Compatibility,Session Recording|Configuration|Logging / Monitoring|Environment Compatibility,,True,No,Windows,,2026-09-01,2026-09-02,35.8.29 HF11,,CI-2234,,,False,True,,TFG U16 SP2 Multi-Monitor support for Windows RDP
PAMIT-43573,last-30-days,?,,Client-Support,Open,To Do,ShowStopper,ICICI Bank,ICICI Bank Ltd,«none»,,Security Hardening & Exposure,title,Security Hardening & Exposure,Configuration|Security|Environment Compatibility,,True,,,,2026-09-02,2026-09-02,,,,,,True,True,,ICICI bank Encryption details requirement
PAMIT-43574,last-30-days,?,,Bug,Awaiting Session,To Do,ShowStopper,IDFC,IDFC,Connector,Connector,Password & Credential Lifecycle,title,Password & Credential Lifecycle,Third-Party Compatibility,,False,No,Windows,,2026-09-02,2026-09-02,35.8.24 HF8,,PAMIT-24355,,,True,True,Connector,IDFC No Supported Auth methods while accessing thales SSH server U16 SP2
PAMIT-43575,last-30-days,?,,Bug,Development Analysis,In Progress,ShowStopper,Muthoot Finance.,Muthoot Finance.,Server Manager,Server Manager,UI Field & Control Defects,title,UI Field & Control Defects,UI / Browser Compatibility,,False,,,,2026-09-02,2026-09-03,,,PAMIT-24551,,,True,True,,Muthoot Finance Manage user section drop down not visibile PAM
PAMIT-43577,last-30-days,?,,Task,Open,To Do,Low,Alkem,Alkem,ACMO,ACMO,Session Lifecycle & Connectivity,title,Session Lifecycle & Connectivity,API / Integration|Configuration|Environment Compatibility,,True,No,Windows,,2026-09-02,2026-09-02,,,,,,False,True,,Alkem Production PAM URL Not Working
PAMIT-43578,last-30-days,?,,Bug,Open,To Do,ShowStopper,Ministry of Interior UAE,Ministry of Interior UAE,Server Manager,Server Manager,Service & Asset Management (CRUD/Bulk),title,Service & Asset Management (CRUD/Bulk),Boundary Testing,,False,No,Windows,,2026-09-02,2026-09-02,,,,,,True,True,CRITICALP1,MOI Issue with Service Group Mapping During Bulk Import
PAMIT-43579,last-30-days,?,,Bug,Awaiting Session,To Do,ShowStopper,Vodafone,Vodafone,Server Manager,Server Manager,Input Validation & Error Handling,description,Input Validation & Error Handling,Environment Compatibility,,False,No,Windows,,2026-09-02,2026-09-03,,,PAMIT-24551,,,True,True,,VIL - Error in SSH Linux Logs
PAMIT-43580,last-30-days,?,,Bug,Open,To Do,High,Bkash,Bkash,ACMO,ACMO,Session Recording & Audit Evidence,title,Session Recording & Audit Evidence,Session Recording|Logging / Monitoring|Environment Compatibility,,False,No,Windows,,2026-09-02,2026-09-03,,,PAMIT-24344,,,True,True,,Multiple sessions getting captured in video logs (Delta Images) Bkash
PAMIT-43581,last-30-days,?,,Task,Awaiting Response,In Progress,High,JBWA,JBWA,Arcon Service / Agent,Arcon Service / Agent,Third-Party Tool & Platform Compatibility,title,Third-Party Tool & Platform Compatibility,Third-Party Compatibility|Authentication / Authorization|Upgrade / Migration,,True,No,Windows,,2026-09-02,2026-09-03,,,PAMIT-24348,,,False,True,,JBWA EM Local SQL Auto Login Failure Post SSMS 2022 Upgrade
PAMIT-43582,last-30-days,?,,Bug,Awaiting Response,In Progress,High,Diligenta AWS,Diligenta AWS,ACMO,ACMO,Session Lifecycle & Connectivity,title,Session Lifecycle & Connectivity,Authentication / Authorization|API / Integration|Configuration|Workflow / Approval|Environment Compatibility,,True,No,Windows,,2026-09-02,2026-09-03,,,,,,True,True,,Diligenta AWS Azure login not working
PAMIT-43585,last-30-days,?,,Performance,Under Observation (No Code Change),In Progress,ShowStopper,The Nainital Bank Limited,The Nainital Bank Limited,Connector,Connector,Performance & Responsiveness,title,Performance & Responsiveness,Upgrade / Migration|Performance|Environment Compatibility,,True,No,Windows,,2026-09-02,2026-09-03,,,PAMIT-24355,,,True,True,,Nainital Bank Slowness While Executing Commands on Linux Servers
PAMIT-43586,last-30-days,?,,Story,Business Analysis,In Progress,High,ICICI Bank,ICICI Bank Ltd,PAM API,PAM API,API & Integration,title,API & Integration,API / Integration,,False,No,Windows,,2026-09-02,2026-09-03,,,,,,False,True,AML,ICICI BANK API for Group/All-Group Service Mapping Data
PAMIT-43587,last-30-days,?,,Bug,Development Analysis,In Progress,High,Vodafone,Vodafone,Connector,Connector,Uncategorised,none,,Boundary Testing,,False,No,Windows,,2026-09-02,2026-09-03,,,PAMIT-24355,,,True,True,,VIL - SQL Deadlocks in usp_GetORSetServiceLogRealTime
PAMIT-43588,last-30-days,?,,Story,Open,To Do,High,Nippon India Mutual Fund,Nippon India Mutual Fund,AGW,AGW,Session Lifecycle & Connectivity,title,Session Lifecycle & Connectivity,,,False,,,,2026-09-02,2026-09-02,35.8.29 HF5,,,,,False,True,,Nippon India MF Clipboard not working through AGWA U16 sp2
PAMIT-43589,last-30-days,?,,Task,Awaiting Response,In Progress,High,ICICI Bank,ICICI Bank Ltd,Server Manager,Server Manager,Service & Asset Management (CRUD/Bulk),title,Service & Asset Management (CRUD/Bulk),Configuration|Boundary Testing|Data Integrity / Consistency,,True,No,Windows,,2026-09-02,2026-09-03,,,,,,False,True,,ICICI Bank Duplicate services are getting created through Bulk import
PAMIT-43592,last-30-days,?,,Bug,Awaiting Response,In Progress,ShowStopper,ICICI Bank,ICICI Lombard,Password Vault,Password Vault,Session Recording & Audit Evidence,description,Session Recording & Audit Evidence|Password & Credential Lifecycle,Configuration|Logging / Monitoring|Boundary Testing,,False,Yes,Windows,,2026-09-02,2026-09-03,,,PAMIT-24364,,,True,True,Password,Unexpected SPC Trigger for ICICI Lombard
PAMIT-43598,last-30-days,?,,Task,Open,To Do,High,Canara Bank,Canara Bank,ACMO,ACMO|Report / Dashboard,Third-Party Tool & Platform Compatibility,title,Third-Party Tool & Platform Compatibility|Reporting & Scheduling,Third-Party Compatibility|Logging / Monitoring|UI / Browser Compatibility,,False,No,Windows,,2026-09-03,2026-09-03,,,,,,False,True,ACMO|report,"Canara Bank Active Services Report is not displaying ""Service Last Access On"" 29HF6- MySql"
PAMIT-43608,last-30-days,?,,Bug,Open,To Do,High,TTSL,TTSL,Connector,Connector,Authentication & Identity Integration,title,Authentication & Identity Integration,Authentication / Authorization|UI / Browser Compatibility,,False,No,Windows,,2026-09-03,2026-09-03,,,,,,True,True,,TTSL Delay Observed While Launching SSO in PAM
PAMIT-43610,last-30-days,?,,Bug,Open,To Do,High,CLOUD4C,CLOUD4C,Password Vault,Password Vault,Reporting & Scheduling,title,Reporting & Scheduling,Upgrade / Migration,,True,No,Windows,,2026-09-03,2026-09-03,35.8.29 HF11,,PAMIT-24364,,,True,True,,Cloud4C View password and Envelope shows empty field
